id,title,description,link,image_link,price,sale_price,category,availability,color,gender,mpn
w1,Silk Slip Dress,Effortlessly elegant bias-cut slip dress in pure silk charmeuse. Adjustable spaghetti straps and a delicate lace-trimmed hem.,http://localhost:8080/product/detail.html?id=w1,https://images.unsplash.com/photo-1515886657613-9f3515b0c78f?w=400&h=500&fit=crop&q=80,189.00,,Clothing > Women,out of stock,Black,Women,w0119b
w2,Linen Midi Dress,Relaxed midi-length dress in breathable European linen. Side pockets and a self-tie belt at the waist.,http://localhost:8080/product/detail.html?id=w2,https://images.unsplash.com/photo-1539109136881-3be0616acf4b?w=400&h=500&fit=crop&q=80,165.00,,Clothing > Women,in stock,White,Women,w0228w
w3,Wrap Dress,Classic wrap silhouette in matte jersey. Universally flattering with a fluid A-line skirt.,http://localhost:8080/product/detail.html?id=w3,https://images.unsplash.com/photo-1485968579580-b6d095142e6e?w=400&h=500&fit=crop&q=80,175.00,,Clothing > Women,in stock,Navy,Women,w0326n
w4,Maxi Shirt Dress,Floor-length shirt dress in cotton poplin. Button-through front with a cinched waist.,http://localhost:8080/product/detail.html?id=w4,https://images.unsplash.com/photo-1496747611176-843222e1e57c?w=400&h=500&fit=crop&q=80,195.00,,Clothing > Women,in stock,Beige,Women,w0420b
w5,Cocktail Dress,Sculptural cocktail dress in double-face crepe. Asymmetric neckline with a fitted bodice.,http://localhost:8080/product/detail.html?id=w5,https://images.unsplash.com/photo-1469334031218-e382a71b716b?w=400&h=500&fit=crop&q=80,285.00,,Clothing > Women,out of stock,Brown,Women,w0521b
w6,Floral Midi Dress,Romantic floral-print dress in viscose georgette. Tiered skirt with a smocked bodice.,http://localhost:8080/product/detail.html?id=w6,https://images.unsplash.com/photo-1554568218-0f1715e72254?w=400&h=500&fit=crop&q=80,155.00,,Clothing > Women,in stock,Grey,Women,w0624g
w7,Satin Slip Dress,Liquid satin slip dress with cowl neckline. Bias-cut for a body-skimming silhouette.,http://localhost:8080/product/detail.html?id=w7,https://images.unsplash.com/photo-1529139574466-a303027c1d8b?w=400&h=500&fit=crop&q=80,210.00,,Clothing > Women,in stock,Camel,Women,w0722c
w8,Knit Bodycon Dress,Ribbed knit dress that hugs every curve. Crew neck with long sleeves and midi length.,http://localhost:8080/product/detail.html?id=w8,https://images.unsplash.com/photo-1548036328-c9fa89d128fa?w=400&h=500&fit=crop&q=80,145.00,,Clothing > Women,in stock,Ivory,Women,w0825i
w9,Tiered Maxi Dress,Flowing tiered maxi in printed cotton voile. Adjustable tie straps and a shirred back.,http://localhost:8080/product/detail.html?id=w9,https://images.unsplash.com/photo-1515886657613-9f3515b0c78f?w=400&h=500&fit=crop&q=80,185.00,,Clothing > Women,out of stock,Red,Women,w0927r
w10,Blazer Dress,Sharp double-breasted blazer dress with peak lapels. A power piece for day or evening.,http://localhost:8080/product/detail.html?id=w10,https://images.unsplash.com/photo-1539109136881-3be0616acf4b?w=400&h=500&fit=crop&q=80,225.00,,Clothing > Women,in stock,Green,Women,w1023g
w11,Pleated Shirt Dress,Cotton shirt dress with permanent knife pleats below the waist. Cuffed three-quarter sleeves.,http://localhost:8080/product/detail.html?id=w11,https://images.unsplash.com/photo-1485968579580-b6d095142e6e?w=400&h=500&fit=crop&q=80,175.00,,Clothing > Women,in stock,Black,Women,w1119b
w12,Off-Shoulder Dress,Romantic off-shoulder dress in cotton poplin. Puffed sleeves with an elasticated neckline.,http://localhost:8080/product/detail.html?id=w12,https://images.unsplash.com/photo-1496747611176-843222e1e57c?w=400&h=500&fit=crop&q=80,165.00,,Clothing > Women,in stock,White,Women,w1228w
w13,Velvet Mini Dress,Luxurious velvet mini dress with a square neckline. Perfect for evening occasions.,http://localhost:8080/product/detail.html?id=w13,https://images.unsplash.com/photo-1469334031218-e382a71b716b?w=400&h=500&fit=crop&q=80,195.00,,Clothing > Women,out of stock,Navy,Women,w1326n
w14,Tweed Shift Dress,Structured shift dress in Italian bouclé tweed. Fringe trim at hem and pockets.,http://localhost:8080/product/detail.html?id=w14,https://images.unsplash.com/photo-1554568218-0f1715e72254?w=400&h=500&fit=crop&q=80,235.00,,Clothing > Women,in stock,Beige,Women,w1420b
w15,Jersey Wrap Dress,Easy-care matte jersey wrap dress. Perfect from desk to dinner with a simple belt change.,http://localhost:8080/product/detail.html?id=w15,https://images.unsplash.com/photo-1529139574466-a303027c1d8b?w=400&h=500&fit=crop&q=80,125.00,,Clothing > Women,in stock,Brown,Women,w1521b
w16,Embroidered Maxi Dress,Hand-embroidered maxi dress in organic cotton. Intricate floral motifs along the bodice.,http://localhost:8080/product/detail.html?id=w16,https://images.unsplash.com/photo-1548036328-c9fa89d128fa?w=400&h=500&fit=crop&q=80,265.00,,Clothing > Women,in stock,Grey,Women,w1624g
w17,Denim Shirt Dress,Soft-washed denim dress with a relaxed fit. Roll-tab sleeves and chest pockets.,http://localhost:8080/product/detail.html?id=w17,https://images.unsplash.com/photo-1515886657613-9f3515b0c78f?w=400&h=500&fit=crop&q=80,135.00,,Clothing > Women,out of stock,Camel,Women,w1722c
w18,Sequin Mini Dress,All-over sequin mini dress for statement evenings. Lined in silk with a concealed back zip.,http://localhost:8080/product/detail.html?id=w18,https://images.unsplash.com/photo-1539109136881-3be0616acf4b?w=400&h=500&fit=crop&q=80,295.00,,Clothing > Women,in stock,Ivory,Women,w1825i
w19,Cable Knit Dress,Chunky cable-knit sweater dress in merino wool. Relaxed fit falling just above the knee.,http://localhost:8080/product/detail.html?id=w19,https://images.unsplash.com/photo-1485968579580-b6d095142e6e?w=400&h=500&fit=crop&q=80,165.00,,Clothing > Women,in stock,Red,Women,w1927r
w20,Pinafore Dress,Layering-ready pinafore in sturdy cotton twill. Square neckline with adjustable straps.,http://localhost:8080/product/detail.html?id=w20,https://images.unsplash.com/photo-1496747611176-843222e1e57c?w=400&h=500&fit=crop&q=80,115.00,,Clothing > Women,in stock,Green,Women,w2023g
w21,Halter Neck Dress,Elegant halter-neck dress in fluid crepe. Open back with a tie closure at the nape.,http://localhost:8080/product/detail.html?id=w21,https://images.unsplash.com/photo-1469334031218-e382a71b716b?w=400&h=500&fit=crop&q=80,185.00,,Clothing > Women,out of stock,Black,Women,w2119b
w22,Smocked Sundress,Breezy cotton sundress with all-over smocking at the bodice. Adjustable spaghetti straps.,http://localhost:8080/product/detail.html?id=w22,https://images.unsplash.com/photo-1554568218-0f1715e72254?w=400&h=500&fit=crop&q=80,95.00,,Clothing > Women,in stock,White,Women,w2228w
w23,Ruched Bodycon Dress,Mesh-lined ruched dress with a flattering gathered front. Long sleeves and midi length.,http://localhost:8080/product/detail.html?id=w23,https://images.unsplash.com/photo-1529139574466-a303027c1d8b?w=400&h=500&fit=crop&q=80,155.00,,Clothing > Women,in stock,Navy,Women,w2326n
w24,A-Line Wool Dress,Timeless A-line dress in Italian virgin wool. Darted bust and a concealed back zip.,http://localhost:8080/product/detail.html?id=w24,https://images.unsplash.com/photo-1548036328-c9fa89d128fa?w=400&h=500&fit=crop&q=80,210.00,,Clothing > Women,in stock,Beige,Women,w2420b
w25,Tulle Midi Dress,Layered tulle midi skirt with a fitted jersey bodice. An ethereal piece for special moments.,http://localhost:8080/product/detail.html?id=w25,https://images.unsplash.com/photo-1515886657613-9f3515b0c78f?w=400&h=500&fit=crop&q=80,245.00,,Clothing > Women,out of stock,Brown,Women,w2521b
w26,Lace Cocktail Dress,French lace cocktail dress with scalloped edges. Nude lining creates an illusion effect.,http://localhost:8080/product/detail.html?id=w26,https://images.unsplash.com/photo-1539109136881-3be0616acf4b?w=400&h=500&fit=crop&q=80,275.00,,Clothing > Women,in stock,Grey,Women,w2624g
w27,Cutout Midi Dress,Modern midi dress with strategic cutout details at the waist. Architectural and feminine.,http://localhost:8080/product/detail.html?id=w27,https://images.unsplash.com/photo-1485968579580-b6d095142e6e?w=400&h=500&fit=crop&q=80,185.00,,Clothing > Women,in stock,Camel,Women,w2722c
w28,Puff Sleeve Dress,Cotton dress with dramatic puff sleeves. Square neckline and a fitted bodice with full skirt.,http://localhost:8080/product/detail.html?id=w28,https://images.unsplash.com/photo-1496747611176-843222e1e57c?w=400&h=500&fit=crop&q=80,155.00,,Clothing > Women,in stock,Ivory,Women,w2825i
w29,Crochet Beach Dress,Hand-crocheted cotton dress for resort days. Open-weave pattern with a relaxed silhouette.,http://localhost:8080/product/detail.html?id=w29,https://images.unsplash.com/photo-1469334031218-e382a71b716b?w=400&h=500&fit=crop&q=80,125.00,,Clothing > Women,out of stock,Red,Women,w2927r
w30,Column Dress,Minimalist column dress in heavyweight jersey. Clean lines from shoulder to ankle.,http://localhost:8080/product/detail.html?id=w30,https://images.unsplash.com/photo-1554568218-0f1715e72254?w=400&h=500&fit=crop&q=80,195.00,,Clothing > Women,in stock,Green,Women,w3023g
w31,Corset Dress,Structured corset-bodice dress with boning detail. Attached full skirt in cotton sateen.,http://localhost:8080/product/detail.html?id=w31,https://images.unsplash.com/photo-1529139574466-a303027c1d8b?w=400&h=500&fit=crop&q=80,215.00,,Clothing > Women,in stock,Black,Women,w3119b
w32,Bandage Dress,Figure-sculpting bandage dress with strategically placed panels. Concealed back zipper.,http://localhost:8080/product/detail.html?id=w32,https://images.unsplash.com/photo-1548036328-c9fa89d128fa?w=400&h=500&fit=crop&q=80,175.00,,Clothing > Women,in stock,White,Women,w3228w
w33,Kaftan Dress,"Flowing silk-blend kaftan with metallic embroidery. One size, endlessly versatile.",http://localhost:8080/product/detail.html?id=w33,https://images.unsplash.com/photo-1515886657613-9f3515b0c78f?w=400&h=500&fit=crop&q=80,145.00,,Clothing > Women,out of stock,Navy,Women,w3326n
w34,Tuxedo Dress,"Sharp tuxedo-inspired dress with satin lapels. Peak lapel, single-button closure.",http://localhost:8080/product/detail.html?id=w34,https://images.unsplash.com/photo-1539109136881-3be0616acf4b?w=400&h=500&fit=crop&q=80,255.00,,Clothing > Women,in stock,Beige,Women,w3420b
w35,Asymmetric Hem Dress,Modern dress with a dramatic asymmetric hemline. One-shoulder design in ponte jersey.,http://localhost:8080/product/detail.html?id=w35,https://images.unsplash.com/photo-1485968579580-b6d095142e6e?w=400&h=500&fit=crop&q=80,175.00,,Clothing > Women,in stock,Brown,Women,w3521b
w36,Poplin Bubble Dress,Architectural bubble-hem dress in crisp cotton poplin. Playful volume with clean lines.,http://localhost:8080/product/detail.html?id=w36,https://images.unsplash.com/photo-1496747611176-843222e1e57c?w=400&h=500&fit=crop&q=80,135.00,,Clothing > Women,in stock,Grey,Women,w3624g
w37,Leather Mini Dress,Butter-soft lambskin leather mini dress. A-line cut with a concealed back zip.,http://localhost:8080/product/detail.html?id=w37,https://images.unsplash.com/photo-1469334031218-e382a71b716b?w=400&h=500&fit=crop&q=80,345.00,,Clothing > Women,out of stock,Camel,Women,w3722c
w38,Striped Midi Dress,Breton-striped midi in organic cotton jersey. Boat neck with three-quarter sleeves.,http://localhost:8080/product/detail.html?id=w38,https://images.unsplash.com/photo-1554568218-0f1715e72254?w=400&h=500&fit=crop&q=80,145.00,,Clothing > Women,in stock,Ivory,Women,w3825i
w39,Shirt Midi Dress,Polished shirt dress in stretch cotton. Perfect for the office with sneakers or heels.,http://localhost:8080/product/detail.html?id=w39,https://images.unsplash.com/photo-1529139574466-a303027c1d8b?w=400&h=500&fit=crop&q=80,155.00,,Clothing > Women,in stock,Red,Women,w3927r
w40,Plissé Maxi Dress,Micro-plissé maxi dress in recycled polyester. Shimmering metallic finish for evening.,http://localhost:8080/product/detail.html?id=w40,https://images.unsplash.com/photo-1548036328-c9fa89d128fa?w=400&h=500&fit=crop&q=80,225.00,,Clothing > Women,in stock,Green,Women,w4023g
w41,Silk Wrap Blouse,Feminine wrap blouse in silk georgette. Self-tie waist detail and fluted sleeves.,http://localhost:8080/product/detail.html?id=w41,https://images.unsplash.com/photo-1515886657613-9f3515b0c78f?w=400&h=500&fit=crop&q=80,98.00,,Clothing > Women,out of stock,Black,Women,w4119b
w42,Cashmere Turtleneck,"Grade-A Mongolian cashmere turtleneck. Ribbed cuffs, hem, and collar.",http://localhost:8080/product/detail.html?id=w42,https://images.unsplash.com/photo-1539109136881-3be0616acf4b?w=400&h=500&fit=crop&q=80,220.00,,Clothing > Women,in stock,White,Women,w4228w
w43,Linen Camp Shirt,Relaxed camp-collar shirt in washed linen. Chest pocket and a boxy fit.,http://localhost:8080/product/detail.html?id=w43,https://images.unsplash.com/photo-1485968579580-b6d095142e6e?w=400&h=500&fit=crop&q=80,85.00,,Clothing > Women,in stock,Navy,Women,w4326n
w44,Silk Camisole,Delicate silk charmeuse camisole with lace trim. Adjustable straps for the perfect fit.,http://localhost:8080/product/detail.html?id=w44,https://images.unsplash.com/photo-1496747611176-843222e1e57c?w=400&h=500&fit=crop&q=80,75.00,,Clothing > Women,in stock,Beige,Women,w4420b
w45,Oversized Cotton Shirt,Crisp oversized cotton shirt with French seams. A layering essential in pure white.,http://localhost:8080/product/detail.html?id=w45,https://images.unsplash.com/photo-1469334031218-e382a71b716b?w=400&h=500&fit=crop&q=80,95.00,,Clothing > Women,out of stock,Brown,Women,w4521b
w46,Pussy-Bow Blouse,Elegant pussy-bow blouse in printed silk twill. A statement piece that elevates any look.,http://localhost:8080/product/detail.html?id=w46,https://images.unsplash.com/photo-1554568218-0f1715e72254?w=400&h=500&fit=crop&q=80,125.00,,Clothing > Women,in stock,Grey,Women,w4624g
w47,Cropped Knit Top,Fitted cropped knit in soft cotton-cashmere blend. Ribbed trim at the neckline.,http://localhost:8080/product/detail.html?id=w47,https://images.unsplash.com/photo-1529139574466-a303027c1d8b?w=400&h=500&fit=crop&q=80,85.00,,Clothing > Women,in stock,Camel,Women,w4722c
w48,Draped Jersey Top,Fluid jersey top with an artful cowl neckline. Easy elegance for everyday.,http://localhost:8080/product/detail.html?id=w48,https://images.unsplash.com/photo-1548036328-c9fa89d128fa?w=400&h=500&fit=crop&q=80,65.00,,Clothing > Women,in stock,Ivory,Women,w4825i
w49,Peplum Top,Structured peplum top in stretch crepe. Nips in at the waist with a flared hem.,http://localhost:8080/product/detail.html?id=w49,https://images.unsplash.com/photo-1515886657613-9f3515b0c78f?w=400&h=500&fit=crop&q=80,95.00,,Clothing > Women,out of stock,Red,Women,w4927r
w50,Lace Trim Camisole,Satin camisole with French Chantilly lace at the neckline. Layer or wear alone.,http://localhost:8080/product/detail.html?id=w50,https://images.unsplash.com/photo-1539109136881-3be0616acf4b?w=400&h=500&fit=crop&q=80,85.00,,Clothing > Women,in stock,Green,Women,w5023g
w51,Breton Stripe Top,Classic Breton stripe in organic cotton. Boat neck with long sleeves.,http://localhost:8080/product/detail.html?id=w51,https://images.unsplash.com/photo-1485968579580-b6d095142e6e?w=400&h=500&fit=crop&q=80,55.00,,Clothing > Women,in stock,Black,Women,w5119b
w52,One-Shoulder Top,Asymmetric one-shoulder top in ribbed jersey. A modern staple with a sculptural feel.,http://localhost:8080/product/detail.html?id=w52,https://images.unsplash.com/photo-1496747611176-843222e1e57c?w=400&h=500&fit=crop&q=80,75.00,,Clothing > Women,in stock,White,Women,w5228w
w53,Organza Blouse,Sheer organza blouse with tonal embroidery. Balloon sleeves and a stand collar.,http://localhost:8080/product/detail.html?id=w53,https://images.unsplash.com/photo-1469334031218-e382a71b716b?w=400&h=500&fit=crop&q=80,115.00,,Clothing > Women,out of stock,Navy,Women,w5326n
w54,Fitted Rib Tank,Essential ribbed tank in organic cotton. Fitted silhouette with a scoop neck.,http://localhost:8080/product/detail.html?id=w54,https://images.unsplash.com/photo-1554568218-0f1715e72254?w=400&h=500&fit=crop&q=80,45.00,,Clothing > Women,in stock,Beige,Women,w5420b
w55,Ruffle Front Blouse,Romantic ruffle-front blouse in lightweight cotton voile. Feminine and effortless.,http://localhost:8080/product/detail.html?id=w55,https://images.unsplash.com/photo-1529139574466-a303027c1d8b?w=400&h=500&fit=crop&q=80,105.00,,Clothing > Women,in stock,Brown,Women,w5521b
w56,Silk Shirt,Classic silk crepe de chine shirt. French cuffs and mother-of-pearl buttons.,http://localhost:8080/product/detail.html?id=w56,https://images.unsplash.com/photo-1548036328-c9fa89d128fa?w=400&h=500&fit=crop&q=80,135.00,,Clothing > Women,in stock,Grey,Women,w5624g
w57,Bardot Top,Off-shoulder bardot top in stretch jersey. Elasticated neckline sits perfectly.,http://localhost:8080/product/detail.html?id=w57,https://images.unsplash.com/photo-1515886657613-9f3515b0c78f?w=400&h=500&fit=crop&q=80,65.00,,Clothing > Women,out of stock,Camel,Women,w5722c
w58,Printed Blouse,Vibrant printed blouse in sustainable viscose. Relaxed fit with covered buttons.,http://localhost:8080/product/detail.html?id=w58,https://images.unsplash.com/photo-1539109136881-3be0616acf4b?w=400&h=500&fit=crop&q=80,95.00,,Clothing > Women,in stock,Ivory,Women,w5825i
w59,Cashmere V-Neck,Fine-gauge cashmere V-neck in a relaxed fit. The everyday luxury essential.,http://localhost:8080/product/detail.html?id=w59,https://images.unsplash.com/photo-1485968579580-b6d095142e6e?w=400&h=500&fit=crop&q=80,195.00,,Clothing > Women,in stock,Red,Women,w5927r
w60,Cotton Poplin Blouse,Crisp poplin blouse with a Peter Pan collar. Back button closure and puff sleeves.,http://localhost:8080/product/detail.html?id=w60,https://images.unsplash.com/photo-1496747611176-843222e1e57c?w=400&h=500&fit=crop&q=80,85.00,,Clothing > Women,in stock,Green,Women,w6023g
w61,Mesh Long Sleeve Top,Sheer mesh top for layering. Fitted with a crew neck and thumb holes.,http://localhost:8080/product/detail.html?id=w61,https://images.unsplash.com/photo-1469334031218-e382a71b716b?w=400&h=500&fit=crop&q=80,55.00,,Clothing > Women,out of stock,Black,Women,w6119b
w62,Tie-Front Crop Top,Playful tie-front crop top in cotton jersey. Adjustable for your preferred fit.,http://localhost:8080/product/detail.html?id=w62,https://images.unsplash.com/photo-1554568218-0f1715e72254?w=400&h=500&fit=crop&q=80,65.00,,Clothing > Women,in stock,White,Women,w6228w
w63,Turtleneck Bodysuit,Sleek turtleneck bodysuit in stretch modal. Snap closure for a seamless tuck.,http://localhost:8080/product/detail.html?id=w63,https://images.unsplash.com/photo-1529139574466-a303027c1d8b?w=400&h=500&fit=crop&q=80,75.00,,Clothing > Women,in stock,Navy,Women,w6326n
w64,Embellished Blouse,Evening blouse with crystal embellishments. Sheer georgette with a camisole lining.,http://localhost:8080/product/detail.html?id=w64,https://images.unsplash.com/photo-1548036328-c9fa89d128fa?w=400&h=500&fit=crop&q=80,155.00,,Clothing > Women,in stock,Beige,Women,w6420b
w65,Denim Western Shirt,Snap-front western shirt in soft-washed denim. Pearl snap buttons and pointed yoke.,http://localhost:8080/product/detail.html?id=w65,https://images.unsplash.com/photo-1515886657613-9f3515b0c78f?w=400&h=500&fit=crop&q=80,95.00,,Clothing > Women,out of stock,Brown,Women,w6521b
w66,Ribbed Tank Top,Essential ribbed tank in organic cotton. Scoop neck with a slim fit.,http://localhost:8080/product/detail.html?id=w66,https://images.unsplash.com/photo-1539109136881-3be0616acf4b?w=400&h=500&fit=crop&q=80,45.00,,Clothing > Women,in stock,Grey,Women,w6624g
w67,Shoulder-Pad Top,Structured T-shirt with padded shoulders. A power silhouette in cotton jersey.,http://localhost:8080/product/detail.html?id=w67,https://images.unsplash.com/photo-1485968579580-b6d095142e6e?w=400&h=500&fit=crop&q=80,75.00,,Clothing > Women,in stock,Camel,Women,w6722c
w68,Balloon-Sleeve Blouse,Voluminous balloon sleeves in cotton voile. Button-front with a cropped length.,http://localhost:8080/product/detail.html?id=w68,https://images.unsplash.com/photo-1496747611176-843222e1e57c?w=400&h=500&fit=crop&q=80,105.00,,Clothing > Women,in stock,Ivory,Women,w6825i
w69,Asymmetric Top,One-side draped top in stretch jersey. Architectural cut for visual interest.,http://localhost:8080/product/detail.html?id=w69,https://images.unsplash.com/photo-1469334031218-e382a71b716b?w=400&h=500&fit=crop&q=80,85.00,,Clothing > Women,out of stock,Red,Women,w6927r
w70,Henley Top,Waffle-knit Henley in cotton. Three-button placket with a relaxed fit.,http://localhost:8080/product/detail.html?id=w70,https://images.unsplash.com/photo-1554568218-0f1715e72254?w=400&h=500&fit=crop&q=80,55.00,,Clothing > Women,in stock,Green,Women,w7023g
w71,Sequin Top,All-over sequin top with a boat neckline. Party-ready in seconds.,http://localhost:8080/product/detail.html?id=w71,https://images.unsplash.com/photo-1529139574466-a303027c1d8b?w=400&h=500&fit=crop&q=80,145.00,,Clothing > Women,in stock,Black,Women,w7119b
w72,Chambray Shirt,Soft chambray shirt with a relaxed fit. Roll-tab sleeves and chest pocket.,http://localhost:8080/product/detail.html?id=w72,https://images.unsplash.com/photo-1548036328-c9fa89d128fa?w=400&h=500&fit=crop&q=80,85.00,,Clothing > Women,in stock,White,Women,w7228w
w73,Corset Top,Structured corset top in stretch cotton. Boning detail with a sweetheart neckline.,http://localhost:8080/product/detail.html?id=w73,https://images.unsplash.com/photo-1515886657613-9f3515b0c78f?w=400&h=500&fit=crop&q=80,115.00,,Clothing > Women,out of stock,Navy,Women,w7326n
w74,Satin Blouse,Liquid satin blouse with a pussy-bow tie. Lustrous finish for evening.,http://localhost:8080/product/detail.html?id=w74,https://images.unsplash.com/photo-1539109136881-3be0616acf4b?w=400&h=500&fit=crop&q=80,105.00,,Clothing > Women,in stock,Beige,Women,w7420b
w75,Graphic Tee,Organic cotton tee with original artwork. Relaxed fit with a vintage wash.,http://localhost:8080/product/detail.html?id=w75,https://images.unsplash.com/photo-1485968579580-b6d095142e6e?w=400&h=500&fit=crop&q=80,45.00,,Clothing > Women,in stock,Brown,Women,w7521b
w76,Wide-Leg Trousers,High-waisted wide-leg trousers in Italian crepe. A wardrobe essential.,http://localhost:8080/product/detail.html?id=w76,https://images.unsplash.com/photo-1496747611176-843222e1e57c?w=400&h=500&fit=crop&q=80,165.00,,Clothing > Women,in stock,Grey,Women,w7624g
w77,Pleated Midi Skirt,Fluid pleated midi skirt in satin-back crepe. Elasticated waistband for comfort.,http://localhost:8080/product/detail.html?id=w77,https://images.unsplash.com/photo-1469334031218-e382a71b716b?w=400&h=500&fit=crop&q=80,145.00,,Clothing > Women,out of stock,Camel,Women,w7722c
w78,Tailored Wool Trousers,Slim-fit tailored trousers in Super 100s wool. Pressed crease and side zip.,http://localhost:8080/product/detail.html?id=w78,https://images.unsplash.com/photo-1554568218-0f1715e72254?w=400&h=500&fit=crop&q=80,195.00,,Clothing > Women,in stock,Ivory,Women,w7825i
w79,Leather Trousers,Straight-leg trousers in butter-soft lambskin. A modern wardrobe investment.,http://localhost:8080/product/detail.html?id=w79,https://images.unsplash.com/photo-1529139574466-a303027c1d8b?w=400&h=500&fit=crop&q=80,295.00,,Clothing > Women,in stock,Red,Women,w7927r
w80,Satin Midi Skirt,Bias-cut satin midi skirt that drapes beautifully. Elasticated waist in the back.,http://localhost:8080/product/detail.html?id=w80,https://images.unsplash.com/photo-1548036328-c9fa89d128fa?w=400&h=500&fit=crop&q=80,125.00,,Clothing > Women,in stock,Green,Women,w8023g
w81,High-Waist Jeans,Classic straight-leg jeans in Japanese selvedge denim. High waist with a button fly.,http://localhost:8080/product/detail.html?id=w81,https://images.unsplash.com/photo-1515886657613-9f3515b0c78f?w=400&h=500&fit=crop&q=80,135.00,,Clothing > Women,out of stock,Black,Women,w8119b
w82,Palazzo Pants,Ultra-wide palazzo pants in fluid viscose. Elasticated waist with a dramatic silhouette.,http://localhost:8080/product/detail.html?id=w82,https://images.unsplash.com/photo-1539109136881-3be0616acf4b?w=400&h=500&fit=crop&q=80,155.00,,Clothing > Women,in stock,White,Women,w8228w
w83,Pencil Skirt,Tailored pencil skirt in stretch wool. Back vent and a concealed zip closure.,http://localhost:8080/product/detail.html?id=w83,https://images.unsplash.com/photo-1485968579580-b6d095142e6e?w=400&h=500&fit=crop&q=80,115.00,,Clothing > Women,in stock,Navy,Women,w8326n
w84,Cargo Trousers,Relaxed cargo trousers in washed cotton twill. Multiple pockets with a tapered leg.,http://localhost:8080/product/detail.html?id=w84,https://images.unsplash.com/photo-1496747611176-843222e1e57c?w=400&h=500&fit=crop&q=80,125.00,,Clothing > Women,in stock,Beige,Women,w8420b
w85,Wrap Skirt,Linen-blend wrap skirt with an asymmetric hem. Tie waist for an adjustable fit.,http://localhost:8080/product/detail.html?id=w85,https://images.unsplash.com/photo-1469334031218-e382a71b716b?w=400&h=500&fit=crop&q=80,105.00,,Clothing > Women,out of stock,Brown,Women,w8521b
w86,Culottes,Cropped wide-leg culottes in Japanese cotton. Pressed front creases for polish.,http://localhost:8080/product/detail.html?id=w86,https://images.unsplash.com/photo-1554568218-0f1715e72254?w=400&h=500&fit=crop&q=80,115.00,,Clothing > Women,in stock,Grey,Women,w8624g
w87,Flared Jeans,High-rise flared jeans in dark indigo wash. Vintage-inspired with a modern stretch.,http://localhost:8080/product/detail.html?id=w87,https://images.unsplash.com/photo-1529139574466-a303027c1d8b?w=400&h=500&fit=crop&q=80,145.00,,Clothing > Women,in stock,Camel,Women,w8722c
w88,Leather Mini Skirt,A-line mini skirt in smooth calfskin leather. Concealed back zip with full lining.,http://localhost:8080/product/detail.html?id=w88,https://images.unsplash.com/photo-1548036328-c9fa89d128fa?w=400&h=500&fit=crop&q=80,195.00,,Clothing > Women,in stock,Ivory,Women,w8825i
w89,Linen Trousers,Relaxed-fit trousers in stonewashed European linen. Drawstring waist and side pockets.,http://localhost:8080/product/detail.html?id=w89,https://images.unsplash.com/photo-1515886657613-9f3515b0c78f?w=400&h=500&fit=crop&q=80,125.00,,Clothing > Women,out of stock,Red,Women,w8927r
w90,Sequin Midi Skirt,All-over sequin midi skirt with an elasticated waist. The ultimate party piece.,http://localhost:8080/product/detail.html?id=w90,https://images.unsplash.com/photo-1539109136881-3be0616acf4b?w=400&h=500&fit=crop&q=80,185.00,,Clothing > Women,in stock,Green,Women,w9023g
w91,Bermuda Shorts,Tailored Bermuda shorts in cotton-linen blend. Pressed crease with belt loops.,http://localhost:8080/product/detail.html?id=w91,https://images.unsplash.com/photo-1485968579580-b6d095142e6e?w=400&h=500&fit=crop&q=80,85.00,,Clothing > Women,in stock,Black,Women,w9119b
w92,Silk Palazzo Pants,Flowing palazzo pants in washed silk. Ultra-wide leg with an elasticated waist.,http://localhost:8080/product/detail.html?id=w92,https://images.unsplash.com/photo-1496747611176-843222e1e57c?w=400&h=500&fit=crop&q=80,215.00,,Clothing > Women,in stock,White,Women,w9228w
w93,Corduroy Trousers,Wide-wale corduroy trousers with a high waist. Vintage-inspired straight leg.,http://localhost:8080/product/detail.html?id=w93,https://images.unsplash.com/photo-1469334031218-e382a71b716b?w=400&h=500&fit=crop&q=80,115.00,,Clothing > Women,out of stock,Navy,Women,w9326n
w94,Pleated Wool Trousers,Front-pleated trousers in flannel wool. Relaxed through the hip with a tapered leg.,http://localhost:8080/product/detail.html?id=w94,https://images.unsplash.com/photo-1554568218-0f1715e72254?w=400&h=500&fit=crop&q=80,175.00,,Clothing > Women,in stock,Beige,Women,w9420b
w95,Denim Mini Skirt,Classic denim mini skirt with raw edges. Five-pocket styling in medium wash.,http://localhost:8080/product/detail.html?id=w95,https://images.unsplash.com/photo-1529139574466-a303027c1d8b?w=400&h=500&fit=crop&q=80,75.00,,Clothing > Women,in stock,Brown,Women,w9521b
w96,Track Pants,Elevated track pants in technical jersey. Side stripe detail with an elasticated waist.,http://localhost:8080/product/detail.html?id=w96,https://images.unsplash.com/photo-1548036328-c9fa89d128fa?w=400&h=500&fit=crop&q=80,95.00,,Clothing > Women,in stock,Grey,Women,w9624g
w97,Paper Bag Waist Trousers,Gathered paper-bag waist trousers in cotton twill. Self-tie belt with tapered legs.,http://localhost:8080/product/detail.html?id=w97,https://images.unsplash.com/photo-1515886657613-9f3515b0c78f?w=400&h=500&fit=crop&q=80,125.00,,Clothing > Women,out of stock,Camel,Women,w9722c
w98,Leather Shorts,Tailored shorts in butter-soft nappa leather. High waist with front pleats.,http://localhost:8080/product/detail.html?id=w98,https://images.unsplash.com/photo-1539109136881-3be0616acf4b?w=400&h=500&fit=crop&q=80,195.00,,Clothing > Women,in stock,Ivory,Women,w9825i
w99,Silk Slip Skirt,Bias-cut silk charmeuse slip skirt. Elasticated waist with a fluid midi length.,http://localhost:8080/product/detail.html?id=w99,https://images.unsplash.com/photo-1485968579580-b6d095142e6e?w=400&h=500&fit=crop&q=80,135.00,,Clothing > Women,in stock,Red,Women,w9927r
w100,Jogger Pants,Premium cotton-blend joggers with ribbed cuffs. Elevated casual for weekends.,http://localhost:8080/product/detail.html?id=w100,https://images.unsplash.com/photo-1496747611176-843222e1e57c?w=400&h=500&fit=crop&q=80,85.00,,Clothing > Women,in stock,Green,Women,w10023g
w101,Tailored Coat,Double-breasted coat in wool-cashmere blend. Structured shoulders and a flattering silhouette.,http://localhost:8080/product/detail.html?id=w101,https://images.unsplash.com/photo-1469334031218-e382a71b716b?w=400&h=500&fit=crop&q=80,395.00,,Clothing > Women,out of stock,Black,Women,w10119b
w102,Trench Coat,Classic double-breasted trench in water-resistant cotton gabardine. Storm flap and epaulettes.,http://localhost:8080/product/detail.html?id=w102,https://images.unsplash.com/photo-1554568218-0f1715e72254?w=400&h=500&fit=crop&q=80,345.00,,Clothing > Women,in stock,White,Women,w10228w
w103,Leather Biker Jacket,Cropped biker jacket in lambskin leather. Asymmetric zip with quilted lining.,http://localhost:8080/product/detail.html?id=w103,https://images.unsplash.com/photo-1529139574466-a303027c1d8b?w=400&h=500&fit=crop&q=80,385.00,,Clothing > Women,in stock,Navy,Women,w10326n
w104,Linen Blazer,Relaxed-fit blazer in stonewashed linen. Single-button closure and patch pockets.,http://localhost:8080/product/detail.html?id=w104,https://images.unsplash.com/photo-1548036328-c9fa89d128fa?w=400&h=500&fit=crop&q=80,245.00,,Clothing > Women,in stock,Beige,Women,w10420b
w105,Wool Cape,Dramatic wool cape with arm slits. Oversized collar and toggle closure.,http://localhost:8080/product/detail.html?id=w105,https://images.unsplash.com/photo-1515886657613-9f3515b0c78f?w=400&h=500&fit=crop&q=80,275.00,,Clothing > Women,out of stock,Brown,Women,w10521b
w106,Puffer Jacket,Lightweight down puffer jacket with a high collar. Packable design for travel.,http://localhost:8080/product/detail.html?id=w106,https://images.unsplash.com/photo-1539109136881-3be0616acf4b?w=400&h=500&fit=crop&q=80,225.00,,Clothing > Women,in stock,Grey,Women,w10624g
w107,Suede Jacket,Cropped jacket in butter-soft goat suede. Snap-front closure with side pockets.,http://localhost:8080/product/detail.html?id=w107,https://images.unsplash.com/photo-1485968579580-b6d095142e6e?w=400&h=500&fit=crop&q=80,315.00,,Clothing > Women,in stock,Camel,Women,w10722c
w108,Denim Jacket,Classic denim trucker jacket in rigid selvedge. Vintage-inspired with brass buttons.,http://localhost:8080/product/detail.html?id=w108,https://images.unsplash.com/photo-1496747611176-843222e1e57c?w=400&h=500&fit=crop&q=80,145.00,,Clothing > Women,in stock,Ivory,Women,w10825i
w109,Bouclé Jacket,Collarless bouclé jacket with fringe trim. Gold-tone buttons and patch pockets.,http://localhost:8080/product/detail.html?id=w109,https://images.unsplash.com/photo-1469334031218-e382a71b716b?w=400&h=500&fit=crop&q=80,285.00,,Clothing > Women,out of stock,Red,Women,w10927r
w110,Rain Coat,Hooded rain coat in coated cotton. A-line silhouette with hidden snap closure.,http://localhost:8080/product/detail.html?id=w110,https://images.unsplash.com/photo-1554568218-0f1715e72254?w=400&h=500&fit=crop&q=80,195.00,,Clothing > Women,in stock,Green,Women,w11023g
w111,Shearling Coat,"Genuine shearling coat with a shawl collar. Warm, luxurious, and effortlessly cool.",http://localhost:8080/product/detail.html?id=w111,https://images.unsplash.com/photo-1529139574466-a303027c1d8b?w=400&h=500&fit=crop&q=80,485.00,,Clothing > Women,in stock,Black,Women,w11119b
w112,Quilted Jacket,Diamond-quilted jacket with corduroy collar. Lightweight insulation for between-season days.,http://localhost:8080/product/detail.html?id=w112,https://images.unsplash.com/photo-1548036328-c9fa89d128fa?w=400&h=500&fit=crop&q=80,175.00,,Clothing > Women,in stock,White,Women,w11228w
w113,Velvet Blazer,Slim-fit blazer in cotton velvet. Peak lapels and satin-lined sleeves.,http://localhost:8080/product/detail.html?id=w113,https://images.unsplash.com/photo-1515886657613-9f3515b0c78f?w=400&h=500&fit=crop&q=80,225.00,,Clothing > Women,out of stock,Navy,Women,w11326n
w114,Cocoon Coat,Oversized cocoon-shape coat in double-face wool. Dropped shoulders with hidden buttons.,http://localhost:8080/product/detail.html?id=w114,https://images.unsplash.com/photo-1539109136881-3be0616acf4b?w=400&h=500&fit=crop&q=80,355.00,,Clothing > Women,in stock,Beige,Women,w11420b
w115,Cropped Bomber Jacket,Cropped satin bomber with ribbed trim. Zip front with side slit pockets.,http://localhost:8080/product/detail.html?id=w115,https://images.unsplash.com/photo-1485968579580-b6d095142e6e?w=400&h=500&fit=crop&q=80,165.00,,Clothing > Women,in stock,Brown,Women,w11521b
w116,Tweed Blazer,Single-breasted tweed blazer in a heritage check. Elbow patches and horn buttons.,http://localhost:8080/product/detail.html?id=w116,https://images.unsplash.com/photo-1496747611176-843222e1e57c?w=400&h=500&fit=crop&q=80,265.00,,Clothing > Women,in stock,Grey,Women,w11624g
w117,Parka,Hooded parka with faux-fur trim. Water-resistant shell with a warm padded lining.,http://localhost:8080/product/detail.html?id=w117,https://images.unsplash.com/photo-1469334031218-e382a71b716b?w=400&h=500&fit=crop&q=80,275.00,,Clothing > Women,out of stock,Camel,Women,w11722c
w118,Cape Coat,Elegant cape coat in double-face cashmere-blend. Single-button closure at the neck.,http://localhost:8080/product/detail.html?id=w118,https://images.unsplash.com/photo-1554568218-0f1715e72254?w=400&h=500&fit=crop&q=80,325.00,,Clothing > Women,in stock,Ivory,Women,w11825i
w119,Oversized Blazer,Borrowed-from-the-boys oversized blazer. Relaxed fit in herringbone wool.,http://localhost:8080/product/detail.html?id=w119,https://images.unsplash.com/photo-1529139574466-a303027c1d8b?w=400&h=500&fit=crop&q=80,215.00,,Clothing > Women,in stock,Red,Women,w11927r
w120,Faux Fur Coat,Luxurious faux-fur coat with a shawl collar. Fully lined with hook-and-eye closure.,http://localhost:8080/product/detail.html?id=w120,https://images.unsplash.com/photo-1548036328-c9fa89d128fa?w=400&h=500&fit=crop&q=80,285.00,,Clothing > Women,in stock,Green,Women,w12023g
w121,Utility Jacket,Cotton canvas utility jacket with multiple pockets. Drawstring waist for shape.,http://localhost:8080/product/detail.html?id=w121,https://images.unsplash.com/photo-1515886657613-9f3515b0c78f?w=400&h=500&fit=crop&q=80,155.00,,Clothing > Women,out of stock,Black,Women,w12119b
w122,Longline Vest,Sleeveless longline vest in crepe. Open front with a tie belt at the waist.,http://localhost:8080/product/detail.html?id=w122,https://images.unsplash.com/photo-1539109136881-3be0616acf4b?w=400&h=500&fit=crop&q=80,135.00,,Clothing > Women,in stock,White,Women,w12228w
w123,Leather Trench Coat,Full-length trench coat in butter-soft leather. Belted waist with a dramatic silhouette.,http://localhost:8080/product/detail.html?id=w123,https://images.unsplash.com/photo-1485968579580-b6d095142e6e?w=400&h=500&fit=crop&q=80,495.00,,Clothing > Women,in stock,Navy,Women,w12326n
w124,Cropped Denim Jacket,Boxy cropped denim jacket in light wash. Raw edges and oversized pockets.,http://localhost:8080/product/detail.html?id=w124,https://images.unsplash.com/photo-1496747611176-843222e1e57c?w=400&h=500&fit=crop&q=80,125.00,,Clothing > Women,in stock,Beige,Women,w12420b
w125,Knit Blazer,Soft-structured blazer in Milano knit. The comfort of knitwear with blazer polish.,http://localhost:8080/product/detail.html?id=w125,https://images.unsplash.com/photo-1469334031218-e382a71b716b?w=400&h=500&fit=crop&q=80,175.00,,Clothing > Women,out of stock,Brown,Women,w12521b
w126,Varsity Jacket,Wool-blend varsity jacket with leather sleeves. Snap-front closure with ribbed trim.,http://localhost:8080/product/detail.html?id=w126,https://images.unsplash.com/photo-1554568218-0f1715e72254?w=400&h=500&fit=crop&q=80,165.00,,Clothing > Women,in stock,Grey,Women,w12624g
w127,Teddy Coat,Cozy teddy-fleece coat with a notched collar. Oversized pockets and a single-button front.,http://localhost:8080/product/detail.html?id=w127,https://images.unsplash.com/photo-1529139574466-a303027c1d8b?w=400&h=500&fit=crop&q=80,235.00,,Clothing > Women,in stock,Camel,Women,w12722c
w128,Hooded Wool Coat,Minimalist hooded coat in pressed wool. Clean lines with hidden zip closure.,http://localhost:8080/product/detail.html?id=w128,https://images.unsplash.com/photo-1548036328-c9fa89d128fa?w=400&h=500&fit=crop&q=80,315.00,,Clothing > Women,in stock,Ivory,Women,w12825i
w129,Military Jacket,Structured military jacket with brass buttons. Epaulettes and a cinched waist.,http://localhost:8080/product/detail.html?id=w129,https://images.unsplash.com/photo-1515886657613-9f3515b0c78f?w=400&h=500&fit=crop&q=80,185.00,,Clothing > Women,out of stock,Red,Women,w12927r
w130,Double-Breasted Blazer,Sharp double-breasted blazer in pinstripe wool. Gold-tone buttons with a nipped waist.,http://localhost:8080/product/detail.html?id=w130,https://images.unsplash.com/photo-1539109136881-3be0616acf4b?w=400&h=500&fit=crop&q=80,245.00,,Clothing > Women,in stock,Green,Women,w13023g
w131,Knit Cardigan,Oversized chunky-rib cardigan with patch pockets. The season's most versatile layer.,http://localhost:8080/product/detail.html?id=w131,https://images.unsplash.com/photo-1485968579580-b6d095142e6e?w=400&h=500&fit=crop&q=80,175.00,,Clothing > Women,in stock,Black,Women,w13119b
w132,Cable Knit Sweater,Heritage cable-knit sweater in merino wool. Crew neck with ribbed cuffs.,http://localhost:8080/product/detail.html?id=w132,https://images.unsplash.com/photo-1496747611176-843222e1e57c?w=400&h=500&fit=crop&q=80,165.00,,Clothing > Women,in stock,White,Women,w13228w
w133,Cashmere Hoodie,Relaxed cashmere hoodie with kangaroo pocket. Luxury meets comfort.,http://localhost:8080/product/detail.html?id=w133,https://images.unsplash.com/photo-1469334031218-e382a71b716b?w=400&h=500&fit=crop&q=80,245.00,,Clothing > Women,out of stock,Navy,Women,w13326n
w134,Mohair Cardigan,Fuzzy mohair-blend cardigan with mother-of-pearl buttons. Cropped with a boxy fit.,http://localhost:8080/product/detail.html?id=w134,https://images.unsplash.com/photo-1554568218-0f1715e72254?w=400&h=500&fit=crop&q=80,185.00,,Clothing > Women,in stock,Beige,Women,w13420b
w135,Ribbed Knit Vest,Sleeveless ribbed knit vest in cotton. V-neck with a relaxed fit for layering.,http://localhost:8080/product/detail.html?id=w135,https://images.unsplash.com/photo-1529139574466-a303027c1d8b?w=400&h=500&fit=crop&q=80,95.00,,Clothing > Women,in stock,Brown,Women,w13521b
w136,Intarsia Sweater,Colorful intarsia-knit sweater with a geometric motif. Oversized fit.,http://localhost:8080/product/detail.html?id=w136,https://images.unsplash.com/photo-1548036328-c9fa89d128fa?w=400&h=500&fit=crop&q=80,155.00,,Clothing > Women,in stock,Grey,Women,w13624g
w137,Cashmere Wrap,Oversized cashmere wrap that doubles as a scarf. Featherweight warmth in pure luxury.,http://localhost:8080/product/detail.html?id=w137,https://images.unsplash.com/photo-1515886657613-9f3515b0c78f?w=400&h=500&fit=crop&q=80,195.00,,Clothing > Women,out of stock,Camel,Women,w13722c
w138,Merino Polo Neck,Fine-gauge merino polo neck. Slim fit with a slightly elongated silhouette.,http://localhost:8080/product/detail.html?id=w138,https://images.unsplash.com/photo-1539109136881-3be0616acf4b?w=400&h=500&fit=crop&q=80,145.00,,Clothing > Women,in stock,Ivory,Women,w13825i
w139,Chunky Knit Sweater,"Hand-knit effect chunky sweater in alpaca blend. Statement texture, relaxed fit.",http://localhost:8080/product/detail.html?id=w139,https://images.unsplash.com/photo-1485968579580-b6d095142e6e?w=400&h=500&fit=crop&q=80,155.00,,Clothing > Women,in stock,Red,Women,w13927r
w140,Cotton Knit Cardigan,Lightweight cotton cardigan with shell buttons. Perfect for spring layering.,http://localhost:8080/product/detail.html?id=w140,https://images.unsplash.com/photo-1496747611176-843222e1e57c?w=400&h=500&fit=crop&q=80,115.00,,Clothing > Women,in stock,Green,Women,w14023g
w141,Fair Isle Sweater,Traditional Fair Isle pattern in Shetland wool. Heritage knitting meets modern colour.,http://localhost:8080/product/detail.html?id=w141,https://images.unsplash.com/photo-1469334031218-e382a71b716b?w=400&h=500&fit=crop&q=80,175.00,,Clothing > Women,out of stock,Black,Women,w14119b
w142,Cropped Cardigan,Cropped cardigan in soft cotton-cashmere. Self-covered buttons and ribbed trim.,http://localhost:8080/product/detail.html?id=w142,https://images.unsplash.com/photo-1554568218-0f1715e72254?w=400&h=500&fit=crop&q=80,105.00,,Clothing > Women,in stock,White,Women,w14228w
w143,Slouchy Sweater,Oversized slouchy sweater in baby alpaca. Dropped shoulders and a wide boat neck.,http://localhost:8080/product/detail.html?id=w143,https://images.unsplash.com/photo-1529139574466-a303027c1d8b?w=400&h=500&fit=crop&q=80,135.00,,Clothing > Women,in stock,Navy,Women,w14326n
w144,Striped Knit Top,Multicolour striped knit in cotton-linen blend. A cheerful layering piece.,http://localhost:8080/product/detail.html?id=w144,https://images.unsplash.com/photo-1548036328-c9fa89d128fa?w=400&h=500&fit=crop&q=80,85.00,,Clothing > Women,in stock,Beige,Women,w14420b
w145,Twinset Cardigan,Classic twinset cardigan and matching camisole in fine-gauge merino.,http://localhost:8080/product/detail.html?id=w145,https://images.unsplash.com/photo-1515886657613-9f3515b0c78f?w=400&h=500&fit=crop&q=80,175.00,,Clothing > Women,out of stock,Brown,Women,w14521b
w146,Bouclé Knit Sweater,Textured bouclé sweater with a round neckline. Soft and cozy with visual interest.,http://localhost:8080/product/detail.html?id=w146,https://images.unsplash.com/photo-1539109136881-3be0616acf4b?w=400&h=500&fit=crop&q=80,145.00,,Clothing > Women,in stock,Grey,Women,w14624g
w147,Roll-Neck Sweater,Mid-weight roll-neck sweater in extra-fine merino. A cold-weather workhorse.,http://localhost:8080/product/detail.html?id=w147,https://images.unsplash.com/photo-1485968579580-b6d095142e6e?w=400&h=500&fit=crop&q=80,125.00,,Clothing > Women,in stock,Camel,Women,w14722c
w148,Open-Front Cardigan,"Waterfall-front cardigan in a wool-cashmere blend. No closures, just effortless draping.",http://localhost:8080/product/detail.html?id=w148,https://images.unsplash.com/photo-1496747611176-843222e1e57c?w=400&h=500&fit=crop&q=80,135.00,,Clothing > Women,in stock,Ivory,Women,w14825i
w149,Jacquard Knit Sweater,Tonal jacquard-knit sweater with a leaf motif. Subtle texture on a classic shape.,http://localhost:8080/product/detail.html?id=w149,https://images.unsplash.com/photo-1469334031218-e382a71b716b?w=400&h=500&fit=crop&q=80,165.00,,Clothing > Women,out of stock,Red,Women,w14927r
w150,Zip-Up Knit Jacket,Full-zip knit jacket in Milano stitch. Stand collar with side pockets.,http://localhost:8080/product/detail.html?id=w150,https://images.unsplash.com/photo-1554568218-0f1715e72254?w=400&h=500&fit=crop&q=80,155.00,,Clothing > Women,in stock,Green,Women,w15023g
w151,Colour-Block Sweater,Bold colour-block sweater in organic cotton. Crew neck with ribbed trim.,http://localhost:8080/product/detail.html?id=w151,https://images.unsplash.com/photo-1529139574466-a303027c1d8b?w=400&h=500&fit=crop&q=80,125.00,,Clothing > Women,in stock,Black,Women,w15119b
w152,Pointelle Knit Top,Delicate pointelle-stitch top in cotton. Scoop neck with cap sleeves.,http://localhost:8080/product/detail.html?id=w152,https://images.unsplash.com/photo-1548036328-c9fa89d128fa?w=400&h=500&fit=crop&q=80,85.00,,Clothing > Women,in stock,White,Women,w15228w
w153,Aran Knit Sweater,"Traditional Aran-stitch sweater in undyed wool. Heritage craft, timeless style.",http://localhost:8080/product/detail.html?id=w153,https://images.unsplash.com/photo-1515886657613-9f3515b0c78f?w=400&h=500&fit=crop&q=80,185.00,,Clothing > Women,out of stock,Navy,Women,w15326n
w154,Metallic Knit Top,Shimmering metallic-thread knit top. Slim fit with a boat neckline.,http://localhost:8080/product/detail.html?id=w154,https://images.unsplash.com/photo-1539109136881-3be0616acf4b?w=400&h=500&fit=crop&q=80,95.00,,Clothing > Women,in stock,Beige,Women,w15420b
w155,V-Neck Pullover,Relaxed V-neck pullover in cotton-cashmere. The everyday layer you'll reach for daily.,http://localhost:8080/product/detail.html?id=w155,https://images.unsplash.com/photo-1485968579580-b6d095142e6e?w=400&h=500&fit=crop&q=80,115.00,,Clothing > Women,in stock,Brown,Women,w15521b
w156,Tailored Jumpsuit,Sharp tailored jumpsuit with a belted waist. Wide-leg in stretch wool crepe.,http://localhost:8080/product/detail.html?id=w156,https://images.unsplash.com/photo-1496747611176-843222e1e57c?w=400&h=500&fit=crop&q=80,235.00,,Clothing > Women,in stock,Grey,Women,w15624g
w157,Linen Jumpsuit,Relaxed linen jumpsuit with patch pockets. Button-front with a drawstring waist.,http://localhost:8080/product/detail.html?id=w157,https://images.unsplash.com/photo-1469334031218-e382a71b716b?w=400&h=500&fit=crop&q=80,165.00,,Clothing > Women,out of stock,Camel,Women,w15722c
w158,Denim Jumpsuit,Soft-washed denim jumpsuit with a relaxed fit. Utility pockets and adjustable waist.,http://localhost:8080/product/detail.html?id=w158,https://images.unsplash.com/photo-1554568218-0f1715e72254?w=400&h=500&fit=crop&q=80,145.00,,Clothing > Women,in stock,Ivory,Women,w15825i
w159,Cashmere Lounge Set,Two-piece cashmere lounge set. Crew-neck sweater and wide-leg pants.,http://localhost:8080/product/detail.html?id=w159,https://images.unsplash.com/photo-1529139574466-a303027c1d8b?w=400&h=500&fit=crop&q=80,325.00,,Clothing > Women,in stock,Red,Women,w15927r
w160,Silk Pyjama Set,Classic pyjama set in washable silk. Piped edges with a relaxed fit.,http://localhost:8080/product/detail.html?id=w160,https://images.unsplash.com/photo-1548036328-c9fa89d128fa?w=400&h=500&fit=crop&q=80,195.00,,Clothing > Women,in stock,Green,Women,w16023g
w161,Cotton Robe,Waffle-knit cotton robe with a tie belt. Lightweight and absorbent.,http://localhost:8080/product/detail.html?id=w161,https://images.unsplash.com/photo-1515886657613-9f3515b0c78f?w=400&h=500&fit=crop&q=80,85.00,,Clothing > Women,out of stock,Black,Women,w16119b
w162,Ribbed Bodysuit,Essential ribbed bodysuit in organic cotton. Scoop neck with snap closure.,http://localhost:8080/product/detail.html?id=w162,https://images.unsplash.com/photo-1539109136881-3be0616acf4b?w=400&h=500&fit=crop&q=80,55.00,,Clothing > Women,in stock,White,Women,w16228w
w163,Utility Jumpsuit,Cotton canvas utility jumpsuit with belt. Multiple pockets and rolled cuffs.,http://localhost:8080/product/detail.html?id=w163,https://images.unsplash.com/photo-1485968579580-b6d095142e6e?w=400&h=500&fit=crop&q=80,175.00,,Clothing > Women,in stock,Navy,Women,w16326n
w164,Wide-Leg Playsuit,Cropped wide-leg playsuit in linen blend. Tie-front bodice with pockets.,http://localhost:8080/product/detail.html?id=w164,https://images.unsplash.com/photo-1496747611176-843222e1e57c?w=400&h=500&fit=crop&q=80,125.00,,Clothing > Women,in stock,Beige,Women,w16420b
w165,Silk Kimono Robe,Printed silk kimono robe with a matching sash. Elegant lounging at its finest.,http://localhost:8080/product/detail.html?id=w165,https://images.unsplash.com/photo-1469334031218-e382a71b716b?w=400&h=500&fit=crop&q=80,165.00,,Clothing > Women,out of stock,Brown,Women,w16521b
w166,Cashmere Joggers,Pure cashmere joggers with ribbed cuffs. The luxury of cashmere in an easy shape.,http://localhost:8080/product/detail.html?id=w166,https://images.unsplash.com/photo-1554568218-0f1715e72254?w=400&h=500&fit=crop&q=80,195.00,,Clothing > Women,in stock,Grey,Women,w16624g
w167,Cropped Jumpsuit,Tailored cropped jumpsuit in cotton sateen. Cap sleeves with a wide cropped leg.,http://localhost:8080/product/detail.html?id=w167,https://images.unsplash.com/photo-1529139574466-a303027c1d8b?w=400&h=500&fit=crop&q=80,135.00,,Clothing > Women,in stock,Camel,Women,w16722c
w168,Knit Lounge Pants,Soft-knit lounge pants in organic cotton. Elasticated waist with a relaxed leg.,http://localhost:8080/product/detail.html?id=w168,https://images.unsplash.com/photo-1548036328-c9fa89d128fa?w=400&h=500&fit=crop&q=80,95.00,,Clothing > Women,in stock,Ivory,Women,w16825i
w169,Satin Camisole Set,Satin camisole and shorts set with lace trim. Luxurious nightwear.,http://localhost:8080/product/detail.html?id=w169,https://images.unsplash.com/photo-1515886657613-9f3515b0c78f?w=400&h=500&fit=crop&q=80,145.00,,Clothing > Women,out of stock,Red,Women,w16927r
w170,Jersey Maxi Dress,Easy jersey maxi dress with side slits. An effortless throw-on piece.,http://localhost:8080/product/detail.html?id=w170,https://images.unsplash.com/photo-1539109136881-3be0616acf4b?w=400&h=500&fit=crop&q=80,115.00,,Clothing > Women,in stock,Green,Women,w17023g
w171,Waistcoat,Tailored waistcoat in herringbone wool. A sharp layering piece over shirts.,http://localhost:8080/product/detail.html?id=w171,https://images.unsplash.com/photo-1485968579580-b6d095142e6e?w=400&h=500&fit=crop&q=80,155.00,,Clothing > Women,in stock,Black,Women,w17119b
w172,Crochet Top,Hand-crocheted cotton top with a scalloped hem. Festival-ready and boho-chic.,http://localhost:8080/product/detail.html?id=w172,https://images.unsplash.com/photo-1496747611176-843222e1e57c?w=400&h=500&fit=crop&q=80,75.00,,Clothing > Women,in stock,White,Women,w17228w
w173,Leather Corset Top,Structured corset top in lambskin leather. Lace-up back with boning detail.,http://localhost:8080/product/detail.html?id=w173,https://images.unsplash.com/photo-1469334031218-e382a71b716b?w=400&h=500&fit=crop&q=80,225.00,,Clothing > Women,out of stock,Navy,Women,w17326n
w174,Tunic Top,Oversized linen tunic with side slits. Relaxed elegance for warm days.,http://localhost:8080/product/detail.html?id=w174,https://images.unsplash.com/photo-1554568218-0f1715e72254?w=400&h=500&fit=crop&q=80,95.00,,Clothing > Women,in stock,Beige,Women,w17420b
w175,Ponte Leggings,Structured ponte leggings with a wide waistband. The comfort of leggings with trouser polish.,http://localhost:8080/product/detail.html?id=w175,https://images.unsplash.com/photo-1529139574466-a303027c1d8b?w=400&h=500&fit=crop&q=80,75.00,,Clothing > Women,in stock,Brown,Women,w17521b
w176,Silk Wrap Top,Short-sleeved wrap top in printed silk. Tie closure at the waist.,http://localhost:8080/product/detail.html?id=w176,https://images.unsplash.com/photo-1548036328-c9fa89d128fa?w=400&h=500&fit=crop&q=80,125.00,,Clothing > Women,in stock,Grey,Women,w17624g
w177,Cotton Sleep Set,Soft cotton sleep set with long pants. Classic piped edges for timeless style.,http://localhost:8080/product/detail.html?id=w177,https://images.unsplash.com/photo-1515886657613-9f3515b0c78f?w=400&h=500&fit=crop&q=80,85.00,,Clothing > Women,out of stock,Camel,Women,w17722c
w178,Sheer Mesh Bodysuit,Stretch mesh bodysuit with a turtleneck. Layer under blazers for edge.,http://localhost:8080/product/detail.html?id=w178,https://images.unsplash.com/photo-1539109136881-3be0616acf4b?w=400&h=500&fit=crop&q=80,65.00,,Clothing > Women,in stock,Ivory,Women,w17825i
w179,Linen Shorts,Relaxed linen shorts with a drawstring waist. The perfect beach-to-bar piece.,http://localhost:8080/product/detail.html?id=w179,https://images.unsplash.com/photo-1485968579580-b6d095142e6e?w=400&h=500&fit=crop&q=80,75.00,,Clothing > Women,in stock,Red,Women,w17927r
w180,Tailored Vest,Elongated tailored vest in pinstripe wool. Wear alone or layered.,http://localhost:8080/product/detail.html?id=w180,https://images.unsplash.com/photo-1496747611176-843222e1e57c?w=400&h=500&fit=crop&q=80,135.00,,Clothing > Women,in stock,Green,Women,w18023g
w181,Knit Shorts,Cotton-cashmere knit shorts with an elasticated waist. Part of the MAISON lounge edit.,http://localhost:8080/product/detail.html?id=w181,https://images.unsplash.com/photo-1469334031218-e382a71b716b?w=400&h=500&fit=crop&q=80,65.00,,Clothing > Women,out of stock,Black,Women,w18119b
w182,Sweater Vest,Argyle sweater vest in merino wool. Preppy styling with a modern fit.,http://localhost:8080/product/detail.html?id=w182,https://images.unsplash.com/photo-1554568218-0f1715e72254?w=400&h=500&fit=crop&q=80,85.00,,Clothing > Women,in stock,White,Women,w18228w
w183,Cropped Hoodie,Cropped cotton-fleece hoodie. Drawcord hood with ribbed trim.,http://localhost:8080/product/detail.html?id=w183,https://images.unsplash.com/photo-1529139574466-a303027c1d8b?w=400&h=500&fit=crop&q=80,95.00,,Clothing > Women,in stock,Navy,Women,w18326n
w184,Wool Gilet,Padded wool gilet with quilted lining. Stand collar and zip front.,http://localhost:8080/product/detail.html?id=w184,https://images.unsplash.com/photo-1548036328-c9fa89d128fa?w=400&h=500&fit=crop&q=80,145.00,,Clothing > Women,in stock,Beige,Women,w18420b
w185,Silk Sleep Shirt,Oversized sleep shirt in washed silk. Mother-of-pearl buttons with a chest pocket.,http://localhost:8080/product/detail.html?id=w185,https://images.unsplash.com/photo-1515886657613-9f3515b0c78f?w=400&h=500&fit=crop&q=80,115.00,,Clothing > Women,out of stock,Brown,Women,w18521b
w186,Ribbed Lounge Dress,Soft ribbed knit lounge dress. Scoop neck with a relaxed midi length.,http://localhost:8080/product/detail.html?id=w186,https://images.unsplash.com/photo-1539109136881-3be0616acf4b?w=400&h=500&fit=crop&q=80,85.00,,Clothing > Women,in stock,Grey,Women,w18624g
w187,Tank Dress,Clean cotton tank dress with a straight cut. The simplest canvas for accessorising.,http://localhost:8080/product/detail.html?id=w187,https://images.unsplash.com/photo-1485968579580-b6d095142e6e?w=400&h=500&fit=crop&q=80,65.00,,Clothing > Women,in stock,Camel,Women,w18722c
w188,Polo Shirt,Classic polo shirt in piqué cotton. Fitted cut with a two-button placket.,http://localhost:8080/product/detail.html?id=w188,https://images.unsplash.com/photo-1496747611176-843222e1e57c?w=400&h=500&fit=crop&q=80,75.00,,Clothing > Women,in stock,Ivory,Women,w18825i
w189,Cotton Sweatshirt,Organic cotton sweatshirt with raglan sleeves. Brushed fleece interior.,http://localhost:8080/product/detail.html?id=w189,https://images.unsplash.com/photo-1469334031218-e382a71b716b?w=400&h=500&fit=crop&q=80,85.00,,Clothing > Women,out of stock,Red,Women,w18927r
w190,Off-Duty Dress,Relaxed cotton-jersey dress for days off. Side pockets and a comfortable fit.,http://localhost:8080/product/detail.html?id=w190,https://images.unsplash.com/photo-1554568218-0f1715e72254?w=400&h=500&fit=crop&q=80,95.00,,Clothing > Women,in stock,Green,Women,w19023g
w191,Satin Midi Skirt,Bias-cut satin midi skirt in an evening-ready palette. Luxurious drape.,http://localhost:8080/product/detail.html?id=w191,https://images.unsplash.com/photo-1529139574466-a303027c1d8b?w=400&h=500&fit=crop&q=80,135.00,,Clothing > Women,in stock,Black,Women,w19119b
w192,Bralette Top,Ribbed cotton bralette top. A layering essential or standalone piece.,http://localhost:8080/product/detail.html?id=w192,https://images.unsplash.com/photo-1548036328-c9fa89d128fa?w=400&h=500&fit=crop&q=80,55.00,,Clothing > Women,in stock,White,Women,w19228w
w193,Shacket,Flannel shirt-jacket hybrid in a heritage plaid. Oversized with snap buttons.,http://localhost:8080/product/detail.html?id=w193,https://images.unsplash.com/photo-1515886657613-9f3515b0c78f?w=400&h=500&fit=crop&q=80,125.00,,Clothing > Women,out of stock,Navy,Women,w19326n
w194,Poplin Shirt,Crisp cotton poplin shirt with French cuffs. A wardrobe cornerstone.,http://localhost:8080/product/detail.html?id=w194,https://images.unsplash.com/photo-1539109136881-3be0616acf4b?w=400&h=500&fit=crop&q=80,75.00,,Clothing > Women,in stock,Beige,Women,w19420b
w195,Cable Knit Vest,Sleeveless cable-knit vest in cream wool. Layer over shirts and tees.,http://localhost:8080/product/detail.html?id=w195,https://images.unsplash.com/photo-1485968579580-b6d095142e6e?w=400&h=500&fit=crop&q=80,95.00,,Clothing > Women,in stock,Brown,Women,w19521b
w196,Belted Midi Dress,Self-belted midi dress in cotton-blend. A-line skirt with patch pockets.,http://localhost:8080/product/detail.html?id=w196,https://images.unsplash.com/photo-1496747611176-843222e1e57c?w=400&h=500&fit=crop&q=80,175.00,,Clothing > Women,in stock,Grey,Women,w19624g
w197,Pleated Culottes,Knife-pleated culottes in lightweight crepe. Elasticated waistband.,http://localhost:8080/product/detail.html?id=w197,https://images.unsplash.com/photo-1469334031218-e382a71b716b?w=400&h=500&fit=crop&q=80,115.00,,Clothing > Women,out of stock,Camel,Women,w19722c
w198,Duster Coat,Lightweight duster coat in linen-viscose. Open front with side slits.,http://localhost:8080/product/detail.html?id=w198,https://images.unsplash.com/photo-1554568218-0f1715e72254?w=400&h=500&fit=crop&q=80,215.00,,Clothing > Women,in stock,Ivory,Women,w19825i
w199,Silk Midi Skirt,Pure silk midi skirt in a jewel-tone palette. Side zip with a fluid drape.,http://localhost:8080/product/detail.html?id=w199,https://images.unsplash.com/photo-1529139574466-a303027c1d8b?w=400&h=500&fit=crop&q=80,165.00,,Clothing > Women,in stock,Red,Women,w19927r
m1,Slim Fit Suit,"Slim-fit two-piece suit in Super 120s wool. Notched lapels, two-button closure. Made in Italy.",http://localhost:8080/product/detail.html?id=m1,https://images.unsplash.com/photo-1507003211169-0a1dd7228f2d?w=400&h=500&fit=crop&q=80,450.00,,Clothing > Men,in stock,Green,Men,m0123g
m2,Classic Navy Suit,Timeless navy suit in pure wool. Half-canvassed construction with natural shoulders.,http://localhost:8080/product/detail.html?id=m2,https://images.unsplash.com/photo-1519085360753-af0119f7cbe7?w=400&h=500&fit=crop&q=80,425.00,,Clothing > Men,out of stock,Black,Men,m0219b
m3,Double-Breasted Suit,Peak-lapel double-breasted suit in Italian wool. Six-button closure with a slightly wider leg.,http://localhost:8080/product/detail.html?id=m3,https://images.unsplash.com/photo-1480429370139-e0132c086e2a?w=400&h=500&fit=crop&q=80,485.00,,Clothing > Men,in stock,White,Men,m0328w
m4,Linen Suit,Unstructured two-piece suit in Belgian linen. Patch pockets and a relaxed silhouette.,http://localhost:8080/product/detail.html?id=m4,https://images.unsplash.com/photo-1487222477894-8943e31ef7b2?w=400&h=500&fit=crop&q=80,345.00,,Clothing > Men,in stock,Navy,Men,m0426n
m5,Pinstripe Suit,Chalk-stripe suit in English wool. Slim fit with a two-button single-breasted jacket.,http://localhost:8080/product/detail.html?id=m5,https://images.unsplash.com/photo-1490578474895-699cd4e2cf59?w=400&h=500&fit=crop&q=80,465.00,,Clothing > Men,in stock,Beige,Men,m0520b
m6,Tuxedo,Shawl-collar tuxedo in midnight-blue wool. Grosgrain trim on lapels and trouser stripe.,http://localhost:8080/product/detail.html?id=m6,https://images.unsplash.com/photo-1463453091185-61582044d556?w=400&h=500&fit=crop&q=80,595.00,,Clothing > Men,out of stock,Brown,Men,m0621b
m7,Three-Piece Suit,"Classic three-piece in mid-grey flannel. Single-breasted jacket, waistcoat, and flat-front trousers.",http://localhost:8080/product/detail.html?id=m7,https://images.unsplash.com/photo-1542103749-8ef59b94f47e?w=400&h=500&fit=crop&q=80,525.00,,Clothing > Men,in stock,Grey,Men,m0724g
m8,Summer Suit,Lightweight suit in tropical wool-linen blend. Unlined jacket for warm-weather elegance.,http://localhost:8080/product/detail.html?id=m8,https://images.unsplash.com/photo-1500648767791-00dcc994a43e?w=400&h=500&fit=crop&q=80,365.00,,Clothing > Men,in stock,Camel,Men,m0822c
m9,Corduroy Suit,Two-piece suit in fine-wale corduroy. Soft-shoulder jacket with patch pockets.,http://localhost:8080/product/detail.html?id=m9,https://images.unsplash.com/photo-1507003211169-0a1dd7228f2d?w=400&h=500&fit=crop&q=80,385.00,,Clothing > Men,in stock,Ivory,Men,m0925i
m10,Velvet Dinner Jacket,Shawl-collar dinner jacket in cotton velvet. Satin-lined with grosgrain-covered buttons.,http://localhost:8080/product/detail.html?id=m10,https://images.unsplash.com/photo-1519085360753-af0119f7cbe7?w=400&h=500&fit=crop&q=80,395.00,,Clothing > Men,out of stock,Red,Men,m1027r
m11,Tailored Blazer,Unstructured Italian blazer in linen-wool blend. Polished yet effortless.,http://localhost:8080/product/detail.html?id=m11,https://images.unsplash.com/photo-1480429370139-e0132c086e2a?w=400&h=500&fit=crop&q=80,295.00,,Clothing > Men,in stock,Green,Men,m1123g
m12,Hopsack Blazer,Navy hopsack blazer with gold-tone buttons. Patch pockets and natural shoulders.,http://localhost:8080/product/detail.html?id=m12,https://images.unsplash.com/photo-1487222477894-8943e31ef7b2?w=400&h=500&fit=crop&q=80,275.00,,Clothing > Men,in stock,Black,Men,m1219b
m13,Tweed Sport Coat,Harris Tweed sport coat with leather-trimmed buttons. A heritage piece for modern times.,http://localhost:8080/product/detail.html?id=m13,https://images.unsplash.com/photo-1490578474895-699cd4e2cf59?w=400&h=500&fit=crop&q=80,315.00,,Clothing > Men,in stock,White,Men,m1328w
m14,Linen Blazer,Relaxed linen blazer in stone. Unlined with a two-button closure.,http://localhost:8080/product/detail.html?id=m14,https://images.unsplash.com/photo-1463453091185-61582044d556?w=400&h=500&fit=crop&q=80,225.00,,Clothing > Men,out of stock,Navy,Men,m1426n
m15,Check Blazer,Window-pane check blazer in wool-cashmere. A statement layer for smart occasions.,http://localhost:8080/product/detail.html?id=m15,https://images.unsplash.com/photo-1542103749-8ef59b94f47e?w=400&h=500&fit=crop&q=80,285.00,,Clothing > Men,in stock,Beige,Men,m1520b
m16,Formal Waistcoat,Double-breasted waistcoat in charcoal wool. Adjustable back strap with satin lining.,http://localhost:8080/product/detail.html?id=m16,https://images.unsplash.com/photo-1500648767791-00dcc994a43e?w=400&h=500&fit=crop&q=80,145.00,,Clothing > Men,in stock,Brown,Men,m1621b
m17,Dinner Suit,Classic dinner suit with peak lapels. Satin-faced lapels and single-button closure.,http://localhost:8080/product/detail.html?id=m17,https://images.unsplash.com/photo-1507003211169-0a1dd7228f2d?w=400&h=500&fit=crop&q=80,545.00,,Clothing > Men,in stock,Grey,Men,m1724g
m18,Wool Dress Trousers,Flat-front dress trousers in Super 110s wool. Uncuffed with a medium break.,http://localhost:8080/product/detail.html?id=m18,https://images.unsplash.com/photo-1519085360753-af0119f7cbe7?w=400&h=500&fit=crop&q=80,165.00,,Clothing > Men,out of stock,Camel,Men,m1822c
m19,Flannel Suit,Full-weight flannel suit in charcoal grey. Fully canvassed for impeccable drape.,http://localhost:8080/product/detail.html?id=m19,https://images.unsplash.com/photo-1480429370139-e0132c086e2a?w=400&h=500&fit=crop&q=80,445.00,,Clothing > Men,in stock,Ivory,Men,m1925i
m20,Seersucker Suit,Seersucker suit in navy and white stripe. The quintessential warm-weather suit.,http://localhost:8080/product/detail.html?id=m20,https://images.unsplash.com/photo-1487222477894-8943e31ef7b2?w=400&h=500&fit=crop&q=80,325.00,,Clothing > Men,in stock,Red,Men,m2027r
m21,Sharkskin Suit,Sharkskin-weave suit in mid-grey wool. Subtle sheen with a slim fit.,http://localhost:8080/product/detail.html?id=m21,https://images.unsplash.com/photo-1490578474895-699cd4e2cf59?w=400&h=500&fit=crop&q=80,475.00,,Clothing > Men,in stock,Green,Men,m2123g
m22,Nehru Jacket,Mandarin-collar jacket in cotton-linen blend. A refined alternative to traditional blazers.,http://localhost:8080/product/detail.html?id=m22,https://images.unsplash.com/photo-1463453091185-61582044d556?w=400&h=500&fit=crop&q=80,265.00,,Clothing > Men,out of stock,Black,Men,m2219b
m23,Morning Coat,Traditional morning coat in black herringbone wool. For the most formal occasions.,http://localhost:8080/product/detail.html?id=m23,https://images.unsplash.com/photo-1542103749-8ef59b94f47e?w=400&h=500&fit=crop&q=80,495.00,,Clothing > Men,in stock,White,Men,m2328w
m24,Windowpane Suit,Soft-shoulder suit in a wide windowpane check. Italian wool with a relaxed silhouette.,http://localhost:8080/product/detail.html?id=m24,https://images.unsplash.com/photo-1500648767791-00dcc994a43e?w=400&h=500&fit=crop&q=80,435.00,,Clothing > Men,in stock,Navy,Men,m2426n
m25,Travel Suit,"Wrinkle-resistant travel suit in performance wool. Pack it, fly, arrive sharp.",http://localhost:8080/product/detail.html?id=m25,https://images.unsplash.com/photo-1507003211169-0a1dd7228f2d?w=400&h=500&fit=crop&q=80,395.00,,Clothing > Men,in stock,Beige,Men,m2520b
m26,Birdseye Suit,Birdseye-weave suit in navy wool. A textured alternative to plain navy.,http://localhost:8080/product/detail.html?id=m26,https://images.unsplash.com/photo-1519085360753-af0119f7cbe7?w=400&h=500&fit=crop&q=80,425.00,,Clothing > Men,out of stock,Brown,Men,m2621b
m27,Formal Shirt,White formal shirt with a wing collar. French cuffs and a pleated front bib.,http://localhost:8080/product/detail.html?id=m27,https://images.unsplash.com/photo-1480429370139-e0132c086e2a?w=400&h=500&fit=crop&q=80,125.00,,Clothing > Men,in stock,Grey,Men,m2724g
m28,Silk Cummerbund,Pleated silk cummerbund in midnight blue. The finishing touch for black tie.,http://localhost:8080/product/detail.html?id=m28,https://images.unsplash.com/photo-1487222477894-8943e31ef7b2?w=400&h=500&fit=crop&q=80,95.00,,Clothing > Men,in stock,Camel,Men,m2822c
m29,Smoking Jacket,Quilted-collar smoking jacket in silk velvet. Toggle closure with satin lining.,http://localhost:8080/product/detail.html?id=m29,https://images.unsplash.com/photo-1490578474895-699cd4e2cf59?w=400&h=500&fit=crop&q=80,345.00,,Clothing > Men,in stock,Ivory,Men,m2925i
m30,Suit Trousers,Flat-front suit trousers in Super 120s wool. Slim fit with a clean break.,http://localhost:8080/product/detail.html?id=m30,https://images.unsplash.com/photo-1463453091185-61582044d556?w=400&h=500&fit=crop&q=80,155.00,,Clothing > Men,out of stock,Red,Men,m3027r
m31,Oxford Shirt,Classic Oxford-weave shirt in Egyptian cotton. Button-down collar and chest pocket.,http://localhost:8080/product/detail.html?id=m31,https://images.unsplash.com/photo-1542103749-8ef59b94f47e?w=400&h=500&fit=crop&q=80,95.00,,Clothing > Men,in stock,Green,Men,m3123g
m32,Linen Shirt,Relaxed-fit shirt in washed Belgian linen. Gets better with every wash.,http://localhost:8080/product/detail.html?id=m32,https://images.unsplash.com/photo-1500648767791-00dcc994a43e?w=400&h=500&fit=crop&q=80,85.00,,Clothing > Men,in stock,Black,Men,m3219b
m33,Poplin Dress Shirt,Crisp cotton poplin dress shirt. Spread collar with French cuffs.,http://localhost:8080/product/detail.html?id=m33,https://images.unsplash.com/photo-1507003211169-0a1dd7228f2d?w=400&h=500&fit=crop&q=80,105.00,,Clothing > Men,in stock,White,Men,m3328w
m34,Chambray Shirt,Soft chambray shirt in indigo. One-wash finish with a classic fit.,http://localhost:8080/product/detail.html?id=m34,https://images.unsplash.com/photo-1519085360753-af0119f7cbe7?w=400&h=500&fit=crop&q=80,85.00,,Clothing > Men,out of stock,Navy,Men,m3426n
m35,Flannel Shirt,Brushed cotton flannel shirt in buffalo check. Heavyweight for winter warmth.,http://localhost:8080/product/detail.html?id=m35,https://images.unsplash.com/photo-1480429370139-e0132c086e2a?w=400&h=500&fit=crop&q=80,95.00,,Clothing > Men,in stock,Beige,Men,m3520b
m36,Denim Shirt,Washed denim shirt with snap buttons. Western-inspired yoke detail.,http://localhost:8080/product/detail.html?id=m36,https://images.unsplash.com/photo-1487222477894-8943e31ef7b2?w=400&h=500&fit=crop&q=80,95.00,,Clothing > Men,in stock,Brown,Men,m3621b
m37,Bengal Stripe Shirt,"Fine Bengal stripe shirt in two-ply cotton. Spread collar, single cuff.",http://localhost:8080/product/detail.html?id=m37,https://images.unsplash.com/photo-1490578474895-699cd4e2cf59?w=400&h=500&fit=crop&q=80,105.00,,Clothing > Men,in stock,Grey,Men,m3724g
m38,Mandarin Collar Shirt,Minimalist mandarin-collar shirt in cotton. Clean lines without a tie.,http://localhost:8080/product/detail.html?id=m38,https://images.unsplash.com/photo-1463453091185-61582044d556?w=400&h=500&fit=crop&q=80,95.00,,Clothing > Men,out of stock,Camel,Men,m3822c
m39,Stretch Cotton Shirt,Cotton-elastane shirt with a slim fit. Comfortable through the day.,http://localhost:8080/product/detail.html?id=m39,https://images.unsplash.com/photo-1542103749-8ef59b94f47e?w=400&h=500&fit=crop&q=80,85.00,,Clothing > Men,in stock,Ivory,Men,m3925i
m40,White Dress Shirt,Impeccably constructed white shirt in Sea Island cotton. The gold standard.,http://localhost:8080/product/detail.html?id=m40,https://images.unsplash.com/photo-1500648767791-00dcc994a43e?w=400&h=500&fit=crop&q=80,115.00,,Clothing > Men,in stock,Red,Men,m4027r
m41,Checked Shirt,Relaxed checked shirt in soft-washed cotton. Perfect weekend layering.,http://localhost:8080/product/detail.html?id=m41,https://images.unsplash.com/photo-1507003211169-0a1dd7228f2d?w=400&h=500&fit=crop&q=80,85.00,,Clothing > Men,in stock,Green,Men,m4123g
m42,Camp Collar Shirt,Cuban-collar shirt in printed viscose. Relaxed resort styling.,http://localhost:8080/product/detail.html?id=m42,https://images.unsplash.com/photo-1519085360753-af0119f7cbe7?w=400&h=500&fit=crop&q=80,95.00,,Clothing > Men,out of stock,Black,Men,m4219b
m43,Henley Shirt,Long-sleeve Henley in slub cotton jersey. Three-button placket at the neck.,http://localhost:8080/product/detail.html?id=m43,https://images.unsplash.com/photo-1480429370139-e0132c086e2a?w=400&h=500&fit=crop&q=80,65.00,,Clothing > Men,in stock,White,Men,m4328w
m44,Piqué Polo Shirt,Classic piqué polo in mercerised cotton. Ribbed collar and two-button placket.,http://localhost:8080/product/detail.html?id=m44,https://images.unsplash.com/photo-1487222477894-8943e31ef7b2?w=400&h=500&fit=crop&q=80,75.00,,Clothing > Men,in stock,Navy,Men,m4426n
m45,Knit Polo,Short-sleeve polo in textured cotton knit. Smart-casual polish.,http://localhost:8080/product/detail.html?id=m45,https://images.unsplash.com/photo-1490578474895-699cd4e2cf59?w=400&h=500&fit=crop&q=80,95.00,,Clothing > Men,in stock,Beige,Men,m4520b
m46,Band Collar Shirt,Band-collar shirt in washed cotton. Clean and minimal without lapels.,http://localhost:8080/product/detail.html?id=m46,https://images.unsplash.com/photo-1463453091185-61582044d556?w=400&h=500&fit=crop&q=80,85.00,,Clothing > Men,out of stock,Brown,Men,m4621b
m47,Gingham Shirt,Classic gingham check in cotton. Button-down collar with a regular fit.,http://localhost:8080/product/detail.html?id=m47,https://images.unsplash.com/photo-1542103749-8ef59b94f47e?w=400&h=500&fit=crop&q=80,85.00,,Clothing > Men,in stock,Grey,Men,m4724g
m48,Twill Shirt,Diagonal twill shirt in premium cotton. Semi-spread collar with barrel cuffs.,http://localhost:8080/product/detail.html?id=m48,https://images.unsplash.com/photo-1500648767791-00dcc994a43e?w=400&h=500&fit=crop&q=80,95.00,,Clothing > Men,in stock,Camel,Men,m4822c
m49,Dobby Shirt,Textured dobby-weave shirt in cotton. Subtle pattern adds visual interest.,http://localhost:8080/product/detail.html?id=m49,https://images.unsplash.com/photo-1507003211169-0a1dd7228f2d?w=400&h=500&fit=crop&q=80,95.00,,Clothing > Men,in stock,Ivory,Men,m4925i
m50,Corduroy Shirt,Needlecord shirt with a regular collar. Rich texture for layered autumn looks.,http://localhost:8080/product/detail.html?id=m50,https://images.unsplash.com/photo-1519085360753-af0119f7cbe7?w=400&h=500&fit=crop&q=80,95.00,,Clothing > Men,out of stock,Red,Men,m5027r
m51,Jersey Polo,Soft jersey polo with a Johnny collar. Relaxed fit in pima cotton.,http://localhost:8080/product/detail.html?id=m51,https://images.unsplash.com/photo-1480429370139-e0132c086e2a?w=400&h=500&fit=crop&q=80,65.00,,Clothing > Men,in stock,Green,Men,m5123g
m52,Hawaiian Shirt,Relaxed Hawaiian-print shirt in rayon. Bold botanical print for vacation days.,http://localhost:8080/product/detail.html?id=m52,https://images.unsplash.com/photo-1487222477894-8943e31ef7b2?w=400&h=500&fit=crop&q=80,85.00,,Clothing > Men,in stock,Black,Men,m5219b
m53,Seersucker Shirt,Puckered seersucker shirt for hot days. No-iron texture that stays cool.,http://localhost:8080/product/detail.html?id=m53,https://images.unsplash.com/photo-1490578474895-699cd4e2cf59?w=400&h=500&fit=crop&q=80,85.00,,Clothing > Men,in stock,White,Men,m5328w
m54,Brushed Twill Shirt,Brushed cotton twill shirt with a soft hand. Button-down collar and chest pocket.,http://localhost:8080/product/detail.html?id=m54,https://images.unsplash.com/photo-1463453091185-61582044d556?w=400&h=500&fit=crop&q=80,95.00,,Clothing > Men,out of stock,Navy,Men,m5426n
m55,Performance Shirt,Moisture-wicking stretch shirt. Wrinkle-free finish for travel and long days.,http://localhost:8080/product/detail.html?id=m55,https://images.unsplash.com/photo-1542103749-8ef59b94f47e?w=400&h=500&fit=crop&q=80,115.00,,Clothing > Men,in stock,Beige,Men,m5520b
m56,Grandad Shirt,Collarless grandad shirt in linen-cotton. A relaxed alternative with vintage character.,http://localhost:8080/product/detail.html?id=m56,https://images.unsplash.com/photo-1500648767791-00dcc994a43e?w=400&h=500&fit=crop&q=80,85.00,,Clothing > Men,in stock,Brown,Men,m5621b
m57,Silk Shirt,Relaxed silk crepe shirt with a camp collar. Fluid drape for evening occasions.,http://localhost:8080/product/detail.html?id=m57,https://images.unsplash.com/photo-1507003211169-0a1dd7228f2d?w=400&h=500&fit=crop&q=80,165.00,,Clothing > Men,in stock,Grey,Men,m5724g
m58,Contrast-Collar Shirt,White shirt with a contrasting blue collar. A signature City detail.,http://localhost:8080/product/detail.html?id=m58,https://images.unsplash.com/photo-1519085360753-af0119f7cbe7?w=400&h=500&fit=crop&q=80,105.00,,Clothing > Men,out of stock,Camel,Men,m5822c
m59,Oversized Shirt,Deliberately oversized cotton shirt. Dropped shoulders for a contemporary silhouette.,http://localhost:8080/product/detail.html?id=m59,https://images.unsplash.com/photo-1480429370139-e0132c086e2a?w=400&h=500&fit=crop&q=80,85.00,,Clothing > Men,in stock,Ivory,Men,m5925i
m60,Long-Sleeve T-Shirt,Premium long-sleeve tee in Pima cotton. Crew neck with a standard fit.,http://localhost:8080/product/detail.html?id=m60,https://images.unsplash.com/photo-1487222477894-8943e31ef7b2?w=400&h=500&fit=crop&q=80,55.00,,Clothing > Men,in stock,Red,Men,m6027r
m61,Printed Shirt,All-over printed shirt in cotton voile. Original MAISON patterns.,http://localhost:8080/product/detail.html?id=m61,https://images.unsplash.com/photo-1490578474895-699cd4e2cf59?w=400&h=500&fit=crop&q=80,95.00,,Clothing > Men,in stock,Green,Men,m6123g
m62,Utility Shirt,Heavy cotton twill shirt with chest flap pockets. Work-inspired with a modern cut.,http://localhost:8080/product/detail.html?id=m62,https://images.unsplash.com/photo-1463453091185-61582044d556?w=400&h=500&fit=crop&q=80,95.00,,Clothing > Men,out of stock,Black,Men,m6219b
m63,Supima Cotton Tee,"Essential crew-neck tee in Supima cotton. Soft, durable, and perfectly weighted.",http://localhost:8080/product/detail.html?id=m63,https://images.unsplash.com/photo-1542103749-8ef59b94f47e?w=400&h=500&fit=crop&q=80,45.00,,Clothing > Men,in stock,White,Men,m6328w
m64,Striped Breton,Classic Breton stripe in heavyweight cotton jersey. Boat neck with long sleeves.,http://localhost:8080/product/detail.html?id=m64,https://images.unsplash.com/photo-1500648767791-00dcc994a43e?w=400&h=500&fit=crop&q=80,55.00,,Clothing > Men,in stock,Navy,Men,m6426n
m65,V-Neck T-Shirt,V-neck tee in organic cotton. Clean cut with a soft hand.,http://localhost:8080/product/detail.html?id=m65,https://images.unsplash.com/photo-1507003211169-0a1dd7228f2d?w=400&h=500&fit=crop&q=80,45.00,,Clothing > Men,in stock,Beige,Men,m6520b
m66,Chino Trousers,Slim-fit chino in garment-dyed cotton twill. A refined casual staple.,http://localhost:8080/product/detail.html?id=m66,https://images.unsplash.com/photo-1519085360753-af0119f7cbe7?w=400&h=500&fit=crop&q=80,125.00,,Clothing > Men,out of stock,Brown,Men,m6621b
m67,Wool Trousers,Tailored flat-front trousers in Italian wool. Medium rise with a slim leg.,http://localhost:8080/product/detail.html?id=m67,https://images.unsplash.com/photo-1480429370139-e0132c086e2a?w=400&h=500&fit=crop&q=80,175.00,,Clothing > Men,in stock,Grey,Men,m6724g
m68,Cargo Pants,Tapered cargo pants in cotton ripstop. Multiple pockets with a modern slim leg.,http://localhost:8080/product/detail.html?id=m68,https://images.unsplash.com/photo-1487222477894-8943e31ef7b2?w=400&h=500&fit=crop&q=80,135.00,,Clothing > Men,in stock,Camel,Men,m6822c
m69,Corduroy Trousers,Wide-wale corduroy trousers with a flat front. Rich texture for autumn and winter.,http://localhost:8080/product/detail.html?id=m69,https://images.unsplash.com/photo-1490578474895-699cd4e2cf59?w=400&h=500&fit=crop&q=80,125.00,,Clothing > Men,in stock,Ivory,Men,m6925i
m70,Linen Trousers,Relaxed drawstring trousers in European linen. Easy summer elegance.,http://localhost:8080/product/detail.html?id=m70,https://images.unsplash.com/photo-1463453091185-61582044d556?w=400&h=500&fit=crop&q=80,115.00,,Clothing > Men,out of stock,Red,Men,m7027r
m71,Selvedge Jeans,Slim-straight jeans in Japanese selvedge denim. Raw indigo with red-line selvedge.,http://localhost:8080/product/detail.html?id=m71,https://images.unsplash.com/photo-1542103749-8ef59b94f47e?w=400&h=500&fit=crop&q=80,165.00,,Clothing > Men,in stock,Green,Men,m7123g
m72,Pleated Trousers,"Double-pleat trousers in flannel wool. Relaxed through the thigh, tapered at the ankle.",http://localhost:8080/product/detail.html?id=m72,https://images.unsplash.com/photo-1500648767791-00dcc994a43e?w=400&h=500&fit=crop&q=80,155.00,,Clothing > Men,in stock,Black,Men,m7219b
m73,Jogger Trousers,Tailored joggers in ponte jersey. Ribbed cuffs with a drawstring waist.,http://localhost:8080/product/detail.html?id=m73,https://images.unsplash.com/photo-1507003211169-0a1dd7228f2d?w=400&h=500&fit=crop&q=80,95.00,,Clothing > Men,in stock,White,Men,m7328w
m74,Wide-Leg Trousers,Wide-leg trousers in cotton twill. High-waisted with a relaxed vintage silhouette.,http://localhost:8080/product/detail.html?id=m74,https://images.unsplash.com/photo-1519085360753-af0119f7cbe7?w=400&h=500&fit=crop&q=80,145.00,,Clothing > Men,out of stock,Navy,Men,m7426n
m75,Slim Jeans,Slim-fit jeans in stretch denim. Dark rinse with a clean finish.,http://localhost:8080/product/detail.html?id=m75,https://images.unsplash.com/photo-1480429370139-e0132c086e2a?w=400&h=500&fit=crop&q=80,135.00,,Clothing > Men,in stock,Beige,Men,m7520b
m76,Drawstring Trousers,Easy drawstring trousers in cotton-linen blend. Elastic waist with a tapered leg.,http://localhost:8080/product/detail.html?id=m76,https://images.unsplash.com/photo-1487222477894-8943e31ef7b2?w=400&h=500&fit=crop&q=80,115.00,,Clothing > Men,in stock,Brown,Men,m7621b
m77,Twill Chinos,Classic-fit chinos in brushed cotton twill. Versatile from office to weekend.,http://localhost:8080/product/detail.html?id=m77,https://images.unsplash.com/photo-1490578474895-699cd4e2cf59?w=400&h=500&fit=crop&q=80,115.00,,Clothing > Men,in stock,Grey,Men,m7724g
m78,Track Pants,Technical track pants with tonal side stripe. Zip pockets and elasticated cuffs.,http://localhost:8080/product/detail.html?id=m78,https://images.unsplash.com/photo-1463453091185-61582044d556?w=400&h=500&fit=crop&q=80,95.00,,Clothing > Men,out of stock,Camel,Men,m7822c
m79,Flat-Front Trousers,Flat-front trousers in cotton gabardine. Clean lines with a straight leg.,http://localhost:8080/product/detail.html?id=m79,https://images.unsplash.com/photo-1542103749-8ef59b94f47e?w=400&h=500&fit=crop&q=80,135.00,,Clothing > Men,in stock,Ivory,Men,m7925i
m80,Cropped Trousers,Ankle-length trousers in stretch cotton. Modern proportions with a turn-up hem.,http://localhost:8080/product/detail.html?id=m80,https://images.unsplash.com/photo-1500648767791-00dcc994a43e?w=400&h=500&fit=crop&q=80,125.00,,Clothing > Men,in stock,Red,Men,m8027r
m81,Relaxed Jeans,Relaxed-fit jeans in mid-wash denim. Easy through the hip and thigh.,http://localhost:8080/product/detail.html?id=m81,https://images.unsplash.com/photo-1507003211169-0a1dd7228f2d?w=400&h=500&fit=crop&q=80,135.00,,Clothing > Men,in stock,Green,Men,m8123g
m82,Moleskin Trousers,Soft moleskin trousers in a five-pocket style. Brushed for a suede-like hand.,http://localhost:8080/product/detail.html?id=m82,https://images.unsplash.com/photo-1519085360753-af0119f7cbe7?w=400&h=500&fit=crop&q=80,135.00,,Clothing > Men,out of stock,Black,Men,m8219b
m83,Herringbone Trousers,Herringbone-weave trousers in wool blend. Distinctive texture with a flat front.,http://localhost:8080/product/detail.html?id=m83,https://images.unsplash.com/photo-1480429370139-e0132c086e2a?w=400&h=500&fit=crop&q=80,145.00,,Clothing > Men,in stock,White,Men,m8328w
m84,Stretch Chinos,Cotton-elastane chinos with hidden stretch. Comfort without compromising shape.,http://localhost:8080/product/detail.html?id=m84,https://images.unsplash.com/photo-1487222477894-8943e31ef7b2?w=400&h=500&fit=crop&q=80,115.00,,Clothing > Men,in stock,Navy,Men,m8426n
m85,Tailored Shorts,Tailored shorts in cotton twill. Above-the-knee cut with a flat front.,http://localhost:8080/product/detail.html?id=m85,https://images.unsplash.com/photo-1490578474895-699cd4e2cf59?w=400&h=500&fit=crop&q=80,85.00,,Clothing > Men,in stock,Beige,Men,m8520b
m86,Bermuda Shorts,Cotton Bermuda shorts with a relaxed fit. Mid-thigh length with side pockets.,http://localhost:8080/product/detail.html?id=m86,https://images.unsplash.com/photo-1463453091185-61582044d556?w=400&h=500&fit=crop&q=80,75.00,,Clothing > Men,out of stock,Brown,Men,m8621b
m87,Swim Trunks,Quick-dry swim trunks with internal mesh. Side pockets and drawstring waist.,http://localhost:8080/product/detail.html?id=m87,https://images.unsplash.com/photo-1542103749-8ef59b94f47e?w=400&h=500&fit=crop&q=80,65.00,,Clothing > Men,in stock,Grey,Men,m8724g
m88,Tweed Trousers,Slim-fit trousers in Donegal tweed. Colourful neps add heritage character.,http://localhost:8080/product/detail.html?id=m88,https://images.unsplash.com/photo-1500648767791-00dcc994a43e?w=400&h=500&fit=crop&q=80,155.00,,Clothing > Men,in stock,Camel,Men,m8822c
m89,Seersucker Trousers,Lightweight seersucker trousers with a flat front. Puckered texture stays cool.,http://localhost:8080/product/detail.html?id=m89,https://images.unsplash.com/photo-1507003211169-0a1dd7228f2d?w=400&h=500&fit=crop&q=80,105.00,,Clothing > Men,in stock,Ivory,Men,m8925i
m90,Canvas Trousers,Heavy cotton canvas trousers with a straight leg. Workwear-inspired with reinforced knees.,http://localhost:8080/product/detail.html?id=m90,https://images.unsplash.com/photo-1519085360753-af0119f7cbe7?w=400&h=500&fit=crop&q=80,105.00,,Clothing > Men,out of stock,Red,Men,m9027r
m91,Tech Trousers,Performance trousers in four-way stretch fabric. Water-resistant with zip pockets.,http://localhost:8080/product/detail.html?id=m91,https://images.unsplash.com/photo-1480429370139-e0132c086e2a?w=400&h=500&fit=crop&q=80,125.00,,Clothing > Men,in stock,Green,Men,m9123g
m92,Straight Jeans,Straight-leg jeans in rigid denim. Classic five-pocket with a regular rise.,http://localhost:8080/product/detail.html?id=m92,https://images.unsplash.com/photo-1487222477894-8943e31ef7b2?w=400&h=500&fit=crop&q=80,125.00,,Clothing > Men,in stock,Black,Men,m9219b
m93,Wool Flannel Trousers,Mid-grey flannel trousers in pure wool. A menswear essential.,http://localhost:8080/product/detail.html?id=m93,https://images.unsplash.com/photo-1490578474895-699cd4e2cf59?w=400&h=500&fit=crop&q=80,165.00,,Clothing > Men,in stock,White,Men,m9328w
m94,Tapered Cargo Pants,Modern cargo pants with a tapered leg. Cotton-blend with utility pockets.,http://localhost:8080/product/detail.html?id=m94,https://images.unsplash.com/photo-1463453091185-61582044d556?w=400&h=500&fit=crop&q=80,125.00,,Clothing > Men,out of stock,Navy,Men,m9426n
m95,Fatigue Pants,Military-inspired fatigue pants in washed cotton. Relaxed fit with button fly.,http://localhost:8080/product/detail.html?id=m95,https://images.unsplash.com/photo-1542103749-8ef59b94f47e?w=400&h=500&fit=crop&q=80,115.00,,Clothing > Men,in stock,Beige,Men,m9520b
m96,Wool Overcoat,Single-breasted long overcoat in Italian wool. Concealed button placket.,http://localhost:8080/product/detail.html?id=m96,https://images.unsplash.com/photo-1500648767791-00dcc994a43e?w=400&h=500&fit=crop&q=80,380.00,,Clothing > Men,in stock,Brown,Men,m9621b
m97,Leather Jacket,Biker jacket in full-grain leather. YKK zips throughout with quilted lining.,http://localhost:8080/product/detail.html?id=m97,https://images.unsplash.com/photo-1507003211169-0a1dd7228f2d?w=400&h=500&fit=crop&q=80,340.00,,Clothing > Men,in stock,Grey,Men,m9724g
m98,Trench Coat,Classic Mackintosh-style trench in gabardine. Belted waist with storm flap.,http://localhost:8080/product/detail.html?id=m98,https://images.unsplash.com/photo-1519085360753-af0119f7cbe7?w=400&h=500&fit=crop&q=80,365.00,,Clothing > Men,out of stock,Camel,Men,m9822c
m99,Quilted Jacket,Diamond-quilted jacket with corduroy collar. Snap-front closure with check lining.,http://localhost:8080/product/detail.html?id=m99,https://images.unsplash.com/photo-1480429370139-e0132c086e2a?w=400&h=500&fit=crop&q=80,195.00,,Clothing > Men,in stock,Ivory,Men,m9925i
m100,Pea Coat,Double-breasted pea coat in Italian wool. Anchor-embossed buttons.,http://localhost:8080/product/detail.html?id=m100,https://images.unsplash.com/photo-1487222477894-8943e31ef7b2?w=400&h=500&fit=crop&q=80,295.00,,Clothing > Men,in stock,Red,Men,m10027r
m101,Parka,Fishtail parka with faux-fur-lined hood. Waterproof shell with warm padding.,http://localhost:8080/product/detail.html?id=m101,https://images.unsplash.com/photo-1490578474895-699cd4e2cf59?w=400&h=500&fit=crop&q=80,275.00,,Clothing > Men,in stock,Green,Men,m10123g
m102,Bomber Jacket,"MA-1 bomber jacket in nylon twill. Ribbed collar, cuffs, and hem.",http://localhost:8080/product/detail.html?id=m102,https://images.unsplash.com/photo-1463453091185-61582044d556?w=400&h=500&fit=crop&q=80,195.00,,Clothing > Men,out of stock,Black,Men,m10219b
m103,Harrington Jacket,Classic Harrington jacket in cotton-poly blend. Tartan lining with a stand collar.,http://localhost:8080/product/detail.html?id=m103,https://images.unsplash.com/photo-1542103749-8ef59b94f47e?w=400&h=500&fit=crop&q=80,185.00,,Clothing > Men,in stock,White,Men,m10328w
m104,Suede Jacket,Trucker-style jacket in goat suede. Snap-front closure with side pockets.,http://localhost:8080/product/detail.html?id=m104,https://images.unsplash.com/photo-1500648767791-00dcc994a43e?w=400&h=500&fit=crop&q=80,295.00,,Clothing > Men,in stock,Navy,Men,m10426n
m105,Denim Jacket,Classic denim trucker jacket in rigid selvedge. Brass buttons and chest pockets.,http://localhost:8080/product/detail.html?id=m105,https://images.unsplash.com/photo-1507003211169-0a1dd7228f2d?w=400&h=500&fit=crop&q=80,145.00,,Clothing > Men,in stock,Beige,Men,m10520b
m106,Down Puffer Jacket,Lightweight goose-down puffer. Packable design with a water-resistant shell.,http://localhost:8080/product/detail.html?id=m106,https://images.unsplash.com/photo-1519085360753-af0119f7cbe7?w=400&h=500&fit=crop&q=80,225.00,,Clothing > Men,out of stock,Brown,Men,m10621b
m107,Field Jacket,Cotton canvas field jacket with four pockets. Military heritage with a modern fit.,http://localhost:8080/product/detail.html?id=m107,https://images.unsplash.com/photo-1480429370139-e0132c086e2a?w=400&h=500&fit=crop&q=80,215.00,,Clothing > Men,in stock,Grey,Men,m10724g
m108,Wax Jacket,Waxed cotton jacket with corduroy collar. Water-resistant for outdoor pursuits.,http://localhost:8080/product/detail.html?id=m108,https://images.unsplash.com/photo-1487222477894-8943e31ef7b2?w=400&h=500&fit=crop&q=80,245.00,,Clothing > Men,in stock,Camel,Men,m10822c
m109,Shearling Jacket,Genuine shearling aviator jacket. Warm wool interior with rugged leather exterior.,http://localhost:8080/product/detail.html?id=m109,https://images.unsplash.com/photo-1490578474895-699cd4e2cf59?w=400&h=500&fit=crop&q=80,495.00,,Clothing > Men,in stock,Ivory,Men,m10925i
m110,Mac Coat,Lightweight rubberised mac in olive. Hidden zip with snap-button placket.,http://localhost:8080/product/detail.html?id=m110,https://images.unsplash.com/photo-1463453091185-61582044d556?w=400&h=500&fit=crop&q=80,225.00,,Clothing > Men,out of stock,Red,Men,m11027r
m111,Topcoat,Knee-length topcoat in wool-cashmere. Single-breasted with notch lapels.,http://localhost:8080/product/detail.html?id=m111,https://images.unsplash.com/photo-1542103749-8ef59b94f47e?w=400&h=500&fit=crop&q=80,325.00,,Clothing > Men,in stock,Green,Men,m11123g
m112,Coach Jacket,Nylon coach jacket with snap front. Lightweight with a drawstring hem.,http://localhost:8080/product/detail.html?id=m112,https://images.unsplash.com/photo-1500648767791-00dcc994a43e?w=400&h=500&fit=crop&q=80,145.00,,Clothing > Men,in stock,Black,Men,m11219b
m113,Varsity Jacket,Wool-body varsity jacket with leather sleeves. Snap-front with ribbed trim.,http://localhost:8080/product/detail.html?id=m113,https://images.unsplash.com/photo-1507003211169-0a1dd7228f2d?w=400&h=500&fit=crop&q=80,195.00,,Clothing > Men,in stock,White,Men,m11328w
m114,Gilet,Down-filled gilet with a stand collar. Zip front with hand-warmer pockets.,http://localhost:8080/product/detail.html?id=m114,https://images.unsplash.com/photo-1519085360753-af0119f7cbe7?w=400&h=500&fit=crop&q=80,155.00,,Clothing > Men,out of stock,Navy,Men,m11426n
m115,Safari Jacket,Cotton safari jacket with bellows pockets. Belted waist with a collar.,http://localhost:8080/product/detail.html?id=m115,https://images.unsplash.com/photo-1480429370139-e0132c086e2a?w=400&h=500&fit=crop&q=80,225.00,,Clothing > Men,in stock,Beige,Men,m11520b
m116,Blouson Jacket,Lightweight blouson in cotton-linen blend. Elasticated hem with a zip front.,http://localhost:8080/product/detail.html?id=m116,https://images.unsplash.com/photo-1487222477894-8943e31ef7b2?w=400&h=500&fit=crop&q=80,175.00,,Clothing > Men,in stock,Brown,Men,m11621b
m117,Leather Blazer,Two-button blazer in soft nappa leather. Fully lined with patch pockets.,http://localhost:8080/product/detail.html?id=m117,https://images.unsplash.com/photo-1490578474895-699cd4e2cf59?w=400&h=500&fit=crop&q=80,395.00,,Clothing > Men,in stock,Grey,Men,m11724g
m118,Technical Jacket,Three-layer waterproof jacket with sealed seams. Packable hood and zip pockets.,http://localhost:8080/product/detail.html?id=m118,https://images.unsplash.com/photo-1463453091185-61582044d556?w=400&h=500&fit=crop&q=80,235.00,,Clothing > Men,out of stock,Camel,Men,m11822c
m119,Oversize Puffer,Oversized puffer coat with a hood. Sustainable recycled fill.,http://localhost:8080/product/detail.html?id=m119,https://images.unsplash.com/photo-1542103749-8ef59b94f47e?w=400&h=500&fit=crop&q=80,245.00,,Clothing > Men,in stock,Ivory,Men,m11925i
m120,Raglan Raincoat,Raglan-sleeve raincoat in bonded cotton. Clean silhouette with a hidden placket.,http://localhost:8080/product/detail.html?id=m120,https://images.unsplash.com/photo-1500648767791-00dcc994a43e?w=400&h=500&fit=crop&q=80,265.00,,Clothing > Men,in stock,Red,Men,m12027r
m121,Knit Blazer,"Ponte-knit blazer with a soft construction. The ease of knitwear, the look of tailoring.",http://localhost:8080/product/detail.html?id=m121,https://images.unsplash.com/photo-1507003211169-0a1dd7228f2d?w=400&h=500&fit=crop&q=80,195.00,,Clothing > Men,in stock,Green,Men,m12123g
m122,Camel Overcoat,Full-length overcoat in camel wool. The quintessential investment coat.,http://localhost:8080/product/detail.html?id=m122,https://images.unsplash.com/photo-1519085360753-af0119f7cbe7?w=400&h=500&fit=crop&q=80,395.00,,Clothing > Men,out of stock,Black,Men,m12219b
m123,Duffle Coat,Classic duffle coat in heavy wool. Toggle closure with a detachable hood.,http://localhost:8080/product/detail.html?id=m123,https://images.unsplash.com/photo-1480429370139-e0132c086e2a?w=400&h=500&fit=crop&q=80,285.00,,Clothing > Men,in stock,White,Men,m12328w
m124,Nehru Vest,Quilted silk Nehru vest. Mandarin collar with a zip front.,http://localhost:8080/product/detail.html?id=m124,https://images.unsplash.com/photo-1487222477894-8943e31ef7b2?w=400&h=500&fit=crop&q=80,145.00,,Clothing > Men,in stock,Navy,Men,m12426n
m125,Shirt Jacket,Heavy cotton overshirt-jacket hybrid. Snap buttons with chest pockets.,http://localhost:8080/product/detail.html?id=m125,https://images.unsplash.com/photo-1490578474895-699cd4e2cf59?w=400&h=500&fit=crop&q=80,165.00,,Clothing > Men,in stock,Beige,Men,m12520b
m126,Merino Sweater,Crew-neck sweater in 18-micron extra-fine merino. Soft and wrinkle-resistant.,http://localhost:8080/product/detail.html?id=m126,https://images.unsplash.com/photo-1463453091185-61582044d556?w=400&h=500&fit=crop&q=80,195.00,,Clothing > Men,out of stock,Brown,Men,m12621b
m127,Cashmere V-Neck,Pure cashmere V-neck sweater. Relaxed fit with ribbed trim.,http://localhost:8080/product/detail.html?id=m127,https://images.unsplash.com/photo-1542103749-8ef59b94f47e?w=400&h=500&fit=crop&q=80,245.00,,Clothing > Men,in stock,Grey,Men,m12724g
m128,Cable Knit Sweater,Fisherman-style cable-knit sweater in merino wool. Crew neck with heavy texture.,http://localhost:8080/product/detail.html?id=m128,https://images.unsplash.com/photo-1500648767791-00dcc994a43e?w=400&h=500&fit=crop&q=80,175.00,,Clothing > Men,in stock,Camel,Men,m12822c
m129,Rollneck Sweater,Fine-gauge rollneck in extra-fine merino. A sleek cold-weather layer.,http://localhost:8080/product/detail.html?id=m129,https://images.unsplash.com/photo-1507003211169-0a1dd7228f2d?w=400&h=500&fit=crop&q=80,155.00,,Clothing > Men,in stock,Ivory,Men,m12925i
m130,Cashmere Crew Neck,Grade-A cashmere crew neck. Relaxed fit in a classic weight.,http://localhost:8080/product/detail.html?id=m130,https://images.unsplash.com/photo-1519085360753-af0119f7cbe7?w=400&h=500&fit=crop&q=80,225.00,,Clothing > Men,out of stock,Red,Men,m13027r
m131,Cotton Sweater,Lightweight cotton sweater with a crew neck. Perfect for spring layering.,http://localhost:8080/product/detail.html?id=m131,https://images.unsplash.com/photo-1480429370139-e0132c086e2a?w=400&h=500&fit=crop&q=80,115.00,,Clothing > Men,in stock,Green,Men,m13123g
m132,Half-Zip Sweater,Merino wool half-zip with a ribbed collar. Versatile smart-casual knitwear.,http://localhost:8080/product/detail.html?id=m132,https://images.unsplash.com/photo-1487222477894-8943e31ef7b2?w=400&h=500&fit=crop&q=80,145.00,,Clothing > Men,in stock,Black,Men,m13219b
m133,Fair Isle Sweater,Traditional Fair Isle sweater in Shetland wool. Heritage knitting in modern colours.,http://localhost:8080/product/detail.html?id=m133,https://images.unsplash.com/photo-1490578474895-699cd4e2cf59?w=400&h=500&fit=crop&q=80,175.00,,Clothing > Men,in stock,White,Men,m13328w
m134,Cardigan,Shawl-collar cardigan in a wool-alpaca blend. Button-through with patch pockets.,http://localhost:8080/product/detail.html?id=m134,https://images.unsplash.com/photo-1463453091185-61582044d556?w=400&h=500&fit=crop&q=80,155.00,,Clothing > Men,out of stock,Navy,Men,m13426n
m135,Cashmere Hoodie,Zip-through hoodie in pure cashmere. Drawstring hood and kangaroo pocket.,http://localhost:8080/product/detail.html?id=m135,https://images.unsplash.com/photo-1542103749-8ef59b94f47e?w=400&h=500&fit=crop&q=80,265.00,,Clothing > Men,in stock,Beige,Men,m13520b
m136,Chunky Sweater,Heavyweight chunky-knit sweater in lambswool. Mock neck with ribbed trim.,http://localhost:8080/product/detail.html?id=m136,https://images.unsplash.com/photo-1500648767791-00dcc994a43e?w=400&h=500&fit=crop&q=80,165.00,,Clothing > Men,in stock,Brown,Men,m13621b
m137,Zip Cardigan,Full-zip cardigan in merino wool. Stand collar with side pockets.,http://localhost:8080/product/detail.html?id=m137,https://images.unsplash.com/photo-1507003211169-0a1dd7228f2d?w=400&h=500&fit=crop&q=80,145.00,,Clothing > Men,in stock,Grey,Men,m13724g
m138,Striped Sweater,Nautical-stripe sweater in cotton. Crew neck with a regular fit.,http://localhost:8080/product/detail.html?id=m138,https://images.unsplash.com/photo-1519085360753-af0119f7cbe7?w=400&h=500&fit=crop&q=80,125.00,,Clothing > Men,out of stock,Camel,Men,m13822c
m139,Sleeveless Sweater,V-neck sleeveless sweater in fine merino. A classic layering piece.,http://localhost:8080/product/detail.html?id=m139,https://images.unsplash.com/photo-1480429370139-e0132c086e2a?w=400&h=500&fit=crop&q=80,95.00,,Clothing > Men,in stock,Ivory,Men,m13925i
m140,Mohair Sweater,Brushed mohair-blend sweater with a loose fit. Subtle texture and lightweight warmth.,http://localhost:8080/product/detail.html?id=m140,https://images.unsplash.com/photo-1487222477894-8943e31ef7b2?w=400&h=500&fit=crop&q=80,155.00,,Clothing > Men,in stock,Red,Men,m14027r
m141,Aran Sweater,Traditional Aran-stitch sweater in undyed wool. Authentic heritage craft.,http://localhost:8080/product/detail.html?id=m141,https://images.unsplash.com/photo-1490578474895-699cd4e2cf59?w=400&h=500&fit=crop&q=80,185.00,,Clothing > Men,in stock,Green,Men,m14123g
m142,Merino Turtleneck,Fine-gauge merino turtleneck. Slim fit with a luxurious hand.,http://localhost:8080/product/detail.html?id=m142,https://images.unsplash.com/photo-1463453091185-61582044d556?w=400&h=500&fit=crop&q=80,145.00,,Clothing > Men,out of stock,Black,Men,m14219b
m143,Cotton Cardigan,Lightweight cotton cardigan with bone buttons. Relaxed fit for warmer months.,http://localhost:8080/product/detail.html?id=m143,https://images.unsplash.com/photo-1542103749-8ef59b94f47e?w=400&h=500&fit=crop&q=80,115.00,,Clothing > Men,in stock,White,Men,m14328w
m144,Colour-Block Sweater,Bold colour-block sweater in organic cotton. Modern graphic minimalism.,http://localhost:8080/product/detail.html?id=m144,https://images.unsplash.com/photo-1500648767791-00dcc994a43e?w=400&h=500&fit=crop&q=80,125.00,,Clothing > Men,in stock,Navy,Men,m14426n
m145,Textured Knit Polo,Short-sleeve polo in waffle-knit cotton. Textured surface with a clean finish.,http://localhost:8080/product/detail.html?id=m145,https://images.unsplash.com/photo-1507003211169-0a1dd7228f2d?w=400&h=500&fit=crop&q=80,95.00,,Clothing > Men,in stock,Beige,Men,m14520b
m146,Graphic Tee,Premium cotton tee with original graphic print. Relaxed fit with a vintage wash.,http://localhost:8080/product/detail.html?id=m146,https://images.unsplash.com/photo-1519085360753-af0119f7cbe7?w=400&h=500&fit=crop&q=80,55.00,,Clothing > Men,out of stock,Brown,Men,m14621b
m147,Crew Neck T-Shirt,Essential crew-neck tee in heavy cotton. The perfect weight and drape.,http://localhost:8080/product/detail.html?id=m147,https://images.unsplash.com/photo-1480429370139-e0132c086e2a?w=400&h=500&fit=crop&q=80,45.00,,Clothing > Men,in stock,Grey,Men,m14724g
m148,Tank Top,Ribbed cotton tank top with a regular fit. A summer essential.,http://localhost:8080/product/detail.html?id=m148,https://images.unsplash.com/photo-1487222477894-8943e31ef7b2?w=400&h=500&fit=crop&q=80,35.00,,Clothing > Men,in stock,Camel,Men,m14822c
m149,Pocket Tee,Cotton jersey tee with a contrast chest pocket. Relaxed fit.,http://localhost:8080/product/detail.html?id=m149,https://images.unsplash.com/photo-1490578474895-699cd4e2cf59?w=400&h=500&fit=crop&q=80,55.00,,Clothing > Men,in stock,Ivory,Men,m14925i
m150,Waffle Knit Henley,Waffle-stitch Henley in cotton. Three-button placket with a thermal feel.,http://localhost:8080/product/detail.html?id=m150,https://images.unsplash.com/photo-1463453091185-61582044d556?w=400&h=500&fit=crop&q=80,75.00,,Clothing > Men,out of stock,Red,Men,m15027r
m151,Sweatshirt,Classic crewneck sweatshirt in loopback cotton. Ribbed trim with a regular fit.,http://localhost:8080/product/detail.html?id=m151,https://images.unsplash.com/photo-1542103749-8ef59b94f47e?w=400&h=500&fit=crop&q=80,85.00,,Clothing > Men,in stock,Green,Men,m15123g
m152,Zip Hoodie,Full-zip hoodie in heavyweight cotton fleece. Drawstring hood and kangaroo pocket.,http://localhost:8080/product/detail.html?id=m152,https://images.unsplash.com/photo-1500648767791-00dcc994a43e?w=400&h=500&fit=crop&q=80,95.00,,Clothing > Men,in stock,Black,Men,m15219b
m153,Pullover Hoodie,Over-the-head hoodie in brushed cotton. Kangaroo pocket with ribbed cuffs.,http://localhost:8080/product/detail.html?id=m153,https://images.unsplash.com/photo-1507003211169-0a1dd7228f2d?w=400&h=500&fit=crop&q=80,85.00,,Clothing > Men,in stock,White,Men,m15328w
m154,Raglan Sweatshirt,Raglan-sleeve sweatshirt in French terry. Clean silhouette with no logos.,http://localhost:8080/product/detail.html?id=m154,https://images.unsplash.com/photo-1519085360753-af0119f7cbe7?w=400&h=500&fit=crop&q=80,85.00,,Clothing > Men,out of stock,Navy,Men,m15426n
m155,Rugby Shirt,Heavyweight cotton rugby shirt. Bold chest stripe with a rubber-button placket.,http://localhost:8080/product/detail.html?id=m155,https://images.unsplash.com/photo-1480429370139-e0132c086e2a?w=400&h=500&fit=crop&q=80,85.00,,Clothing > Men,in stock,Beige,Men,m15520b
m156,Thermal Henley,Heavyweight thermal Henley for cold days. Waffle texture with four-button placket.,http://localhost:8080/product/detail.html?id=m156,https://images.unsplash.com/photo-1487222477894-8943e31ef7b2?w=400&h=500&fit=crop&q=80,65.00,,Clothing > Men,in stock,Brown,Men,m15621b
m157,Pima Cotton Tee,Extra-long-staple Pima cotton tee. Luxuriously soft with a tailored fit.,http://localhost:8080/product/detail.html?id=m157,https://images.unsplash.com/photo-1490578474895-699cd4e2cf59?w=400&h=500&fit=crop&q=80,55.00,,Clothing > Men,in stock,Grey,Men,m15724g
m158,Zip-Neck Sweater,Quarter-zip sweater in merino-cotton blend. Smart layering over shirts.,http://localhost:8080/product/detail.html?id=m158,https://images.unsplash.com/photo-1463453091185-61582044d556?w=400&h=500&fit=crop&q=80,135.00,,Clothing > Men,out of stock,Camel,Men,m15822c
m159,Jacquard Polo,Polo shirt with a tonal jacquard pattern. Subtle texture for elevated casual.,http://localhost:8080/product/detail.html?id=m159,https://images.unsplash.com/photo-1542103749-8ef59b94f47e?w=400&h=500&fit=crop&q=80,85.00,,Clothing > Men,in stock,Ivory,Men,m15925i
m160,Oversized Tee,Deliberately oversized tee in organic cotton. Dropped shoulders and a long body.,http://localhost:8080/product/detail.html?id=m160,https://images.unsplash.com/photo-1500648767791-00dcc994a43e?w=400&h=500&fit=crop&q=80,55.00,,Clothing > Men,in stock,Red,Men,m16027r
m161,Swim Shorts,Mid-length swim shorts with a drawstring. Quick-dry fabric with mesh lining.,http://localhost:8080/product/detail.html?id=m161,https://images.unsplash.com/photo-1507003211169-0a1dd7228f2d?w=400&h=500&fit=crop&q=80,75.00,,Clothing > Men,in stock,Green,Men,m16123g
m162,Linen Shorts,Relaxed linen shorts with an elasticated waist. Breathable for hot days.,http://localhost:8080/product/detail.html?id=m162,https://images.unsplash.com/photo-1519085360753-af0119f7cbe7?w=400&h=500&fit=crop&q=80,85.00,,Clothing > Men,out of stock,Black,Men,m16219b
m163,Cotton Robe,Heavyweight waffle-knit cotton robe. Shawl collar with a self-tie belt.,http://localhost:8080/product/detail.html?id=m163,https://images.unsplash.com/photo-1480429370139-e0132c086e2a?w=400&h=500&fit=crop&q=80,95.00,,Clothing > Men,in stock,White,Men,m16328w
m164,Pyjama Set,Cotton poplin pyjama set with piped edges. Classic notched-collar jacket.,http://localhost:8080/product/detail.html?id=m164,https://images.unsplash.com/photo-1487222477894-8943e31ef7b2?w=400&h=500&fit=crop&q=80,95.00,,Clothing > Men,in stock,Navy,Men,m16426n
m165,Chino Shorts,Flat-front chino shorts in cotton twill. Nine-inch inseam with side pockets.,http://localhost:8080/product/detail.html?id=m165,https://images.unsplash.com/photo-1490578474895-699cd4e2cf59?w=400&h=500&fit=crop&q=80,75.00,,Clothing > Men,in stock,Beige,Men,m16520b
m166,Running Shorts,Lightweight running shorts with built-in briefs. Reflective details for visibility.,http://localhost:8080/product/detail.html?id=m166,https://images.unsplash.com/photo-1463453091185-61582044d556?w=400&h=500&fit=crop&q=80,55.00,,Clothing > Men,out of stock,Brown,Men,m16621b
m167,Jogger Shorts,Sweat shorts in loopback cotton. Drawstring waist with a relaxed fit.,http://localhost:8080/product/detail.html?id=m167,https://images.unsplash.com/photo-1542103749-8ef59b94f47e?w=400&h=500&fit=crop&q=80,65.00,,Clothing > Men,in stock,Grey,Men,m16724g
m168,Performance Polo,Moisture-wicking performance polo. UPF 50 protection for active days.,http://localhost:8080/product/detail.html?id=m168,https://images.unsplash.com/photo-1500648767791-00dcc994a43e?w=400&h=500&fit=crop&q=80,85.00,,Clothing > Men,in stock,Camel,Men,m16822c
m169,Athletic Tank,Lightweight athletic tank in technical mesh. Breathable for intense workouts.,http://localhost:8080/product/detail.html?id=m169,https://images.unsplash.com/photo-1507003211169-0a1dd7228f2d?w=400&h=500&fit=crop&q=80,45.00,,Clothing > Men,in stock,Ivory,Men,m16925i
m170,Suspenders,Clip-on suspenders in woven elastic. Classic stripe pattern in silk-blend.,http://localhost:8080/product/detail.html?id=m170,https://images.unsplash.com/photo-1519085360753-af0119f7cbe7?w=400&h=500&fit=crop&q=80,65.00,,Clothing > Men,out of stock,Red,Men,m17027r
m171,Wool Scarf,Pure lambswool scarf in a heritage check. Generous length for wrapping.,http://localhost:8080/product/detail.html?id=m171,https://images.unsplash.com/photo-1480429370139-e0132c086e2a?w=400&h=500&fit=crop&q=80,85.00,,Clothing > Men,in stock,Green,Men,m17123g
m172,Cashmere Beanie,Ribbed cashmere beanie. Double-layered for extra warmth.,http://localhost:8080/product/detail.html?id=m172,https://images.unsplash.com/photo-1487222477894-8943e31ef7b2?w=400&h=500&fit=crop&q=80,75.00,,Clothing > Men,in stock,Black,Men,m17219b
m173,Leather Gloves,Cashmere-lined leather gloves in nappa lambskin. Touchscreen-compatible fingertips.,http://localhost:8080/product/detail.html?id=m173,https://images.unsplash.com/photo-1490578474895-699cd4e2cf59?w=400&h=500&fit=crop&q=80,95.00,,Clothing > Men,in stock,White,Men,m17328w
m174,Cotton Boxer Briefs,Pack of three boxer briefs in stretch cotton. Comfortable fit all day.,http://localhost:8080/product/detail.html?id=m174,https://images.unsplash.com/photo-1463453091185-61582044d556?w=400&h=500&fit=crop&q=80,35.00,,Clothing > Men,out of stock,Navy,Men,m17426n
m175,Merino Socks,Fine merino wool socks in mid-calf length. Temperature-regulating and odour-resistant.,http://localhost:8080/product/detail.html?id=m175,https://images.unsplash.com/photo-1542103749-8ef59b94f47e?w=400&h=500&fit=crop&q=80,25.00,,Clothing > Men,in stock,Beige,Men,m17520b
m176,Silk Tie,Hand-rolled silk tie in a jacquard weave. Classic 8cm width.,http://localhost:8080/product/detail.html?id=m176,https://images.unsplash.com/photo-1500648767791-00dcc994a43e?w=400&h=500&fit=crop&q=80,85.00,,Clothing > Men,in stock,Brown,Men,m17621b
m177,Bow Tie,Self-tie bow tie in silk satin. For when the occasion calls for it.,http://localhost:8080/product/detail.html?id=m177,https://images.unsplash.com/photo-1507003211169-0a1dd7228f2d?w=400&h=500&fit=crop&q=80,65.00,,Clothing > Men,in stock,Grey,Men,m17724g
m178,Pocket Square,Hand-rolled silk pocket square. Original MAISON prints.,http://localhost:8080/product/detail.html?id=m178,https://images.unsplash.com/photo-1519085360753-af0119f7cbe7?w=400&h=500&fit=crop&q=80,45.00,,Clothing > Men,out of stock,Camel,Men,m17822c
m179,Knit Tie,Silk knit tie with a square-cut end. Textured alternative to woven silk.,http://localhost:8080/product/detail.html?id=m179,https://images.unsplash.com/photo-1480429370139-e0132c086e2a?w=400&h=500&fit=crop&q=80,65.00,,Clothing > Men,in stock,Ivory,Men,m17925i
m180,Cufflinks,Sterling silver cufflinks with a knot design. Polished finish with a T-bar closure.,http://localhost:8080/product/detail.html?id=m180,https://images.unsplash.com/photo-1487222477894-8943e31ef7b2?w=400&h=500&fit=crop&q=80,95.00,,Clothing > Men,in stock,Red,Men,m18027r
m181,Dress Socks,Mercerised cotton dress socks in over-the-calf length. Stay-up ribbed top.,http://localhost:8080/product/detail.html?id=m181,https://images.unsplash.com/photo-1490578474895-699cd4e2cf59?w=400&h=500&fit=crop&q=80,35.00,,Clothing > Men,in stock,Green,Men,m18123g
m182,Lounge Pants,Cotton-modal lounge pants with a drawstring waist. Incredibly soft for relaxing.,http://localhost:8080/product/detail.html?id=m182,https://images.unsplash.com/photo-1463453091185-61582044d556?w=400&h=500&fit=crop&q=80,75.00,,Clothing > Men,out of stock,Black,Men,m18219b
m183,Cashmere Lounge Set,Two-piece cashmere lounge set. Crew neck and straight-leg pants.,http://localhost:8080/product/detail.html?id=m183,https://images.unsplash.com/photo-1542103749-8ef59b94f47e?w=400&h=500&fit=crop&q=80,345.00,,Clothing > Men,in stock,White,Men,m18328w
m184,Quilted Gilet,Quilted gilet with a stand collar. Down-filled with zip pockets.,http://localhost:8080/product/detail.html?id=m184,https://images.unsplash.com/photo-1500648767791-00dcc994a43e?w=400&h=500&fit=crop&q=80,165.00,,Clothing > Men,in stock,Navy,Men,m18426n
m185,Hooded Parka,Heavyweight hooded parka with faux-fur trim. Waterproof with a fleece lining.,http://localhost:8080/product/detail.html?id=m185,https://images.unsplash.com/photo-1507003211169-0a1dd7228f2d?w=400&h=500&fit=crop&q=80,295.00,,Clothing > Men,in stock,Beige,Men,m18520b
m186,Peacoat,Classic double-breasted peacoat in navy wool. An enduring cold-weather icon.,http://localhost:8080/product/detail.html?id=m186,https://images.unsplash.com/photo-1519085360753-af0119f7cbe7?w=400&h=500&fit=crop&q=80,285.00,,Clothing > Men,out of stock,Brown,Men,m18621b
m187,Linen Overshirt,Garment-dyed linen overshirt. Wear open as a light layer or buttoned as a shirt.,http://localhost:8080/product/detail.html?id=m187,https://images.unsplash.com/photo-1480429370139-e0132c086e2a?w=400&h=500&fit=crop&q=80,105.00,,Clothing > Men,in stock,Grey,Men,m18724g
m188,Zip Vest,Stretch fleece zip vest for layering. Stand collar with zip pockets.,http://localhost:8080/product/detail.html?id=m188,https://images.unsplash.com/photo-1487222477894-8943e31ef7b2?w=400&h=500&fit=crop&q=80,115.00,,Clothing > Men,in stock,Camel,Men,m18822c
m189,Track Jacket,Retro-inspired track jacket in tricot. Zip front with stripe detail at the sleeves.,http://localhost:8080/product/detail.html?id=m189,https://images.unsplash.com/photo-1490578474895-699cd4e2cf59?w=400&h=500&fit=crop&q=80,125.00,,Clothing > Men,in stock,Ivory,Men,m18925i
m190,Wool Vest,Tailored V-neck vest in merino wool. Layer over dress shirts for extra warmth.,http://localhost:8080/product/detail.html?id=m190,https://images.unsplash.com/photo-1463453091185-61582044d556?w=400&h=500&fit=crop&q=80,125.00,,Clothing > Men,out of stock,Red,Men,m19027r
m191,Dressing Gown,Plush velour dressing gown with a shawl collar. Self-tie belt and side pockets.,http://localhost:8080/product/detail.html?id=m191,https://images.unsplash.com/photo-1542103749-8ef59b94f47e?w=400&h=500&fit=crop&q=80,135.00,,Clothing > Men,in stock,Green,Men,m19123g
m192,Corduroy Blazer,Unstructured corduroy blazer with patch pockets. Warm texture for cooler months.,http://localhost:8080/product/detail.html?id=m192,https://images.unsplash.com/photo-1500648767791-00dcc994a43e?w=400&h=500&fit=crop&q=80,225.00,,Clothing > Men,in stock,Black,Men,m19219b
m193,Cotton Chore Jacket,French-style chore jacket in washed cotton. Three patch pockets and a boxy cut.,http://localhost:8080/product/detail.html?id=m193,https://images.unsplash.com/photo-1507003211169-0a1dd7228f2d?w=400&h=500&fit=crop&q=80,155.00,,Clothing > Men,in stock,White,Men,m19328w
m194,Silk Knit Polo,Short-sleeve polo in silk-cotton knit. Elevated texture with a refined drape.,http://localhost:8080/product/detail.html?id=m194,https://images.unsplash.com/photo-1519085360753-af0119f7cbe7?w=400&h=500&fit=crop&q=80,125.00,,Clothing > Men,out of stock,Navy,Men,m19426n
m195,Wool Crewneck,Classic crewneck in geelong wool. Medium weight for year-round layering.,http://localhost:8080/product/detail.html?id=m195,https://images.unsplash.com/photo-1480429370139-e0132c086e2a?w=400&h=500&fit=crop&q=80,135.00,,Clothing > Men,in stock,Beige,Men,m19520b
m196,Popover Shirt,Half-button popover in washed cotton. Relaxed fit with a band collar.,http://localhost:8080/product/detail.html?id=m196,https://images.unsplash.com/photo-1487222477894-8943e31ef7b2?w=400&h=500&fit=crop&q=80,85.00,,Clothing > Men,in stock,Brown,Men,m19621b
m197,Slim Chinos,Slim-fit chinos in stretch cotton twill. Versatile from desk to dinner.,http://localhost:8080/product/detail.html?id=m197,https://images.unsplash.com/photo-1490578474895-699cd4e2cf59?w=400&h=500&fit=crop&q=80,115.00,,Clothing > Men,in stock,Grey,Men,m19724g
m198,Wool Shorts,Tailored shorts in tropical wool. Flat front with a 7-inch inseam.,http://localhost:8080/product/detail.html?id=m198,https://images.unsplash.com/photo-1463453091185-61582044d556?w=400&h=500&fit=crop&q=80,95.00,,Clothing > Men,out of stock,Camel,Men,m19822c
m199,Cashmere Scarf,Solid cashmere scarf in a generous width. Incredibly soft against the skin.,http://localhost:8080/product/detail.html?id=m199,https://images.unsplash.com/photo-1542103749-8ef59b94f47e?w=400&h=500&fit=crop&q=80,145.00,,Clothing > Men,in stock,Ivory,Men,m19925i
m200,Lightweight Parka,Unlined cotton parka for spring showers. Packable hood and zip front.,http://localhost:8080/product/detail.html?id=m200,https://images.unsplash.com/photo-1500648767791-00dcc994a43e?w=400&h=500&fit=crop&q=80,195.00,,Clothing > Men,in stock,Red,Men,m20027r
a1,Leather Tote Bag,Structured tote in vegetable-tanned Italian leather. Suede lining and gold hardware.,http://localhost:8080/product/detail.html?id=a1,https://images.unsplash.com/photo-1548036328-c9fa89d128fa?w=400&h=500&fit=crop&q=80,285.00,,Clothing > Accessories,in stock,Green,Unisex,a0123g
a2,Crossbody Bag,Compact crossbody in pebbled leather. Adjustable strap with two card slots.,http://localhost:8080/product/detail.html?id=a2,https://images.unsplash.com/photo-1584917865442-de89df76afd3?w=400&h=500&fit=crop&q=80,195.00,,Clothing > Accessories,in stock,Black,Unisex,a0219b
a3,Canvas Backpack,Waxed canvas backpack with leather trim. Padded laptop sleeve and brass hardware.,http://localhost:8080/product/detail.html?id=a3,https://images.unsplash.com/photo-1548036328-c9fa89d128fa?w=400&h=500&fit=crop&q=80,165.00,,Clothing > Accessories,out of stock,White,Unisex,a0328w
a4,Leather Clutch,Envelope clutch in smooth calfskin. Gold-tone clasp and suede lining.,http://localhost:8080/product/detail.html?id=a4,https://images.unsplash.com/photo-1492707892479-7bc8d5a4ee93?w=400&h=500&fit=crop&q=80,145.00,,Clothing > Accessories,in stock,Navy,Unisex,a0426n
a5,Bucket Bag,Drawstring bucket bag in grained leather. Detachable crossbody strap.,http://localhost:8080/product/detail.html?id=a5,https://images.unsplash.com/photo-1611085583191-a3b181a88401?w=400&h=500&fit=crop&q=80,225.00,,Clothing > Accessories,in stock,Beige,Unisex,a0520b
a6,Mini Shoulder Bag,Petite shoulder bag in quilted leather. Chain strap with a turnlock closure.,http://localhost:8080/product/detail.html?id=a6,https://images.unsplash.com/photo-1622560480605-d83c853bc5c3?w=400&h=500&fit=crop&q=80,175.00,,Clothing > Accessories,in stock,Brown,Unisex,a0621b
a7,Leather Messenger Bag,Structured messenger bag in full-grain leather. Buckle closure with organiser pockets.,http://localhost:8080/product/detail.html?id=a7,https://images.unsplash.com/photo-1548036328-c9fa89d128fa?w=400&h=500&fit=crop&q=80,255.00,,Clothing > Accessories,out of stock,Grey,Unisex,a0724g
a8,Straw Tote,Hand-woven straw tote with leather handles. Spacious interior for beach days.,http://localhost:8080/product/detail.html?id=a8,https://images.unsplash.com/photo-1584917865442-de89df76afd3?w=400&h=500&fit=crop&q=80,95.00,,Clothing > Accessories,in stock,Camel,Unisex,a0822c
a9,Leather Weekender,Weekender duffel in full-grain leather. YKK zippers and a detachable strap.,http://localhost:8080/product/detail.html?id=a9,https://images.unsplash.com/photo-1548036328-c9fa89d128fa?w=400&h=500&fit=crop&q=80,345.00,,Clothing > Accessories,in stock,Ivory,Unisex,a0925i
a10,Suede Hobo Bag,Slouchy hobo bag in soft suede. Magnetic snap closure and interior zip pocket.,http://localhost:8080/product/detail.html?id=a10,https://images.unsplash.com/photo-1492707892479-7bc8d5a4ee93?w=400&h=500&fit=crop&q=80,215.00,,Clothing > Accessories,in stock,Red,Unisex,a1027r
a11,Laptop Bag,Padded laptop bag in Italian leather. Fits up to 15-inch screens with organiser pockets.,http://localhost:8080/product/detail.html?id=a11,https://images.unsplash.com/photo-1611085583191-a3b181a88401?w=400&h=500&fit=crop&q=80,235.00,,Clothing > Accessories,out of stock,Green,Unisex,a1123g
a12,Leather Pouch,Small leather pouch in nappa lambskin. Zip closure for essentials.,http://localhost:8080/product/detail.html?id=a12,https://images.unsplash.com/photo-1622560480605-d83c853bc5c3?w=400&h=500&fit=crop&q=80,85.00,,Clothing > Accessories,in stock,Black,Unisex,a1219b
a13,Nylon Tote,Technical nylon tote with leather trim. Water-resistant with multiple compartments.,http://localhost:8080/product/detail.html?id=a13,https://images.unsplash.com/photo-1548036328-c9fa89d128fa?w=400&h=500&fit=crop&q=80,125.00,,Clothing > Accessories,in stock,White,Unisex,a1328w
a14,Camera Bag,Box-shaped camera bag in grained leather. Adjustable crossbody strap.,http://localhost:8080/product/detail.html?id=a14,https://images.unsplash.com/photo-1584917865442-de89df76afd3?w=400&h=500&fit=crop&q=80,185.00,,Clothing > Accessories,in stock,Navy,Unisex,a1426n
a15,Leather Satchel,Classic satchel in bridle leather. Push-lock closure with a top handle.,http://localhost:8080/product/detail.html?id=a15,https://images.unsplash.com/photo-1548036328-c9fa89d128fa?w=400&h=500&fit=crop&q=80,235.00,,Clothing > Accessories,out of stock,Beige,Unisex,a1520b
a16,Basket Bag,Hand-woven basket bag with leather closure flap. Artisan-made for summer.,http://localhost:8080/product/detail.html?id=a16,https://images.unsplash.com/photo-1492707892479-7bc8d5a4ee93?w=400&h=500&fit=crop&q=80,115.00,,Clothing > Accessories,in stock,Brown,Unisex,a1621b
a17,Leather Belt Bag,Hands-free belt bag in smooth leather. Adjustable waist strap with zip closure.,http://localhost:8080/product/detail.html?id=a17,https://images.unsplash.com/photo-1611085583191-a3b181a88401?w=400&h=500&fit=crop&q=80,135.00,,Clothing > Accessories,in stock,Grey,Unisex,a1724g
a18,Quilted Chain Bag,Quilted lambskin bag with a chain-link strap. Iconic style with modern proportions.,http://localhost:8080/product/detail.html?id=a18,https://images.unsplash.com/photo-1622560480605-d83c853bc5c3?w=400&h=500&fit=crop&q=80,265.00,,Clothing > Accessories,in stock,Camel,Unisex,a1822c
a19,Canvas Messenger,Waxed canvas messenger with leather accents. Adjustable strap and flap closure.,http://localhost:8080/product/detail.html?id=a19,https://images.unsplash.com/photo-1548036328-c9fa89d128fa?w=400&h=500&fit=crop&q=80,125.00,,Clothing > Accessories,out of stock,Ivory,Unisex,a1925i
a20,Leather Doctor Bag,Structured doctor bag in full-grain leather. Frame closure with a vintage silhouette.,http://localhost:8080/product/detail.html?id=a20,https://images.unsplash.com/photo-1584917865442-de89df76afd3?w=400&h=500&fit=crop&q=80,295.00,,Clothing > Accessories,in stock,Red,Unisex,a2027r
a21,Raffia Clutch,Hand-woven raffia clutch with a zip top. Natural texture for warm-weather styling.,http://localhost:8080/product/detail.html?id=a21,https://images.unsplash.com/photo-1548036328-c9fa89d128fa?w=400&h=500&fit=crop&q=80,75.00,,Clothing > Accessories,in stock,Green,Unisex,a2123g
a22,Nylon Crossbody,Lightweight nylon crossbody with multiple compartments. Water-resistant for active days.,http://localhost:8080/product/detail.html?id=a22,https://images.unsplash.com/photo-1492707892479-7bc8d5a4ee93?w=400&h=500&fit=crop&q=80,95.00,,Clothing > Accessories,in stock,Black,Unisex,a2219b
a23,Leather Backpack,Sleek leather backpack with zip closure. Padded straps and an interior organiser.,http://localhost:8080/product/detail.html?id=a23,https://images.unsplash.com/photo-1611085583191-a3b181a88401?w=400&h=500&fit=crop&q=80,275.00,,Clothing > Accessories,out of stock,White,Unisex,a2328w
a24,Woven Leather Bag,Hand-woven leather bag with an intrecciato finish. Suede-lined interior.,http://localhost:8080/product/detail.html?id=a24,https://images.unsplash.com/photo-1622560480605-d83c853bc5c3?w=400&h=500&fit=crop&q=80,285.00,,Clothing > Accessories,in stock,Navy,Unisex,a2426n
a25,Evening Minaudière,"Gold-tone metal minaudière with a crystal clasp. Fits phone, cards, and lipstick.",http://localhost:8080/product/detail.html?id=a25,https://images.unsplash.com/photo-1548036328-c9fa89d128fa?w=400&h=500&fit=crop&q=80,195.00,,Clothing > Accessories,in stock,Beige,Unisex,a2520b
a26,Travel Pouch Set,Set of three leather pouches in graduating sizes. Perfect for travel organisation.,http://localhost:8080/product/detail.html?id=a26,https://images.unsplash.com/photo-1584917865442-de89df76afd3?w=400&h=500&fit=crop&q=80,145.00,,Clothing > Accessories,in stock,Brown,Unisex,a2621b
a27,Leather Duffle Bag,Full-grain leather duffle with brass hardware. Shoe compartment and shoulder strap.,http://localhost:8080/product/detail.html?id=a27,https://images.unsplash.com/photo-1548036328-c9fa89d128fa?w=400&h=500&fit=crop&q=80,385.00,,Clothing > Accessories,out of stock,Grey,Unisex,a2724g
a28,Micro Bag,Tiny structured bag in box calfskin. Crossbody chain with a magnetic closure.,http://localhost:8080/product/detail.html?id=a28,https://images.unsplash.com/photo-1492707892479-7bc8d5a4ee93?w=400&h=500&fit=crop&q=80,115.00,,Clothing > Accessories,in stock,Camel,Unisex,a2822c
a29,Leather Portfolio,Zipped portfolio in Italian leather. Document pocket and card slots inside.,http://localhost:8080/product/detail.html?id=a29,https://images.unsplash.com/photo-1611085583191-a3b181a88401?w=400&h=500&fit=crop&q=80,195.00,,Clothing > Accessories,in stock,Ivory,Unisex,a2925i
a30,Canvas Tote,"Heavyweight canvas tote with reinforced handles. Simple, durable, everyday.",http://localhost:8080/product/detail.html?id=a30,https://images.unsplash.com/photo-1622560480605-d83c853bc5c3?w=400&h=500&fit=crop&q=80,55.00,,Clothing > Accessories,in stock,Red,Unisex,a3027r
a31,Leather Phone Bag,Slim crossbody bag sized for your phone. Adjustable strap and card slots.,http://localhost:8080/product/detail.html?id=a31,https://images.unsplash.com/photo-1548036328-c9fa89d128fa?w=400&h=500&fit=crop&q=80,95.00,,Clothing > Accessories,out of stock,Green,Unisex,a3123g
a32,Beaded Bag,Hand-beaded evening bag with a satin lining. Convertible strap for clutch or crossbody.,http://localhost:8080/product/detail.html?id=a32,https://images.unsplash.com/photo-1584917865442-de89df76afd3?w=400&h=500&fit=crop&q=80,155.00,,Clothing > Accessories,in stock,Black,Unisex,a3219b
a33,Roll-Top Backpack,Roll-top closure backpack in waterproof canvas. Adjustable capacity.,http://localhost:8080/product/detail.html?id=a33,https://images.unsplash.com/photo-1548036328-c9fa89d128fa?w=400&h=500&fit=crop&q=80,155.00,,Clothing > Accessories,in stock,White,Unisex,a3328w
a34,Fringe Bag,Suede crossbody bag with cascading fringe. Bohemian spirit with luxury materials.,http://localhost:8080/product/detail.html?id=a34,https://images.unsplash.com/photo-1492707892479-7bc8d5a4ee93?w=400&h=500&fit=crop&q=80,175.00,,Clothing > Accessories,in stock,Navy,Unisex,a3426n
a35,Structured Top Handle,Rigid top-handle bag in box calfskin. Detachable shoulder strap and feet on base.,http://localhost:8080/product/detail.html?id=a35,https://images.unsplash.com/photo-1611085583191-a3b181a88401?w=400&h=500&fit=crop&q=80,245.00,,Clothing > Accessories,out of stock,Beige,Unisex,a3520b
a36,Silk Scarf,Hand-rolled 90×90cm scarf in silk twill. Original MAISON botanical motif.,http://localhost:8080/product/detail.html?id=a36,https://images.unsplash.com/photo-1622560480605-d83c853bc5c3?w=400&h=500&fit=crop&q=80,95.00,,Clothing > Accessories,in stock,Brown,Unisex,a3621b
a37,Cashmere Scarf,Oversized cashmere scarf in a classic check. Soft and sumptuously warm.,http://localhost:8080/product/detail.html?id=a37,https://images.unsplash.com/photo-1548036328-c9fa89d128fa?w=400&h=500&fit=crop&q=80,165.00,,Clothing > Accessories,in stock,Grey,Unisex,a3724g
a38,Wool Blanket Scarf,Oversized blanket scarf in lambswool. Wear as a wrap or a generous scarf.,http://localhost:8080/product/detail.html?id=a38,https://images.unsplash.com/photo-1584917865442-de89df76afd3?w=400&h=500&fit=crop&q=80,85.00,,Clothing > Accessories,in stock,Camel,Unisex,a3822c
a39,Silk Bandana,"Small silk bandana in an original print. Versatile — wear on your neck, wrist, or bag.",http://localhost:8080/product/detail.html?id=a39,https://images.unsplash.com/photo-1548036328-c9fa89d128fa?w=400&h=500&fit=crop&q=80,55.00,,Clothing > Accessories,out of stock,Ivory,Unisex,a3925i
a40,Linen Scarf,Lightweight linen scarf with raw edges. Natural texture for summer layering.,http://localhost:8080/product/detail.html?id=a40,https://images.unsplash.com/photo-1492707892479-7bc8d5a4ee93?w=400&h=500&fit=crop&q=80,65.00,,Clothing > Accessories,in stock,Red,Unisex,a4027r
a41,Pashmina Wrap,Luxurious pashmina wrap in fine cashmere-silk. Delicate fringe at the edges.,http://localhost:8080/product/detail.html?id=a41,https://images.unsplash.com/photo-1611085583191-a3b181a88401?w=400&h=500&fit=crop&q=80,125.00,,Clothing > Accessories,in stock,Green,Unisex,a4123g
a42,Printed Silk Scarf,Vibrant printed silk scarf in a contemporary abstract design. Hand-rolled edges.,http://localhost:8080/product/detail.html?id=a42,https://images.unsplash.com/photo-1622560480605-d83c853bc5c3?w=400&h=500&fit=crop&q=80,105.00,,Clothing > Accessories,in stock,Black,Unisex,a4219b
a43,Cashmere Wrap,Travel-size cashmere wrap in a neutral palette. Lightweight warmth on the go.,http://localhost:8080/product/detail.html?id=a43,https://images.unsplash.com/photo-1548036328-c9fa89d128fa?w=400&h=500&fit=crop&q=80,195.00,,Clothing > Accessories,out of stock,White,Unisex,a4328w
a44,Cotton Sarong,Cotton sarong with block-printed design. Beach cover-up or home throw.,http://localhost:8080/product/detail.html?id=a44,https://images.unsplash.com/photo-1584917865442-de89df76afd3?w=400&h=500&fit=crop&q=80,45.00,,Clothing > Accessories,in stock,Navy,Unisex,a4426n
a45,Merino Wool Scarf,Fine merino wool scarf in solid colours. Soft and itch-free against the skin.,http://localhost:8080/product/detail.html?id=a45,https://images.unsplash.com/photo-1548036328-c9fa89d128fa?w=400&h=500&fit=crop&q=80,75.00,,Clothing > Accessories,in stock,Beige,Unisex,a4520b
a46,Silk Twilly,Narrow silk twill scarf for bag handles and ponytails. Original MAISON pattern.,http://localhost:8080/product/detail.html?id=a46,https://images.unsplash.com/photo-1492707892479-7bc8d5a4ee93?w=400&h=500&fit=crop&q=80,45.00,,Clothing > Accessories,in stock,Brown,Unisex,a4621b
a47,Faux Fur Stole,Luxurious faux-fur stole for evening occasions. Clip closure at the front.,http://localhost:8080/product/detail.html?id=a47,https://images.unsplash.com/photo-1611085583191-a3b181a88401?w=400&h=500&fit=crop&q=80,125.00,,Clothing > Accessories,out of stock,Grey,Unisex,a4724g
a48,Checked Wool Scarf,Classic checked scarf in British wool. A timeless cold-weather companion.,http://localhost:8080/product/detail.html?id=a48,https://images.unsplash.com/photo-1622560480605-d83c853bc5c3?w=400&h=500&fit=crop&q=80,75.00,,Clothing > Accessories,in stock,Camel,Unisex,a4822c
a49,Ombré Silk Scarf,Dip-dyed silk scarf with a beautiful gradient. Unique colouring on every piece.,http://localhost:8080/product/detail.html?id=a49,https://images.unsplash.com/photo-1548036328-c9fa89d128fa?w=400&h=500&fit=crop&q=80,115.00,,Clothing > Accessories,in stock,Ivory,Unisex,a4925i
a50,Knit Snood,Chunky-knit snood in merino wool. Pull it over your head for instant warmth.,http://localhost:8080/product/detail.html?id=a50,https://images.unsplash.com/photo-1584917865442-de89df76afd3?w=400&h=500&fit=crop&q=80,55.00,,Clothing > Accessories,in stock,Red,Unisex,a5027r
a51,Embroidered Shawl,Hand-embroidered wool shawl from artisan workshops. Intricate floral motifs.,http://localhost:8080/product/detail.html?id=a51,https://images.unsplash.com/photo-1548036328-c9fa89d128fa?w=400&h=500&fit=crop&q=80,145.00,,Clothing > Accessories,out of stock,Green,Unisex,a5123g
a52,Striped Linen Scarf,Breezy striped scarf in cotton-linen blend. Fresh colour palette for summer.,http://localhost:8080/product/detail.html?id=a52,https://images.unsplash.com/photo-1492707892479-7bc8d5a4ee93?w=400&h=500&fit=crop&q=80,55.00,,Clothing > Accessories,in stock,Black,Unisex,a5219b
a53,Velvet Scarf,Silk-blend velvet scarf in deep jewel tones. Rich texture for cold months.,http://localhost:8080/product/detail.html?id=a53,https://images.unsplash.com/photo-1611085583191-a3b181a88401?w=400&h=500&fit=crop&q=80,85.00,,Clothing > Accessories,in stock,White,Unisex,a5328w
a54,Modal Scarf,Ultra-lightweight modal scarf in solid colours. Drapes beautifully.,http://localhost:8080/product/detail.html?id=a54,https://images.unsplash.com/photo-1622560480605-d83c853bc5c3?w=400&h=500&fit=crop&q=80,45.00,,Clothing > Accessories,in stock,Navy,Unisex,a5426n
a55,Fringe Wool Scarf,Wool scarf with hand-tied fringe. Generous size for multiple wrapping styles.,http://localhost:8080/product/detail.html?id=a55,https://images.unsplash.com/photo-1548036328-c9fa89d128fa?w=400&h=500&fit=crop&q=80,75.00,,Clothing > Accessories,out of stock,Beige,Unisex,a5520b
a56,Gold Necklace,"18k gold-plated sterling silver chain. Delicate oval links, adjustable 40–45cm.",http://localhost:8080/product/detail.html?id=a56,https://images.unsplash.com/photo-1584917865442-de89df76afd3?w=400&h=500&fit=crop&q=80,189.00,,Clothing > Accessories,in stock,Brown,Unisex,a5621b
a57,Silver Bracelet,"Open-cuff bracelet in sterling silver. Minimalist form, maximum impact.",http://localhost:8080/product/detail.html?id=a57,https://images.unsplash.com/photo-1548036328-c9fa89d128fa?w=400&h=500&fit=crop&q=80,125.00,,Clothing > Accessories,in stock,Grey,Unisex,a5724g
a58,Pearl Earrings,Freshwater pearl drop earrings on gold-plated hooks. Timeless elegance.,http://localhost:8080/product/detail.html?id=a58,https://images.unsplash.com/photo-1492707892479-7bc8d5a4ee93?w=400&h=500&fit=crop&q=80,145.00,,Clothing > Accessories,in stock,Camel,Unisex,a5822c
a59,Gold Hoop Earrings,Medium gold-plated hoop earrings. Lightweight with a hinged closure.,http://localhost:8080/product/detail.html?id=a59,https://images.unsplash.com/photo-1611085583191-a3b181a88401?w=400&h=500&fit=crop&q=80,95.00,,Clothing > Accessories,out of stock,Ivory,Unisex,a5925i
a60,Signet Ring,Gold-plated signet ring with a flat oval top. A modern heirloom piece.,http://localhost:8080/product/detail.html?id=a60,https://images.unsplash.com/photo-1622560480605-d83c853bc5c3?w=400&h=500&fit=crop&q=80,155.00,,Clothing > Accessories,in stock,Red,Unisex,a6027r
a61,Layered Necklace Set,Set of three gold-plated necklaces at varying lengths. Wear together or alone.,http://localhost:8080/product/detail.html?id=a61,https://images.unsplash.com/photo-1548036328-c9fa89d128fa?w=400&h=500&fit=crop&q=80,125.00,,Clothing > Accessories,in stock,Green,Unisex,a6123g
a62,Chain Bracelet,Fine chain bracelet in gold-plated sterling silver. Adjustable with a lobster clasp.,http://localhost:8080/product/detail.html?id=a62,https://images.unsplash.com/photo-1584917865442-de89df76afd3?w=400&h=500&fit=crop&q=80,85.00,,Clothing > Accessories,in stock,Black,Unisex,a6219b
a63,Diamond Studs,"Solitaire diamond studs in 18k white gold. 0.5ct total weight, brilliant cut.",http://localhost:8080/product/detail.html?id=a63,https://images.unsplash.com/photo-1548036328-c9fa89d128fa?w=400&h=500&fit=crop&q=80,395.00,,Clothing > Accessories,out of stock,White,Unisex,a6328w
a64,Pendant Necklace,Disc pendant on a fine gold-plated chain. Minimalist and endlessly wearable.,http://localhost:8080/product/detail.html?id=a64,https://images.unsplash.com/photo-1492707892479-7bc8d5a4ee93?w=400&h=500&fit=crop&q=80,135.00,,Clothing > Accessories,in stock,Navy,Unisex,a6426n
a65,Cuff Bracelet,Wide cuff bracelet in brushed sterling silver. Adjustable with a spring hinge.,http://localhost:8080/product/detail.html?id=a65,https://images.unsplash.com/photo-1611085583191-a3b181a88401?w=400&h=500&fit=crop&q=80,145.00,,Clothing > Accessories,in stock,Beige,Unisex,a6520b
a66,Charm Bracelet,Gold-plated charm bracelet with five original MAISON charms. Add more over time.,http://localhost:8080/product/detail.html?id=a66,https://images.unsplash.com/photo-1622560480605-d83c853bc5c3?w=400&h=500&fit=crop&q=80,165.00,,Clothing > Accessories,in stock,Brown,Unisex,a6621b
a67,Statement Earrings,Oversized geometric earrings in gold-plated brass. Lightweight despite their scale.,http://localhost:8080/product/detail.html?id=a67,https://images.unsplash.com/photo-1548036328-c9fa89d128fa?w=400&h=500&fit=crop&q=80,75.00,,Clothing > Accessories,out of stock,Grey,Unisex,a6724g
a68,Tennis Bracelet,Crystal-set tennis bracelet in rhodium-plated silver. Sparkling line of stones.,http://localhost:8080/product/detail.html?id=a68,https://images.unsplash.com/photo-1584917865442-de89df76afd3?w=400&h=500&fit=crop&q=80,195.00,,Clothing > Accessories,in stock,Camel,Unisex,a6822c
a69,Bar Necklace,Horizontal bar necklace in gold-plated silver. Understated modern elegance.,http://localhost:8080/product/detail.html?id=a69,https://images.unsplash.com/photo-1548036328-c9fa89d128fa?w=400&h=500&fit=crop&q=80,85.00,,Clothing > Accessories,in stock,Ivory,Unisex,a6925i
a70,Ear Cuff,Single ear cuff in gold-plated silver. No piercing required. Adjustable grip.,http://localhost:8080/product/detail.html?id=a70,https://images.unsplash.com/photo-1492707892479-7bc8d5a4ee93?w=400&h=500&fit=crop&q=80,45.00,,Clothing > Accessories,in stock,Red,Unisex,a7027r
a71,Coin Necklace,Antique-style coin pendant on a chunky chain. Gold-plated with a vintage patina.,http://localhost:8080/product/detail.html?id=a71,https://images.unsplash.com/photo-1611085583191-a3b181a88401?w=400&h=500&fit=crop&q=80,115.00,,Clothing > Accessories,out of stock,Green,Unisex,a7123g
a72,Huggie Earrings,Small huggie hoop earrings in gold-plated silver. Sits close to the earlobe.,http://localhost:8080/product/detail.html?id=a72,https://images.unsplash.com/photo-1622560480605-d83c853bc5c3?w=400&h=500&fit=crop&q=80,65.00,,Clothing > Accessories,in stock,Black,Unisex,a7219b
a73,Stack Rings Set,Set of five slim stacking rings in varying finishes. Mix and layer.,http://localhost:8080/product/detail.html?id=a73,https://images.unsplash.com/photo-1548036328-c9fa89d128fa?w=400&h=500&fit=crop&q=80,95.00,,Clothing > Accessories,in stock,White,Unisex,a7328w
a74,Choker Necklace,Flat-link choker in gold-plated brass. Modern and impactful at the neckline.,http://localhost:8080/product/detail.html?id=a74,https://images.unsplash.com/photo-1584917865442-de89df76afd3?w=400&h=500&fit=crop&q=80,95.00,,Clothing > Accessories,in stock,Navy,Unisex,a7426n
a75,Drop Earrings,Elongated drop earrings in gold-plated silver. Elegant movement with every turn.,http://localhost:8080/product/detail.html?id=a75,https://images.unsplash.com/photo-1548036328-c9fa89d128fa?w=400&h=500&fit=crop&q=80,85.00,,Clothing > Accessories,out of stock,Beige,Unisex,a7520b
a76,Bangle Set,Set of three slim bangles in polished gold plate. Stackable with a satisfying clink.,http://localhost:8080/product/detail.html?id=a76,https://images.unsplash.com/photo-1492707892479-7bc8d5a4ee93?w=400&h=500&fit=crop&q=80,115.00,,Clothing > Accessories,in stock,Brown,Unisex,a7621b
a77,Lariat Necklace,Y-shaped lariat necklace in gold-plated silver. Adjustable drop for different necklines.,http://localhost:8080/product/detail.html?id=a77,https://images.unsplash.com/photo-1611085583191-a3b181a88401?w=400&h=500&fit=crop&q=80,105.00,,Clothing > Accessories,in stock,Grey,Unisex,a7724g
a78,Enamel Ring,Sterling silver ring with hand-painted enamel. Available in six vibrant colours.,http://localhost:8080/product/detail.html?id=a78,https://images.unsplash.com/photo-1622560480605-d83c853bc5c3?w=400&h=500&fit=crop&q=80,65.00,,Clothing > Accessories,in stock,Camel,Unisex,a7822c
a79,Anklet,Fine chain anklet in gold-plated silver. Adjustable with a small charm detail.,http://localhost:8080/product/detail.html?id=a79,https://images.unsplash.com/photo-1548036328-c9fa89d128fa?w=400&h=500&fit=crop&q=80,55.00,,Clothing > Accessories,out of stock,Ivory,Unisex,a7925i
a80,Brooch,Vintage-inspired brooch in gold-plated brass. Crystal-set floral design.,http://localhost:8080/product/detail.html?id=a80,https://images.unsplash.com/photo-1584917865442-de89df76afd3?w=400&h=500&fit=crop&q=80,75.00,,Clothing > Accessories,in stock,Red,Unisex,a8027r
a81,Birthstone Necklace,Bezel-set birthstone pendant in gold-plated silver. Choose your month.,http://localhost:8080/product/detail.html?id=a81,https://images.unsplash.com/photo-1548036328-c9fa89d128fa?w=400&h=500&fit=crop&q=80,95.00,,Clothing > Accessories,in stock,Green,Unisex,a8123g
a82,Pearl Bracelet,Freshwater pearl bracelet with gold-plated clasp. Classic elegance for every wrist.,http://localhost:8080/product/detail.html?id=a82,https://images.unsplash.com/photo-1492707892479-7bc8d5a4ee93?w=400&h=500&fit=crop&q=80,115.00,,Clothing > Accessories,in stock,Black,Unisex,a8219b
a83,Medallion Necklace,Large medallion pendant on a long gold chain. A bold statement piece.,http://localhost:8080/product/detail.html?id=a83,https://images.unsplash.com/photo-1611085583191-a3b181a88401?w=400&h=500&fit=crop&q=80,145.00,,Clothing > Accessories,out of stock,White,Unisex,a8328w
a84,Crystal Earrings,Cascading crystal drop earrings. Sparkling accents for evening wear.,http://localhost:8080/product/detail.html?id=a84,https://images.unsplash.com/photo-1622560480605-d83c853bc5c3?w=400&h=500&fit=crop&q=80,85.00,,Clothing > Accessories,in stock,Navy,Unisex,a8426n
a85,Mixed Metal Rings,"Set of three rings in gold, silver, and rose gold plate. Modern metal mixing.",http://localhost:8080/product/detail.html?id=a85,https://images.unsplash.com/photo-1548036328-c9fa89d128fa?w=400&h=500&fit=crop&q=80,75.00,,Clothing > Accessories,in stock,Beige,Unisex,a8520b
a86,Oversized Sunglasses,Oversized square frames in Italian acetate. Polarised UV400 lenses.,http://localhost:8080/product/detail.html?id=a86,https://images.unsplash.com/photo-1584917865442-de89df76afd3?w=400&h=500&fit=crop&q=80,145.00,,Clothing > Accessories,in stock,Brown,Unisex,a8621b
a87,Aviator Sunglasses,Classic aviator frames in brushed gold metal. Green polarised lenses.,http://localhost:8080/product/detail.html?id=a87,https://images.unsplash.com/photo-1548036328-c9fa89d128fa?w=400&h=500&fit=crop&q=80,135.00,,Clothing > Accessories,out of stock,Grey,Unisex,a8724g
a88,Cat-Eye Sunglasses,Retro cat-eye frames in bold acetate. UV400 protection with gradient lenses.,http://localhost:8080/product/detail.html?id=a88,https://images.unsplash.com/photo-1492707892479-7bc8d5a4ee93?w=400&h=500&fit=crop&q=80,155.00,,Clothing > Accessories,in stock,Camel,Unisex,a8822c
a89,Round Sunglasses,Round John Lennon-style frames in lightweight metal. Vintage charm.,http://localhost:8080/product/detail.html?id=a89,https://images.unsplash.com/photo-1611085583191-a3b181a88401?w=400&h=500&fit=crop&q=80,125.00,,Clothing > Accessories,in stock,Ivory,Unisex,a8925i
a90,Wayfarer Sunglasses,Timeless wayfarer shape in matte black acetate. Polarised for glare reduction.,http://localhost:8080/product/detail.html?id=a90,https://images.unsplash.com/photo-1622560480605-d83c853bc5c3?w=400&h=500&fit=crop&q=80,135.00,,Clothing > Accessories,in stock,Red,Unisex,a9027r
a91,Sport Sunglasses,Wraparound sport frames with anti-slip temples. Impact-resistant lenses.,http://localhost:8080/product/detail.html?id=a91,https://images.unsplash.com/photo-1548036328-c9fa89d128fa?w=400&h=500&fit=crop&q=80,115.00,,Clothing > Accessories,out of stock,Green,Unisex,a9123g
a92,Tortoiseshell Sunglasses,Classic frames in hand-polished tortoiseshell acetate. Warm brown gradient lenses.,http://localhost:8080/product/detail.html?id=a92,https://images.unsplash.com/photo-1584917865442-de89df76afd3?w=400&h=500&fit=crop&q=80,145.00,,Clothing > Accessories,in stock,Black,Unisex,a9219b
a93,Clip-On Sunglasses,Flip-up clip-on lenses in gold-tone metal. Retro style for prescription frames.,http://localhost:8080/product/detail.html?id=a93,https://images.unsplash.com/photo-1548036328-c9fa89d128fa?w=400&h=500&fit=crop&q=80,65.00,,Clothing > Accessories,in stock,White,Unisex,a9328w
a94,Shield Sunglasses,Bold shield-style sunglasses with a single lens. Futuristic and face-framing.,http://localhost:8080/product/detail.html?id=a94,https://images.unsplash.com/photo-1492707892479-7bc8d5a4ee93?w=400&h=500&fit=crop&q=80,155.00,,Clothing > Accessories,in stock,Navy,Unisex,a9426n
a95,Clear Frame Glasses,Transparent acetate frames with blue-light-blocking lenses. Modern and versatile.,http://localhost:8080/product/detail.html?id=a95,https://images.unsplash.com/photo-1611085583191-a3b181a88401?w=400&h=500&fit=crop&q=80,95.00,,Clothing > Accessories,out of stock,Beige,Unisex,a9520b
a96,Geometric Sunglasses,Angular geometric frames in two-tone acetate. A fashion-forward statement.,http://localhost:8080/product/detail.html?id=a96,https://images.unsplash.com/photo-1622560480605-d83c853bc5c3?w=400&h=500&fit=crop&q=80,135.00,,Clothing > Accessories,in stock,Brown,Unisex,a9621b
a97,Rimless Sunglasses,Minimalist rimless sunglasses with titanium temples. Featherweight sophistication.,http://localhost:8080/product/detail.html?id=a97,https://images.unsplash.com/photo-1548036328-c9fa89d128fa?w=400&h=500&fit=crop&q=80,125.00,,Clothing > Accessories,in stock,Grey,Unisex,a9724g
a98,Polarised Sunglasses,High-performance polarised lenses in a classic frame. Reduces glare perfectly.,http://localhost:8080/product/detail.html?id=a98,https://images.unsplash.com/photo-1584917865442-de89df76afd3?w=400&h=500&fit=crop&q=80,145.00,,Clothing > Accessories,in stock,Camel,Unisex,a9822c
a99,Rectangular Sunglasses,Clean rectangular frames in dark acetate. A versatile everyday pair.,http://localhost:8080/product/detail.html?id=a99,https://images.unsplash.com/photo-1548036328-c9fa89d128fa?w=400&h=500&fit=crop&q=80,125.00,,Clothing > Accessories,out of stock,Ivory,Unisex,a9925i
a100,Micro Sunglasses,"Tiny micro sunglasses in metal frames. Maximum attitude, minimal coverage.",http://localhost:8080/product/detail.html?id=a100,https://images.unsplash.com/photo-1492707892479-7bc8d5a4ee93?w=400&h=500&fit=crop&q=80,85.00,,Clothing > Accessories,in stock,Red,Unisex,a10027r
a101,Leather Belt,Classic 3cm belt in full-grain leather. Brushed-silver buckle.,http://localhost:8080/product/detail.html?id=a101,https://images.unsplash.com/photo-1611085583191-a3b181a88401?w=400&h=500&fit=crop&q=80,75.00,,Clothing > Accessories,in stock,Green,Unisex,a10123g
a102,Leather Wallet,Bi-fold wallet in Italian calfskin leather. Six card slots and a bill compartment.,http://localhost:8080/product/detail.html?id=a102,https://images.unsplash.com/photo-1622560480605-d83c853bc5c3?w=400&h=500&fit=crop&q=80,125.00,,Clothing > Accessories,in stock,Black,Unisex,a10219b
a103,Card Holder,Slim card holder in saffiano leather. Four card slots with a central pocket.,http://localhost:8080/product/detail.html?id=a103,https://images.unsplash.com/photo-1548036328-c9fa89d128fa?w=400&h=500&fit=crop&q=80,65.00,,Clothing > Accessories,out of stock,White,Unisex,a10328w
a104,Leather Keychain,Braided leather keychain with gold-plated hardware. A refined everyday detail.,http://localhost:8080/product/detail.html?id=a104,https://images.unsplash.com/photo-1584917865442-de89df76afd3?w=400&h=500&fit=crop&q=80,35.00,,Clothing > Accessories,in stock,Navy,Unisex,a10426n
a105,Fedora Hat,Wool-felt fedora with a grosgrain ribbon band. A stylish finishing touch.,http://localhost:8080/product/detail.html?id=a105,https://images.unsplash.com/photo-1548036328-c9fa89d128fa?w=400&h=500&fit=crop&q=80,95.00,,Clothing > Accessories,in stock,Beige,Unisex,a10520b
a106,Baseball Cap,Washed cotton twill cap with an adjustable back strap. Embroidered MAISON logo.,http://localhost:8080/product/detail.html?id=a106,https://images.unsplash.com/photo-1492707892479-7bc8d5a4ee93?w=400&h=500&fit=crop&q=80,45.00,,Clothing > Accessories,in stock,Brown,Unisex,a10621b
a107,Bucket Hat,"Reversible bucket hat in cotton. Solid on one side, print on the other.",http://localhost:8080/product/detail.html?id=a107,https://images.unsplash.com/photo-1611085583191-a3b181a88401?w=400&h=500&fit=crop&q=80,55.00,,Clothing > Accessories,out of stock,Grey,Unisex,a10724g
a108,Leather Watch Strap,Replacement watch strap in calfskin leather. Quick-release spring bars.,http://localhost:8080/product/detail.html?id=a108,https://images.unsplash.com/photo-1622560480605-d83c853bc5c3?w=400&h=500&fit=crop&q=80,55.00,,Clothing > Accessories,in stock,Camel,Unisex,a10822c
a109,Beanie,Ribbed knit beanie in merino wool. Turn-up cuff with a snug fit.,http://localhost:8080/product/detail.html?id=a109,https://images.unsplash.com/photo-1548036328-c9fa89d128fa?w=400&h=500&fit=crop&q=80,45.00,,Clothing > Accessories,in stock,Ivory,Unisex,a10925i
a110,Panama Hat,Hand-woven Ecuadorian straw Panama hat. Packable without losing its shape.,http://localhost:8080/product/detail.html?id=a110,https://images.unsplash.com/photo-1584917865442-de89df76afd3?w=400&h=500&fit=crop&q=80,125.00,,Clothing > Accessories,in stock,Red,Unisex,a11027r
a111,Coin Purse,"Small zip-around coin purse in grained leather. Fits coins, keys, and a card.",http://localhost:8080/product/detail.html?id=a111,https://images.unsplash.com/photo-1548036328-c9fa89d128fa?w=400&h=500&fit=crop&q=80,45.00,,Clothing > Accessories,out of stock,Green,Unisex,a11123g
a112,Leather Passport Holder,Slim passport holder in smooth leather. Card slots and a pen loop inside.,http://localhost:8080/product/detail.html?id=a112,https://images.unsplash.com/photo-1492707892479-7bc8d5a4ee93?w=400&h=500&fit=crop&q=80,75.00,,Clothing > Accessories,in stock,Black,Unisex,a11219b
a113,Silk Pocket Square,Hand-rolled silk pocket square in original MAISON prints. Elevates any jacket.,http://localhost:8080/product/detail.html?id=a113,https://images.unsplash.com/photo-1611085583191-a3b181a88401?w=400&h=500&fit=crop&q=80,45.00,,Clothing > Accessories,in stock,White,Unisex,a11328w
a114,Leather Zip Wallet,Continental zip-around wallet in pebbled leather. Twelve card slots and a coin section.,http://localhost:8080/product/detail.html?id=a114,https://images.unsplash.com/photo-1622560480605-d83c853bc5c3?w=400&h=500&fit=crop&q=80,155.00,,Clothing > Accessories,in stock,Navy,Unisex,a11426n
a115,Hair Clip Set,"Set of three acetate hair clips. Tortoiseshell, black, and cream.",http://localhost:8080/product/detail.html?id=a115,https://images.unsplash.com/photo-1548036328-c9fa89d128fa?w=400&h=500&fit=crop&q=80,35.00,,Clothing > Accessories,out of stock,Beige,Unisex,a11520b
a116,Cashmere Gloves,Touchscreen-compatible cashmere gloves. Ribbed cuffs with a snug fit.,http://localhost:8080/product/detail.html?id=a116,https://images.unsplash.com/photo-1584917865442-de89df76afd3?w=400&h=500&fit=crop&q=80,95.00,,Clothing > Accessories,in stock,Brown,Unisex,a11621b
a117,Leather Luggage Tag,Leather luggage tag with a brass buckle strap. Engraved MAISON logo.,http://localhost:8080/product/detail.html?id=a117,https://images.unsplash.com/photo-1548036328-c9fa89d128fa?w=400&h=500&fit=crop&q=80,35.00,,Clothing > Accessories,in stock,Grey,Unisex,a11724g
a118,Umbrella,Compact automatic umbrella with a maple handle. Windproof with a quick-dry canopy.,http://localhost:8080/product/detail.html?id=a118,https://images.unsplash.com/photo-1492707892479-7bc8d5a4ee93?w=400&h=500&fit=crop&q=80,65.00,,Clothing > Accessories,in stock,Camel,Unisex,a11822c
a119,Cufflinks,Sterling silver cufflinks with mother-of-pearl inlay. T-bar closure.,http://localhost:8080/product/detail.html?id=a119,https://images.unsplash.com/photo-1611085583191-a3b181a88401?w=400&h=500&fit=crop&q=80,95.00,,Clothing > Accessories,out of stock,Ivory,Unisex,a11925i
a120,Tie Bar,Brushed sterling silver tie bar. Classic clip style that holds firmly.,http://localhost:8080/product/detail.html?id=a120,https://images.unsplash.com/photo-1622560480605-d83c853bc5c3?w=400&h=500&fit=crop&q=80,55.00,,Clothing > Accessories,in stock,Red,Unisex,a12027r
a121,Reading Glasses,Stylish reading glasses in acetate frames. Available in multiple strengths.,http://localhost:8080/product/detail.html?id=a121,https://images.unsplash.com/photo-1548036328-c9fa89d128fa?w=400&h=500&fit=crop&q=80,65.00,,Clothing > Accessories,in stock,Green,Unisex,a12123g
a122,Candle,Hand-poured soy wax candle in MAISON signature scent. 45-hour burn time.,http://localhost:8080/product/detail.html?id=a122,https://images.unsplash.com/photo-1584917865442-de89df76afd3?w=400&h=500&fit=crop&q=80,55.00,,Clothing > Accessories,in stock,Black,Unisex,a12219b
a123,Room Spray,Room spray in cedar and white tea. Instant ambiance for any space.,http://localhost:8080/product/detail.html?id=a123,https://images.unsplash.com/photo-1548036328-c9fa89d128fa?w=400&h=500&fit=crop&q=80,45.00,,Clothing > Accessories,out of stock,White,Unisex,a12328w
a124,Diffuser Set,Reed diffuser in a glass vessel. Bergamot and fig scent lasts 3 months.,http://localhost:8080/product/detail.html?id=a124,https://images.unsplash.com/photo-1492707892479-7bc8d5a4ee93?w=400&h=500&fit=crop&q=80,65.00,,Clothing > Accessories,in stock,Navy,Unisex,a12426n
a125,Cotton Handkerchief,Set of three cotton handkerchiefs with hand-rolled edges. Classic and refined.,http://localhost:8080/product/detail.html?id=a125,https://images.unsplash.com/photo-1611085583191-a3b181a88401?w=400&h=500&fit=crop&q=80,25.00,,Clothing > Accessories,in stock,Beige,Unisex,a12520b
a126,Tray,Leather-lined valet tray for keys and cards. Snap-together corners.,http://localhost:8080/product/detail.html?id=a126,https://images.unsplash.com/photo-1622560480605-d83c853bc5c3?w=400&h=500&fit=crop&q=80,85.00,,Clothing > Accessories,in stock,Brown,Unisex,a12621b
a127,Leather Journal,A5 journal in Italian leather with gold-edge pages. A beautiful place for thoughts.,http://localhost:8080/product/detail.html?id=a127,https://images.unsplash.com/photo-1548036328-c9fa89d128fa?w=400&h=500&fit=crop&q=80,75.00,,Clothing > Accessories,out of stock,Grey,Unisex,a12724g
a128,Eau de Parfum,"MAISON signature eau de parfum. Notes of bergamot, iris, and sandalwood. 50ml.",http://localhost:8080/product/detail.html?id=a128,https://images.unsplash.com/photo-1584917865442-de89df76afd3?w=400&h=500&fit=crop&q=80,125.00,,Clothing > Accessories,in stock,Camel,Unisex,a12822c
a129,Travel Wallet,"Travel wallet in full-grain leather. Passport pockets, boarding pass slot, and zip section.",http://localhost:8080/product/detail.html?id=a129,https://images.unsplash.com/photo-1548036328-c9fa89d128fa?w=400&h=500&fit=crop&q=80,135.00,,Clothing > Accessories,in stock,Ivory,Unisex,a12925i
a130,Gift Card,MAISON gift card. Delivered in a branded envelope. Redeemable online and in store.,http://localhost:8080/product/detail.html?id=a130,https://images.unsplash.com/photo-1492707892479-7bc8d5a4ee93?w=400&h=500&fit=crop&q=80,50.00,,Clothing > Accessories,in stock,Red,Unisex,a13027r
a131,Silk Sleep Mask,Pure silk sleep mask with elasticated band. Block out light in style.,http://localhost:8080/product/detail.html?id=a131,https://images.unsplash.com/photo-1611085583191-a3b181a88401?w=400&h=500&fit=crop&q=80,35.00,,Clothing > Accessories,out of stock,Green,Unisex,a13123g
a132,Leather Photo Frame,Full-grain leather photo frame for 5x7 prints. A timeless desk accessory.,http://localhost:8080/product/detail.html?id=a132,https://images.unsplash.com/photo-1622560480605-d83c853bc5c3?w=400&h=500&fit=crop&q=80,65.00,,Clothing > Accessories,in stock,Black,Unisex,a13219b
a133,Monogrammed Towel,Egyptian cotton bath towel with embroidered monogram. 600gsm luxury weight.,http://localhost:8080/product/detail.html?id=a133,https://images.unsplash.com/photo-1548036328-c9fa89d128fa?w=400&h=500&fit=crop&q=80,55.00,,Clothing > Accessories,in stock,White,Unisex,a13328w
a134,Wooden Sunglasses Case,Handcrafted walnut sunglasses case with a magnetic closure. Felt-lined interior.,http://localhost:8080/product/detail.html?id=a134,https://images.unsplash.com/photo-1584917865442-de89df76afd3?w=400&h=500&fit=crop&q=80,45.00,,Clothing > Accessories,in stock,Navy,Unisex,a13426n
a135,Leather Wine Carrier,Single-bottle wine carrier in vegetable-tanned leather. Magnetic snap closure.,http://localhost:8080/product/detail.html?id=a135,https://images.unsplash.com/photo-1548036328-c9fa89d128fa?w=400&h=500&fit=crop&q=80,85.00,,Clothing > Accessories,out of stock,Beige,Unisex,a13520b
a136,Travel Candle Set,Set of three mini candles in MAISON signature scents. Perfect for travel.,http://localhost:8080/product/detail.html?id=a136,https://images.unsplash.com/photo-1492707892479-7bc8d5a4ee93?w=400&h=500&fit=crop&q=80,55.00,,Clothing > Accessories,in stock,Brown,Unisex,a13621b
a137,Cashmere Eye Mask,Pure cashmere eye mask in a gift box. Elasticated band for gentle comfort.,http://localhost:8080/product/detail.html?id=a137,https://images.unsplash.com/photo-1611085583191-a3b181a88401?w=400&h=500&fit=crop&q=80,45.00,,Clothing > Accessories,in stock,Grey,Unisex,a13724g
a138,Leather Coaster Set,Set of four leather coasters in a stacking holder. Debossed MAISON logo.,http://localhost:8080/product/detail.html?id=a138,https://images.unsplash.com/photo-1622560480605-d83c853bc5c3?w=400&h=500&fit=crop&q=80,45.00,,Clothing > Accessories,in stock,Camel,Unisex,a13822c
a139,Silk Hair Ties,Set of three silk hair ties. Gentle on hair and stylish on the wrist.,http://localhost:8080/product/detail.html?id=a139,https://images.unsplash.com/photo-1548036328-c9fa89d128fa?w=400&h=500&fit=crop&q=80,25.00,,Clothing > Accessories,out of stock,Ivory,Unisex,a13925i
a140,Leather Bookmark,Slim leather bookmark with a gold-stamped edge. A small luxury for readers.,http://localhost:8080/product/detail.html?id=a140,https://images.unsplash.com/photo-1584917865442-de89df76afd3?w=400&h=500&fit=crop&q=80,25.00,,Clothing > Accessories,in stock,Red,Unisex,a14027r
a141,Brass Keyring,Solid brass keyring with a screw-lock shackle. Develops a patina over time.,http://localhost:8080/product/detail.html?id=a141,https://images.unsplash.com/photo-1548036328-c9fa89d128fa?w=400&h=500&fit=crop&q=80,35.00,,Clothing > Accessories,in stock,Green,Unisex,a14123g
a142,Cotton Face Towels,Set of four organic cotton face towels. Soft waffle weave in neutral tones.,http://localhost:8080/product/detail.html?id=a142,https://images.unsplash.com/photo-1492707892479-7bc8d5a4ee93?w=400&h=500&fit=crop&q=80,35.00,,Clothing > Accessories,in stock,Black,Unisex,a14219b
a143,Linen Apron,Cross-back apron in washed European linen. One-size with adjustable ties.,http://localhost:8080/product/detail.html?id=a143,https://images.unsplash.com/photo-1611085583191-a3b181a88401?w=400&h=500&fit=crop&q=80,55.00,,Clothing > Accessories,out of stock,White,Unisex,a14328w
a144,Ceramic Trinket Dish,Hand-glazed ceramic trinket dish. Perfect for rings and small treasures.,http://localhost:8080/product/detail.html?id=a144,https://images.unsplash.com/photo-1622560480605-d83c853bc5c3?w=400&h=500&fit=crop&q=80,35.00,,Clothing > Accessories,in stock,Navy,Unisex,a14426n
a145,Travel Shoe Bags,Set of two cotton shoe bags with drawstring closure. Keeps luggage tidy.,http://localhost:8080/product/detail.html?id=a145,https://images.unsplash.com/photo-1548036328-c9fa89d128fa?w=400&h=500&fit=crop&q=80,35.00,,Clothing > Accessories,in stock,Beige,Unisex,a14520b
a146,Leather Cable Organiser,Snap-closure cable organiser in leather. Keeps cords tangle-free.,http://localhost:8080/product/detail.html?id=a146,https://images.unsplash.com/photo-1584917865442-de89df76afd3?w=400&h=500&fit=crop&q=80,35.00,,Clothing > Accessories,in stock,Brown,Unisex,a14621b
a147,Wool Throw Blanket,Lambswool throw blanket in a heritage check. Generous 130x180cm size.,http://localhost:8080/product/detail.html?id=a147,https://images.unsplash.com/photo-1548036328-c9fa89d128fa?w=400&h=500&fit=crop&q=80,145.00,,Clothing > Accessories,out of stock,Grey,Unisex,a14724g
a148,Silk Pillowcase,Mulberry silk pillowcase with an envelope closure. Kind to skin and hair.,http://localhost:8080/product/detail.html?id=a148,https://images.unsplash.com/photo-1492707892479-7bc8d5a4ee93?w=400&h=500&fit=crop&q=80,65.00,,Clothing > Accessories,in stock,Camel,Unisex,a14822c
a149,Leather Trinket Box,Small leather-covered box with a suede lining. For jewellery and keepsakes.,http://localhost:8080/product/detail.html?id=a149,https://images.unsplash.com/photo-1611085583191-a3b181a88401?w=400&h=500&fit=crop&q=80,75.00,,Clothing > Accessories,in stock,Ivory,Unisex,a14925i
s1,Leather Oxford,Goodyear-welted Oxford in smooth calfskin. Hand-stitched broguing. Made in Portugal.,http://localhost:8080/product/detail.html?id=s1,https://images.unsplash.com/photo-1542291026-7eec264c27ff?w=400&h=500&fit=crop&q=80,245.00,,Clothing > Shoes,in stock,Red,Unisex,s0127r
s2,Cap-Toe Oxford,Classic cap-toe Oxford in polished calfskin. Closed lacing for formal occasions.,http://localhost:8080/product/detail.html?id=s2,https://images.unsplash.com/photo-1543163521-1bf539c55dd2?w=400&h=500&fit=crop&q=80,255.00,,Clothing > Shoes,out of stock,Green,Unisex,s0223g
s3,Whole-Cut Oxford,Seamless whole-cut Oxford from a single piece of leather. The pinnacle of shoemaking.,http://localhost:8080/product/detail.html?id=s3,https://images.unsplash.com/photo-1560343090-f0409e92791a?w=400&h=500&fit=crop&q=80,295.00,,Clothing > Shoes,in stock,Black,Unisex,s0319b
s4,Brogue Oxford,Full-brogue Oxford with medallion toe and wingtip perforations. Leather sole.,http://localhost:8080/product/detail.html?id=s4,https://images.unsplash.com/photo-1542291026-7eec264c27ff?w=400&h=500&fit=crop&q=80,235.00,,Clothing > Shoes,in stock,White,Unisex,s0428w
s5,Plain-Toe Derby,Classic plain-toe Derby with open lacing. Versatile from suits to jeans.,http://localhost:8080/product/detail.html?id=s5,https://images.unsplash.com/photo-1518611012118-696072aa579a?w=400&h=500&fit=crop&q=80,225.00,,Clothing > Shoes,in stock,Navy,Unisex,s0526n
s6,Wingtip Derby,Wingtip Derby with punched broguing detail. Goodyear-welted with a Dainite sole.,http://localhost:8080/product/detail.html?id=s6,https://images.unsplash.com/photo-1515347619252-60a4bf4fff4f?w=400&h=500&fit=crop&q=80,235.00,,Clothing > Shoes,out of stock,Beige,Unisex,s0620b
s7,Monk Strap Shoes,Double monk strap in burnished calfskin. Polished buckles with a leather sole.,http://localhost:8080/product/detail.html?id=s7,https://images.unsplash.com/photo-1603808033176-9d134e6f9f81?w=400&h=500&fit=crop&q=80,265.00,,Clothing > Shoes,in stock,Brown,Unisex,s0721b
s8,Patent Leather Oxford,Mirror-shine patent Oxford for black-tie events. Whole-cut construction.,http://localhost:8080/product/detail.html?id=s8,https://images.unsplash.com/photo-1595950653106-6c9ebd614d3a?w=400&h=500&fit=crop&q=80,275.00,,Clothing > Shoes,in stock,Grey,Unisex,s0824g
s9,Suede Derby,Unlined suede Derby in a warm tobacco shade. Crepe sole for cushioned comfort.,http://localhost:8080/product/detail.html?id=s9,https://images.unsplash.com/photo-1542291026-7eec264c27ff?w=400&h=500&fit=crop&q=80,215.00,,Clothing > Shoes,in stock,Camel,Unisex,s0922c
s10,Two-Tone Oxford,Spectator-style two-tone Oxford. White and brown calfskin with brogue details.,http://localhost:8080/product/detail.html?id=s10,https://images.unsplash.com/photo-1543163521-1bf539c55dd2?w=400&h=500&fit=crop&q=80,255.00,,Clothing > Shoes,out of stock,Ivory,Unisex,s1025i
s11,Pebble-Grain Derby,Country Derby in Scotch-grain leather. Storm welt for rain resistance.,http://localhost:8080/product/detail.html?id=s11,https://images.unsplash.com/photo-1560343090-f0409e92791a?w=400&h=500&fit=crop&q=80,225.00,,Clothing > Shoes,in stock,Red,Unisex,s1127r
s12,Cordovan Oxford,Shell cordovan Oxford in rich burgundy. Develops a beautiful patina over time.,http://localhost:8080/product/detail.html?id=s12,https://images.unsplash.com/photo-1542291026-7eec264c27ff?w=400&h=500&fit=crop&q=80,345.00,,Clothing > Shoes,in stock,Green,Unisex,s1223g
s13,Blucher Shoes,Open-laced blucher in waxed calfskin. A relaxed step down from Oxfords.,http://localhost:8080/product/detail.html?id=s13,https://images.unsplash.com/photo-1518611012118-696072aa579a?w=400&h=500&fit=crop&q=80,195.00,,Clothing > Shoes,in stock,Black,Unisex,s1319b
s14,Saddle Shoes,Two-tone saddle shoes in leather. Retro style with a modern sole.,http://localhost:8080/product/detail.html?id=s14,https://images.unsplash.com/photo-1515347619252-60a4bf4fff4f?w=400&h=500&fit=crop&q=80,185.00,,Clothing > Shoes,out of stock,White,Unisex,s1428w
s15,Cap-Toe Boot,Cap-toe ankle boot in polished leather. Balmoral style with a leather sole.,http://localhost:8080/product/detail.html?id=s15,https://images.unsplash.com/photo-1603808033176-9d134e6f9f81?w=400&h=500&fit=crop&q=80,285.00,,Clothing > Shoes,in stock,Navy,Unisex,s1526n
s16,Opera Pumps,Classic opera pumps in patent leather. Grosgrain bow detail at the vamp.,http://localhost:8080/product/detail.html?id=s16,https://images.unsplash.com/photo-1595950653106-6c9ebd614d3a?w=400&h=500&fit=crop&q=80,225.00,,Clothing > Shoes,in stock,Beige,Unisex,s1620b
s17,Derby Boots,Ankle-height Derby boot in waterproof leather. Rubber sole with a Goodyear welt.,http://localhost:8080/product/detail.html?id=s17,https://images.unsplash.com/photo-1542291026-7eec264c27ff?w=400&h=500&fit=crop&q=80,275.00,,Clothing > Shoes,in stock,Brown,Unisex,s1721b
s18,Split-Toe Derby,Norwegian split-toe Derby with hand-stitched apron. A distinctive casual alternative.,http://localhost:8080/product/detail.html?id=s18,https://images.unsplash.com/photo-1543163521-1bf539c55dd2?w=400&h=500&fit=crop&q=80,235.00,,Clothing > Shoes,out of stock,Grey,Unisex,s1824g
s19,Lace-Up Dress Shoes,Refined lace-up shoes in matte calfskin. Slim profile with a pointed last.,http://localhost:8080/product/detail.html?id=s19,https://images.unsplash.com/photo-1560343090-f0409e92791a?w=400&h=500&fit=crop&q=80,215.00,,Clothing > Shoes,in stock,Camel,Unisex,s1922c
s20,Balmoral Boots,Closed-lace Balmoral boot in box calfskin. Elegant enough for suits.,http://localhost:8080/product/detail.html?id=s20,https://images.unsplash.com/photo-1542291026-7eec264c27ff?w=400&h=500&fit=crop&q=80,295.00,,Clothing > Shoes,in stock,Ivory,Unisex,s2025i
s21,Wholecut Derby,Seamless wholecut Derby in a single piece of leather. Minimalist luxury.,http://localhost:8080/product/detail.html?id=s21,https://images.unsplash.com/photo-1518611012118-696072aa579a?w=400&h=500&fit=crop&q=80,265.00,,Clothing > Shoes,in stock,Red,Unisex,s2127r
s22,Semi-Brogue Oxford,Semi-brogue Oxford with toe-cap perforations only. Restrained decoration.,http://localhost:8080/product/detail.html?id=s22,https://images.unsplash.com/photo-1515347619252-60a4bf4fff4f?w=400&h=500&fit=crop&q=80,245.00,,Clothing > Shoes,out of stock,Green,Unisex,s2223g
s23,Tassel Loafer,Formal tassel loafer in polished calfskin. Leather sole with a slim profile.,http://localhost:8080/product/detail.html?id=s23,https://images.unsplash.com/photo-1603808033176-9d134e6f9f81?w=400&h=500&fit=crop&q=80,215.00,,Clothing > Shoes,in stock,Black,Unisex,s2319b
s24,Plain Derby,Smooth plain Derby with minimal stitching. Clean and contemporary.,http://localhost:8080/product/detail.html?id=s24,https://images.unsplash.com/photo-1595950653106-6c9ebd614d3a?w=400&h=500&fit=crop&q=80,195.00,,Clothing > Shoes,in stock,White,Unisex,s2428w
s25,Longwing Brogue,Full-brogue with extended wingtip reaching to the heel. Heritage American styling.,http://localhost:8080/product/detail.html?id=s25,https://images.unsplash.com/photo-1542291026-7eec264c27ff?w=400&h=500&fit=crop&q=80,245.00,,Clothing > Shoes,in stock,Navy,Unisex,s2526n
s26,Suede Loafers,Penny loafer in buttery-soft suede. Leather lining and flexible rubber sole.,http://localhost:8080/product/detail.html?id=s26,https://images.unsplash.com/photo-1543163521-1bf539c55dd2?w=400&h=500&fit=crop&q=80,195.00,,Clothing > Shoes,out of stock,Beige,Unisex,s2620b
s27,Leather Penny Loafer,Classic penny loafer in polished calfskin. Hand-stitched moccasin construction.,http://localhost:8080/product/detail.html?id=s27,https://images.unsplash.com/photo-1560343090-f0409e92791a?w=400&h=500&fit=crop&q=80,215.00,,Clothing > Shoes,in stock,Brown,Unisex,s2721b
s28,Horsebit Loafer,Horsebit loafer in smooth leather. Iconic metal hardware at the vamp.,http://localhost:8080/product/detail.html?id=s28,https://images.unsplash.com/photo-1542291026-7eec264c27ff?w=400&h=500&fit=crop&q=80,255.00,,Clothing > Shoes,in stock,Grey,Unisex,s2824g
s29,Driving Moccasin,Soft driving moccasin in unlined nubuck. Rubber pebble sole wraps up the heel.,http://localhost:8080/product/detail.html?id=s29,https://images.unsplash.com/photo-1518611012118-696072aa579a?w=400&h=500&fit=crop&q=80,155.00,,Clothing > Shoes,in stock,Camel,Unisex,s2922c
s30,Velvet Loafer,Smoking slipper in cotton velvet. Embroidered crest on the vamp.,http://localhost:8080/product/detail.html?id=s30,https://images.unsplash.com/photo-1515347619252-60a4bf4fff4f?w=400&h=500&fit=crop&q=80,185.00,,Clothing > Shoes,out of stock,Ivory,Unisex,s3025i
s31,Woven Leather Loafer,Hand-woven leather loafer in a basket-weave pattern. Artisan craftsmanship.,http://localhost:8080/product/detail.html?id=s31,https://images.unsplash.com/photo-1603808033176-9d134e6f9f81?w=400&h=500&fit=crop&q=80,225.00,,Clothing > Shoes,in stock,Red,Unisex,s3127r
s32,Suede Tassel Loafer,Tassel loafer in soft suede. Leather-lined with a flexible sole.,http://localhost:8080/product/detail.html?id=s32,https://images.unsplash.com/photo-1595950653106-6c9ebd614d3a?w=400&h=500&fit=crop&q=80,195.00,,Clothing > Shoes,in stock,Green,Unisex,s3223g
s33,Patent Loafer,Patent leather loafer for evening occasions. Sleek grosgrain trim at the throat.,http://localhost:8080/product/detail.html?id=s33,https://images.unsplash.com/photo-1542291026-7eec264c27ff?w=400&h=500&fit=crop&q=80,215.00,,Clothing > Shoes,in stock,Black,Unisex,s3319b
s34,Leather Slipper,Minimalist leather slipper with a collapsible heel. Indoor-outdoor versatility.,http://localhost:8080/product/detail.html?id=s34,https://images.unsplash.com/photo-1543163521-1bf539c55dd2?w=400&h=500&fit=crop&q=80,165.00,,Clothing > Shoes,out of stock,White,Unisex,s3428w
s35,Canvas Loafer,Lightweight canvas loafer with a rope sole detail. Effortless summer footwear.,http://localhost:8080/product/detail.html?id=s35,https://images.unsplash.com/photo-1560343090-f0409e92791a?w=400&h=500&fit=crop&q=80,85.00,,Clothing > Shoes,in stock,Navy,Unisex,s3526n
s36,Bit Loafer,Gold-tone snaffle-bit loafer in burnished leather. An icon of Italian style.,http://localhost:8080/product/detail.html?id=s36,https://images.unsplash.com/photo-1542291026-7eec264c27ff?w=400&h=500&fit=crop&q=80,235.00,,Clothing > Shoes,in stock,Beige,Unisex,s3620b
s37,Shearling-Lined Loafer,Shearling-lined suede loafer for indoor-outdoor warmth. Rubber sole.,http://localhost:8080/product/detail.html?id=s37,https://images.unsplash.com/photo-1518611012118-696072aa579a?w=400&h=500&fit=crop&q=80,195.00,,Clothing > Shoes,in stock,Brown,Unisex,s3721b
s38,Espadrille Loafer,Canvas espadrille with a jute-wrapped sole. Slip-on summer ease.,http://localhost:8080/product/detail.html?id=s38,https://images.unsplash.com/photo-1515347619252-60a4bf4fff4f?w=400&h=500&fit=crop&q=80,95.00,,Clothing > Shoes,out of stock,Grey,Unisex,s3824g
s39,Leather Mule Loafer,Backless loafer mule in smooth leather. Easy on-off with a structured front.,http://localhost:8080/product/detail.html?id=s39,https://images.unsplash.com/photo-1603808033176-9d134e6f9f81?w=400&h=500&fit=crop&q=80,145.00,,Clothing > Shoes,in stock,Camel,Unisex,s3922c
s40,Raffia Loafer,Hand-woven raffia loafer with leather lining. Natural texture for warm days.,http://localhost:8080/product/detail.html?id=s40,https://images.unsplash.com/photo-1595950653106-6c9ebd614d3a?w=400&h=500&fit=crop&q=80,115.00,,Clothing > Shoes,in stock,Ivory,Unisex,s4025i
s41,Beaded Loafer,Loafer with hand-beaded vamp detail. Artisan craftsmanship meets classic form.,http://localhost:8080/product/detail.html?id=s41,https://images.unsplash.com/photo-1542291026-7eec264c27ff?w=400&h=500&fit=crop&q=80,175.00,,Clothing > Shoes,in stock,Red,Unisex,s4127r
s42,Chunky Loafer,Platform loafer with a chunky rubber sole. Modern proportions on a classic shape.,http://localhost:8080/product/detail.html?id=s42,https://images.unsplash.com/photo-1543163521-1bf539c55dd2?w=400&h=500&fit=crop&q=80,185.00,,Clothing > Shoes,out of stock,Green,Unisex,s4223g
s43,Two-Tone Loafer,Bi-colour loafer in contrasting leathers. A playful take on a classic.,http://localhost:8080/product/detail.html?id=s43,https://images.unsplash.com/photo-1560343090-f0409e92791a?w=400&h=500&fit=crop&q=80,195.00,,Clothing > Shoes,in stock,Black,Unisex,s4319b
s44,Embossed Loafer,Crocodile-embossed leather loafer. Exotic texture without the exotic price.,http://localhost:8080/product/detail.html?id=s44,https://images.unsplash.com/photo-1542291026-7eec264c27ff?w=400&h=500&fit=crop&q=80,205.00,,Clothing > Shoes,in stock,White,Unisex,s4428w
s45,Backless Mule,Easy backless mule in soft calfskin. A modern take on the loafer.,http://localhost:8080/product/detail.html?id=s45,https://images.unsplash.com/photo-1518611012118-696072aa579a?w=400&h=500&fit=crop&q=80,145.00,,Clothing > Shoes,in stock,Navy,Unisex,s4526n
s46,White Sneakers,Clean minimal sneaker in full-grain leather. Vulcanised rubber sole and flat laces.,http://localhost:8080/product/detail.html?id=s46,https://images.unsplash.com/photo-1515347619252-60a4bf4fff4f?w=400&h=500&fit=crop&q=80,135.00,,Clothing > Shoes,out of stock,Beige,Unisex,s4620b
s47,Leather Low-Top,Premium low-top sneaker in Italian leather. Padded collar and a cupsole.,http://localhost:8080/product/detail.html?id=s47,https://images.unsplash.com/photo-1603808033176-9d134e6f9f81?w=400&h=500&fit=crop&q=80,155.00,,Clothing > Shoes,in stock,Brown,Unisex,s4721b
s48,Canvas Sneakers,Classic canvas sneakers with a rubber toe cap. Vulcanised construction.,http://localhost:8080/product/detail.html?id=s48,https://images.unsplash.com/photo-1595950653106-6c9ebd614d3a?w=400&h=500&fit=crop&q=80,65.00,,Clothing > Shoes,in stock,Grey,Unisex,s4824g
s49,Suede Sneakers,Low-top sneakers in buttery suede. Tonal laces and a gum sole.,http://localhost:8080/product/detail.html?id=s49,https://images.unsplash.com/photo-1542291026-7eec264c27ff?w=400&h=500&fit=crop&q=80,145.00,,Clothing > Shoes,in stock,Camel,Unisex,s4922c
s50,Retro Runner,Vintage-inspired running sneaker with a foam wedge sole. Nylon and suede upper.,http://localhost:8080/product/detail.html?id=s50,https://images.unsplash.com/photo-1543163521-1bf539c55dd2?w=400&h=500&fit=crop&q=80,125.00,,Clothing > Shoes,out of stock,Ivory,Unisex,s5025i
s51,High-Top Sneakers,Leather high-top sneaker with padded ankle collar. Side zip for easy entry.,http://localhost:8080/product/detail.html?id=s51,https://images.unsplash.com/photo-1560343090-f0409e92791a?w=400&h=500&fit=crop&q=80,165.00,,Clothing > Shoes,in stock,Red,Unisex,s5127r
s52,Knit Sneakers,Stretch-knit sneakers with a sock-like fit. Lightweight foam sole.,http://localhost:8080/product/detail.html?id=s52,https://images.unsplash.com/photo-1542291026-7eec264c27ff?w=400&h=500&fit=crop&q=80,115.00,,Clothing > Shoes,in stock,Green,Unisex,s5223g
s53,Platform Sneakers,"Leather sneakers on a 4cm platform sole. Classic upper, modern height.",http://localhost:8080/product/detail.html?id=s53,https://images.unsplash.com/photo-1518611012118-696072aa579a?w=400&h=500&fit=crop&q=80,145.00,,Clothing > Shoes,in stock,Black,Unisex,s5319b
s54,Slip-On Sneakers,"Elastic-gusset slip-on in cotton canvas. Minimal effort, maximum style.",http://localhost:8080/product/detail.html?id=s54,https://images.unsplash.com/photo-1515347619252-60a4bf4fff4f?w=400&h=500&fit=crop&q=80,85.00,,Clothing > Shoes,out of stock,White,Unisex,s5428w
s55,Leather Court Sneakers,Court-style sneaker in smooth white leather. Perforated side panels.,http://localhost:8080/product/detail.html?id=s55,https://images.unsplash.com/photo-1603808033176-9d134e6f9f81?w=400&h=500&fit=crop&q=80,155.00,,Clothing > Shoes,in stock,Navy,Unisex,s5526n
s56,Vegan Sneakers,Vegan sneakers made from recycled materials. Plant-based leather alternative.,http://localhost:8080/product/detail.html?id=s56,https://images.unsplash.com/photo-1595950653106-6c9ebd614d3a?w=400&h=500&fit=crop&q=80,95.00,,Clothing > Shoes,in stock,Beige,Unisex,s5620b
s57,Trail Sneakers,Rugged trail sneaker with a grippy Vibram sole. Waterproof membrane.,http://localhost:8080/product/detail.html?id=s57,https://images.unsplash.com/photo-1542291026-7eec264c27ff?w=400&h=500&fit=crop&q=80,135.00,,Clothing > Shoes,in stock,Brown,Unisex,s5721b
s58,Nubuck Sneakers,Low-profile sneakers in soft nubuck. Tonal stitching and a flat waxed lace.,http://localhost:8080/product/detail.html?id=s58,https://images.unsplash.com/photo-1543163521-1bf539c55dd2?w=400&h=500&fit=crop&q=80,125.00,,Clothing > Shoes,out of stock,Grey,Unisex,s5824g
s59,Minimalist Sneakers,Ultra-clean sneaker with hidden laces. Seamless leather upper.,http://localhost:8080/product/detail.html?id=s59,https://images.unsplash.com/photo-1560343090-f0409e92791a?w=400&h=500&fit=crop&q=80,145.00,,Clothing > Shoes,in stock,Camel,Unisex,s5922c
s60,Colourblock Sneakers,Bold colour-blocked sneaker in mixed materials. Suede and nylon panels.,http://localhost:8080/product/detail.html?id=s60,https://images.unsplash.com/photo-1542291026-7eec264c27ff?w=400&h=500&fit=crop&q=80,115.00,,Clothing > Shoes,in stock,Ivory,Unisex,s6025i
s61,Designer Sneakers,Statement sneaker with an oversized sole. Premium leather with logo detail.,http://localhost:8080/product/detail.html?id=s61,https://images.unsplash.com/photo-1518611012118-696072aa579a?w=400&h=500&fit=crop&q=80,265.00,,Clothing > Shoes,in stock,Red,Unisex,s6127r
s62,Classic Tennis Shoe,Heritage tennis shoe in canvas with leather trim. Flat rubber sole.,http://localhost:8080/product/detail.html?id=s62,https://images.unsplash.com/photo-1515347619252-60a4bf4fff4f?w=400&h=500&fit=crop&q=80,95.00,,Clothing > Shoes,out of stock,Green,Unisex,s6223g
s63,Running Sneakers,Everyday running sneaker with responsive foam cushioning. Breathable mesh upper.,http://localhost:8080/product/detail.html?id=s63,https://images.unsplash.com/photo-1603808033176-9d134e6f9f81?w=400&h=500&fit=crop&q=80,115.00,,Clothing > Shoes,in stock,Black,Unisex,s6319b
s64,Leather Strap Sneakers,Velcro-strap sneakers in smooth leather. Easy closure with a retro feel.,http://localhost:8080/product/detail.html?id=s64,https://images.unsplash.com/photo-1595950653106-6c9ebd614d3a?w=400&h=500&fit=crop&q=80,135.00,,Clothing > Shoes,in stock,White,Unisex,s6428w
s65,Neon Accent Sneakers,White leather sneakers with neon accent details. Pop of colour at the heel.,http://localhost:8080/product/detail.html?id=s65,https://images.unsplash.com/photo-1542291026-7eec264c27ff?w=400&h=500&fit=crop&q=80,125.00,,Clothing > Shoes,in stock,Navy,Unisex,s6526n
s66,Woven Sneakers,Hand-woven leather sneakers for warm weather. Breathable construction.,http://localhost:8080/product/detail.html?id=s66,https://images.unsplash.com/photo-1543163521-1bf539c55dd2?w=400&h=500&fit=crop&q=80,95.00,,Clothing > Shoes,out of stock,Beige,Unisex,s6620b
s67,Chunky Sneakers,Exaggerated chunky-sole sneaker. Multi-layered foam with a leather upper.,http://localhost:8080/product/detail.html?id=s67,https://images.unsplash.com/photo-1560343090-f0409e92791a?w=400&h=500&fit=crop&q=80,155.00,,Clothing > Shoes,in stock,Brown,Unisex,s6721b
s68,Mid-Top Sneakers,Mid-height sneaker in smooth leather. Ankle support with a clean silhouette.,http://localhost:8080/product/detail.html?id=s68,https://images.unsplash.com/photo-1542291026-7eec264c27ff?w=400&h=500&fit=crop&q=80,145.00,,Clothing > Shoes,in stock,Grey,Unisex,s6824g
s69,Perforated Sneakers,Perforated leather sneakers for warm-weather breathability. Clean minimal design.,http://localhost:8080/product/detail.html?id=s69,https://images.unsplash.com/photo-1518611012118-696072aa579a?w=400&h=500&fit=crop&q=80,125.00,,Clothing > Shoes,in stock,Camel,Unisex,s6922c
s70,Lace-Up Trainer,Technical trainer with a cushioned insole. Breathable mesh and rubber outsole.,http://localhost:8080/product/detail.html?id=s70,https://images.unsplash.com/photo-1515347619252-60a4bf4fff4f?w=400&h=500&fit=crop&q=80,105.00,,Clothing > Shoes,out of stock,Ivory,Unisex,s7025i
s71,Chelsea Boots,Classic Chelsea boot in polished leather. Elastic gusset and stacked leather heel.,http://localhost:8080/product/detail.html?id=s71,https://images.unsplash.com/photo-1603808033176-9d134e6f9f81?w=400&h=500&fit=crop&q=80,225.00,,Clothing > Shoes,in stock,Red,Unisex,s7127r
s72,Ankle Boots,Chelsea-style ankle boot in calfskin. Block heel and leather lining.,http://localhost:8080/product/detail.html?id=s72,https://images.unsplash.com/photo-1595950653106-6c9ebd614d3a?w=400&h=500&fit=crop&q=80,285.00,,Clothing > Shoes,in stock,Green,Unisex,s7223g
s73,Knee-High Boots,Knee-high boot in smooth leather. Discreet side zip and fitted silhouette.,http://localhost:8080/product/detail.html?id=s73,https://images.unsplash.com/photo-1542291026-7eec264c27ff?w=400&h=500&fit=crop&q=80,345.00,,Clothing > Shoes,in stock,Black,Unisex,s7319b
s74,Suede Chelsea Boots,Chelsea boot in dark-brown suede. Crepe sole for cushioned comfort.,http://localhost:8080/product/detail.html?id=s74,https://images.unsplash.com/photo-1543163521-1bf539c55dd2?w=400&h=500&fit=crop&q=80,215.00,,Clothing > Shoes,out of stock,White,Unisex,s7428w
s75,Lace-Up Boots,Classic lace-up boot in full-grain leather. Speed hooks at the top.,http://localhost:8080/product/detail.html?id=s75,https://images.unsplash.com/photo-1560343090-f0409e92791a?w=400&h=500&fit=crop&q=80,255.00,,Clothing > Shoes,in stock,Navy,Unisex,s7526n
s76,Combat Boots,Chunky combat boots in smooth leather. Treaded rubber sole for grip.,http://localhost:8080/product/detail.html?id=s76,https://images.unsplash.com/photo-1542291026-7eec264c27ff?w=400&h=500&fit=crop&q=80,235.00,,Clothing > Shoes,in stock,Beige,Unisex,s7620b
s77,Western Boots,Pointed-toe western boot with decorative stitching. Stacked heel and pull tabs.,http://localhost:8080/product/detail.html?id=s77,https://images.unsplash.com/photo-1518611012118-696072aa579a?w=400&h=500&fit=crop&q=80,295.00,,Clothing > Shoes,in stock,Brown,Unisex,s7721b
s78,Hiking Boots,Waterproof hiking boots with a Vibram outsole. Padded ankle collar.,http://localhost:8080/product/detail.html?id=s78,https://images.unsplash.com/photo-1515347619252-60a4bf4fff4f?w=400&h=500&fit=crop&q=80,215.00,,Clothing > Shoes,out of stock,Grey,Unisex,s7824g
s79,Riding Boots,Tall riding boot in polished calfskin. Flat sole with a classic equestrian silhouette.,http://localhost:8080/product/detail.html?id=s79,https://images.unsplash.com/photo-1603808033176-9d134e6f9f81?w=400&h=500&fit=crop&q=80,325.00,,Clothing > Shoes,in stock,Camel,Unisex,s7922c
s80,Desert Boots,Classic desert boot in crepe-sole suede. Two-eyelet lacing and a round toe.,http://localhost:8080/product/detail.html?id=s80,https://images.unsplash.com/photo-1595950653106-6c9ebd614d3a?w=400&h=500&fit=crop&q=80,145.00,,Clothing > Shoes,in stock,Ivory,Unisex,s8025i
s81,Platform Boots,Chunky platform boots with a zip closure. Statement height with a comfortable fit.,http://localhost:8080/product/detail.html?id=s81,https://images.unsplash.com/photo-1542291026-7eec264c27ff?w=400&h=500&fit=crop&q=80,265.00,,Clothing > Shoes,in stock,Red,Unisex,s8127r
s82,Chukka Boots,Ankle-height chukka boot in suede. Three-eyelet lacing with a rubber sole.,http://localhost:8080/product/detail.html?id=s82,https://images.unsplash.com/photo-1543163521-1bf539c55dd2?w=400&h=500&fit=crop&q=80,185.00,,Clothing > Shoes,out of stock,Green,Unisex,s8223g
s83,Biker Boots,Moto-inspired boots with buckle straps. Chunky sole and a side zip.,http://localhost:8080/product/detail.html?id=s83,https://images.unsplash.com/photo-1560343090-f0409e92791a?w=400&h=500&fit=crop&q=80,255.00,,Clothing > Shoes,in stock,Black,Unisex,s8319b
s84,Duck Boots,Waterproof duck boots with a rubber shell. Leather upper with a warm lining.,http://localhost:8080/product/detail.html?id=s84,https://images.unsplash.com/photo-1542291026-7eec264c27ff?w=400&h=500&fit=crop&q=80,165.00,,Clothing > Shoes,in stock,White,Unisex,s8428w
s85,Shearling Boots,Shearling-lined ankle boots in suede. Fold-down cuff reveals the wool lining.,http://localhost:8080/product/detail.html?id=s85,https://images.unsplash.com/photo-1518611012118-696072aa579a?w=400&h=500&fit=crop&q=80,275.00,,Clothing > Shoes,in stock,Navy,Unisex,s8526n
s86,Pointed Ankle Boots,Pointed-toe ankle boot with a stiletto heel. Sleek silhouette in smooth leather.,http://localhost:8080/product/detail.html?id=s86,https://images.unsplash.com/photo-1515347619252-60a4bf4fff4f?w=400&h=500&fit=crop&q=80,245.00,,Clothing > Shoes,out of stock,Beige,Unisex,s8620b
s87,Sock Boots,Stretch-knit sock boots with a block heel. Sculpted fit around the ankle.,http://localhost:8080/product/detail.html?id=s87,https://images.unsplash.com/photo-1603808033176-9d134e6f9f81?w=400&h=500&fit=crop&q=80,195.00,,Clothing > Shoes,in stock,Brown,Unisex,s8721b
s88,Work Boots,Heritage work boots in oiled leather. Goodyear-welted with a lug sole.,http://localhost:8080/product/detail.html?id=s88,https://images.unsplash.com/photo-1595950653106-6c9ebd614d3a?w=400&h=500&fit=crop&q=80,225.00,,Clothing > Shoes,in stock,Grey,Unisex,s8824g
s89,Side-Zip Boots,Clean side-zip ankle boot in calfskin. Sleek with no visible hardware.,http://localhost:8080/product/detail.html?id=s89,https://images.unsplash.com/photo-1542291026-7eec264c27ff?w=400&h=500&fit=crop&q=80,215.00,,Clothing > Shoes,in stock,Camel,Unisex,s8922c
s90,Wedge Boots,Suede ankle boots with a concealed wedge heel. Comfortable height all day.,http://localhost:8080/product/detail.html?id=s90,https://images.unsplash.com/photo-1543163521-1bf539c55dd2?w=400&h=500&fit=crop&q=80,195.00,,Clothing > Shoes,out of stock,Ivory,Unisex,s9025i
s91,Lug-Sole Boots,Chunky lug-sole boots in polished leather. Heavy-duty tread for all terrain.,http://localhost:8080/product/detail.html?id=s91,https://images.unsplash.com/photo-1560343090-f0409e92791a?w=400&h=500&fit=crop&q=80,235.00,,Clothing > Shoes,in stock,Red,Unisex,s9127r
s92,Over-the-Knee Boots,Over-the-knee boots in stretch suede. Flat sole with a snug fit.,http://localhost:8080/product/detail.html?id=s92,https://images.unsplash.com/photo-1542291026-7eec264c27ff?w=400&h=500&fit=crop&q=80,375.00,,Clothing > Shoes,in stock,Green,Unisex,s9223g
s93,Rain Boots,Matte rubber rain boots in classic style. Fully waterproof with a removable insole.,http://localhost:8080/product/detail.html?id=s93,https://images.unsplash.com/photo-1518611012118-696072aa579a?w=400&h=500&fit=crop&q=80,85.00,,Clothing > Shoes,in stock,Black,Unisex,s9319b
s94,Zip-Front Boots,Front-zip ankle boots with a round toe. Stacked heel in smooth calfskin.,http://localhost:8080/product/detail.html?id=s94,https://images.unsplash.com/photo-1515347619252-60a4bf4fff4f?w=400&h=500&fit=crop&q=80,225.00,,Clothing > Shoes,out of stock,White,Unisex,s9428w
s95,Jodhpur Boots,Jodhpur-style boot with a side buckle strap. Sleek last with a stacked heel.,http://localhost:8080/product/detail.html?id=s95,https://images.unsplash.com/photo-1603808033176-9d134e6f9f81?w=400&h=500&fit=crop&q=80,245.00,,Clothing > Shoes,in stock,Navy,Unisex,s9526n
s96,Crepe-Sole Boot,Suede ankle boot with a natural crepe rubber sole. Casual comfort with character.,http://localhost:8080/product/detail.html?id=s96,https://images.unsplash.com/photo-1595950653106-6c9ebd614d3a?w=400&h=500&fit=crop&q=80,195.00,,Clothing > Shoes,in stock,Beige,Unisex,s9620b
s97,Hiker Boot,Fashion hiker boot with a padded collar. Chunky sole with D-ring lacing.,http://localhost:8080/product/detail.html?id=s97,https://images.unsplash.com/photo-1542291026-7eec264c27ff?w=400&h=500&fit=crop&q=80,215.00,,Clothing > Shoes,in stock,Brown,Unisex,s9721b
s98,Fur-Lined Boot,Ankle boot with a warm faux-fur lining. Suede upper and a rubber sole.,http://localhost:8080/product/detail.html?id=s98,https://images.unsplash.com/photo-1543163521-1bf539c55dd2?w=400&h=500&fit=crop&q=80,235.00,,Clothing > Shoes,out of stock,Grey,Unisex,s9824g
s99,Heeled Chelsea Boot,Chelsea boot with a block heel. Elastic gussets and a pointed toe.,http://localhost:8080/product/detail.html?id=s99,https://images.unsplash.com/photo-1560343090-f0409e92791a?w=400&h=500&fit=crop&q=80,245.00,,Clothing > Shoes,in stock,Camel,Unisex,s9922c
s100,Brogue Boot,Ankle boot with full brogue perforations. Goodyear welt and a Dainite sole.,http://localhost:8080/product/detail.html?id=s100,https://images.unsplash.com/photo-1542291026-7eec264c27ff?w=400&h=500&fit=crop&q=80,265.00,,Clothing > Shoes,in stock,Ivory,Unisex,s10025i
s101,Strappy Sandals,Minimalist strappy sandal in nappa leather. Gold buckle and slim block heel.,http://localhost:8080/product/detail.html?id=s101,https://images.unsplash.com/photo-1518611012118-696072aa579a?w=400&h=500&fit=crop&q=80,165.00,,Clothing > Shoes,in stock,Red,Unisex,s10127r
s102,Platform Mules,Open-toe mule in structured satin. Platform sole and padded footbed.,http://localhost:8080/product/detail.html?id=s102,https://images.unsplash.com/photo-1515347619252-60a4bf4fff4f?w=400&h=500&fit=crop&q=80,155.00,,Clothing > Shoes,out of stock,Green,Unisex,s10223g
s103,Slide Sandals,Leather slide sandal with a moulded footbed. Single wide strap in nappa.,http://localhost:8080/product/detail.html?id=s103,https://images.unsplash.com/photo-1603808033176-9d134e6f9f81?w=400&h=500&fit=crop&q=80,85.00,,Clothing > Shoes,in stock,Black,Unisex,s10319b
s104,Gladiator Sandals,Knee-high gladiator sandal in calfskin. Multiple buckle straps up the leg.,http://localhost:8080/product/detail.html?id=s104,https://images.unsplash.com/photo-1595950653106-6c9ebd614d3a?w=400&h=500&fit=crop&q=80,185.00,,Clothing > Shoes,in stock,White,Unisex,s10428w
s105,Flat Sandals,Minimalist flat sandal with two thin straps. Leather sole and a cushioned insole.,http://localhost:8080/product/detail.html?id=s105,https://images.unsplash.com/photo-1542291026-7eec264c27ff?w=400&h=500&fit=crop&q=80,95.00,,Clothing > Shoes,in stock,Navy,Unisex,s10526n
s106,Wedge Sandals,Espadrille-wedge sandal with ankle strap. Jute-wrapped heel and leather upper.,http://localhost:8080/product/detail.html?id=s106,https://images.unsplash.com/photo-1543163521-1bf539c55dd2?w=400&h=500&fit=crop&q=80,155.00,,Clothing > Shoes,out of stock,Beige,Unisex,s10620b
s107,Heeled Mules,Pointed-toe mules with a kitten heel. Smooth leather with a padded insole.,http://localhost:8080/product/detail.html?id=s107,https://images.unsplash.com/photo-1560343090-f0409e92791a?w=400&h=500&fit=crop&q=80,175.00,,Clothing > Shoes,in stock,Brown,Unisex,s10721b
s108,Thong Sandals,Classic leather thong sandal. Handmade with a flat sole for everyday wear.,http://localhost:8080/product/detail.html?id=s108,https://images.unsplash.com/photo-1542291026-7eec264c27ff?w=400&h=500&fit=crop&q=80,75.00,,Clothing > Shoes,in stock,Grey,Unisex,s10824g
s109,Braided Sandals,Flat sandals with hand-braided leather straps. Artisan-crafted in Italy.,http://localhost:8080/product/detail.html?id=s109,https://images.unsplash.com/photo-1518611012118-696072aa579a?w=400&h=500&fit=crop&q=80,125.00,,Clothing > Shoes,in stock,Camel,Unisex,s10922c
s110,Block-Heel Sandals,Two-strap sandal with a block heel. Adjustable buckle closure in smooth leather.,http://localhost:8080/product/detail.html?id=s110,https://images.unsplash.com/photo-1515347619252-60a4bf4fff4f?w=400&h=500&fit=crop&q=80,145.00,,Clothing > Shoes,out of stock,Ivory,Unisex,s11025i
s111,Pool Slides,Moulded rubber pool slides with a contoured footbed. Embossed MAISON logo.,http://localhost:8080/product/detail.html?id=s111,https://images.unsplash.com/photo-1603808033176-9d134e6f9f81?w=400&h=500&fit=crop&q=80,45.00,,Clothing > Shoes,in stock,Red,Unisex,s11127r
s112,Platform Sandals,Thick-strap platform sandal in leather. Chunky sole with ankle strap.,http://localhost:8080/product/detail.html?id=s112,https://images.unsplash.com/photo-1595950653106-6c9ebd614d3a?w=400&h=500&fit=crop&q=80,165.00,,Clothing > Shoes,in stock,Green,Unisex,s11223g
s113,Lace-Up Sandals,"Ankle-wrap sandals with thin leather laces. Flat sole, maximum style.",http://localhost:8080/product/detail.html?id=s113,https://images.unsplash.com/photo-1542291026-7eec264c27ff?w=400&h=500&fit=crop&q=80,135.00,,Clothing > Shoes,in stock,Black,Unisex,s11319b
s114,Cork Sandals,Contoured cork footbed sandal with leather straps. Buckle closure for adjustability.,http://localhost:8080/product/detail.html?id=s114,https://images.unsplash.com/photo-1543163521-1bf539c55dd2?w=400&h=500&fit=crop&q=80,95.00,,Clothing > Shoes,out of stock,White,Unisex,s11428w
s115,Jewelled Sandals,Flat sandals with crystal-encrusted straps. Evening sparkle at ground level.,http://localhost:8080/product/detail.html?id=s115,https://images.unsplash.com/photo-1560343090-f0409e92791a?w=400&h=500&fit=crop&q=80,195.00,,Clothing > Shoes,in stock,Navy,Unisex,s11526n
s116,Flip Flops,Leather flip flops with a cushioned sole. Elevated basics for warm days.,http://localhost:8080/product/detail.html?id=s116,https://images.unsplash.com/photo-1542291026-7eec264c27ff?w=400&h=500&fit=crop&q=80,55.00,,Clothing > Shoes,in stock,Beige,Unisex,s11620b
s117,Slingback Sandals,Pointed-toe slingback with a kitten heel. Elasticated strap for comfort.,http://localhost:8080/product/detail.html?id=s117,https://images.unsplash.com/photo-1518611012118-696072aa579a?w=400&h=500&fit=crop&q=80,155.00,,Clothing > Shoes,in stock,Brown,Unisex,s11721b
s118,Sport Sandals,Technical sport sandals with three adjustable straps. Cushioned sole for hiking.,http://localhost:8080/product/detail.html?id=s118,https://images.unsplash.com/photo-1515347619252-60a4bf4fff4f?w=400&h=500&fit=crop&q=80,75.00,,Clothing > Shoes,out of stock,Grey,Unisex,s11824g
s119,Wooden Clog,Traditional wooden-sole clog with a leather upper. Handcrafted in Sweden.,http://localhost:8080/product/detail.html?id=s119,https://images.unsplash.com/photo-1603808033176-9d134e6f9f81?w=400&h=500&fit=crop&q=80,125.00,,Clothing > Shoes,in stock,Camel,Unisex,s11922c
s120,T-Bar Sandals,T-bar sandal in smooth leather. Low heel with an adjustable ankle strap.,http://localhost:8080/product/detail.html?id=s120,https://images.unsplash.com/photo-1595950653106-6c9ebd614d3a?w=400&h=500&fit=crop&q=80,135.00,,Clothing > Shoes,in stock,Ivory,Unisex,s12025i
s121,Knotted Mules,Flat mules with a knotted leather strap. Effortless slip-on for summer.,http://localhost:8080/product/detail.html?id=s121,https://images.unsplash.com/photo-1542291026-7eec264c27ff?w=400&h=500&fit=crop&q=80,115.00,,Clothing > Shoes,in stock,Red,Unisex,s12127r
s122,Woven Sandals,"Woven leather fisherman sandal. Closed toe for protection, open for breathability.",http://localhost:8080/product/detail.html?id=s122,https://images.unsplash.com/photo-1543163521-1bf539c55dd2?w=400&h=500&fit=crop&q=80,125.00,,Clothing > Shoes,out of stock,Green,Unisex,s12223g
s123,Cross-Strap Sandals,Flat sandal with crossing leather straps. Minimalist design for maximum versatility.,http://localhost:8080/product/detail.html?id=s123,https://images.unsplash.com/photo-1560343090-f0409e92791a?w=400&h=500&fit=crop&q=80,105.00,,Clothing > Shoes,in stock,Black,Unisex,s12319b
s124,Padded Slides,Quilted leather slides with a padded strap. Cloud-like cushioning for every step.,http://localhost:8080/product/detail.html?id=s124,https://images.unsplash.com/photo-1542291026-7eec264c27ff?w=400&h=500&fit=crop&q=80,95.00,,Clothing > Shoes,in stock,White,Unisex,s12428w
s125,Toe-Loop Sandals,Simple sandal with a toe-loop design. Leather sole with a flat silhouette.,http://localhost:8080/product/detail.html?id=s125,https://images.unsplash.com/photo-1518611012118-696072aa579a?w=400&h=500&fit=crop&q=80,85.00,,Clothing > Shoes,in stock,Navy,Unisex,s12526n
s126,Stiletto Heels,Classic pointed-toe stiletto in smooth leather. 9cm heel with a cushioned insole.,http://localhost:8080/product/detail.html?id=s126,https://images.unsplash.com/photo-1515347619252-60a4bf4fff4f?w=400&h=500&fit=crop&q=80,245.00,,Clothing > Shoes,out of stock,Beige,Unisex,s12620b
s127,Block-Heel Pumps,Comfortable block-heel pump in calfskin. 7cm heel with a rounded toe.,http://localhost:8080/product/detail.html?id=s127,https://images.unsplash.com/photo-1603808033176-9d134e6f9f81?w=400&h=500&fit=crop&q=80,195.00,,Clothing > Shoes,in stock,Brown,Unisex,s12721b
s128,Kitten Heels,Pointed-toe kitten heel in patent leather. 4cm heel for all-day wearability.,http://localhost:8080/product/detail.html?id=s128,https://images.unsplash.com/photo-1595950653106-6c9ebd614d3a?w=400&h=500&fit=crop&q=80,165.00,,Clothing > Shoes,in stock,Grey,Unisex,s12824g
s129,Ballet Flats,Classic ballet flats in soft nappa leather. Gathered elastic edge for a snug fit.,http://localhost:8080/product/detail.html?id=s129,https://images.unsplash.com/photo-1542291026-7eec264c27ff?w=400&h=500&fit=crop&q=80,115.00,,Clothing > Shoes,in stock,Camel,Unisex,s12922c
s130,Slingback Pumps,Pointed-toe slingback pump with a 7cm heel. Elasticated strap for comfort.,http://localhost:8080/product/detail.html?id=s130,https://images.unsplash.com/photo-1543163521-1bf539c55dd2?w=400&h=500&fit=crop&q=80,195.00,,Clothing > Shoes,out of stock,Ivory,Unisex,s13025i
s131,Platform Heels,Platform pump with a 12cm heel. Leather-wrapped platform reduces effective pitch.,http://localhost:8080/product/detail.html?id=s131,https://images.unsplash.com/photo-1560343090-f0409e92791a?w=400&h=500&fit=crop&q=80,225.00,,Clothing > Shoes,in stock,Red,Unisex,s13127r
s132,Mary Janes,Round-toe Mary Jane with a block heel. Single strap with a button closure.,http://localhost:8080/product/detail.html?id=s132,https://images.unsplash.com/photo-1542291026-7eec264c27ff?w=400&h=500&fit=crop&q=80,175.00,,Clothing > Shoes,in stock,Green,Unisex,s13223g
s133,Pointed-Toe Flats,Sleek pointed-toe flats in leather. A polished alternative to ballet flats.,http://localhost:8080/product/detail.html?id=s133,https://images.unsplash.com/photo-1518611012118-696072aa579a?w=400&h=500&fit=crop&q=80,125.00,,Clothing > Shoes,in stock,Black,Unisex,s13319b
s134,Mule Heels,Open-back mule with a sculptural heel. Leather upper and a padded insole.,http://localhost:8080/product/detail.html?id=s134,https://images.unsplash.com/photo-1515347619252-60a4bf4fff4f?w=400&h=500&fit=crop&q=80,175.00,,Clothing > Shoes,out of stock,White,Unisex,s13428w
s135,Wedge Pumps,Almond-toe pump on a 6cm wedge heel. All-day comfort with dressy appeal.,http://localhost:8080/product/detail.html?id=s135,https://images.unsplash.com/photo-1603808033176-9d134e6f9f81?w=400&h=500&fit=crop&q=80,155.00,,Clothing > Shoes,in stock,Navy,Unisex,s13526n
s136,Strappy Heels,Multi-strap heeled sandal in metallic leather. 8cm stiletto for evening.,http://localhost:8080/product/detail.html?id=s136,https://images.unsplash.com/photo-1595950653106-6c9ebd614d3a?w=400&h=500&fit=crop&q=80,215.00,,Clothing > Shoes,in stock,Beige,Unisex,s13620b
s137,Loafer Heels,Heeled loafer with a chunky block heel. Platform sole with penny-strap detail.,http://localhost:8080/product/detail.html?id=s137,https://images.unsplash.com/photo-1542291026-7eec264c27ff?w=400&h=500&fit=crop&q=80,185.00,,Clothing > Shoes,in stock,Brown,Unisex,s13721b
s138,Square-Toe Heels,Contemporary square-toe pump with a sculpted heel. Architectural and modern.,http://localhost:8080/product/detail.html?id=s138,https://images.unsplash.com/photo-1543163521-1bf539c55dd2?w=400&h=500&fit=crop&q=80,175.00,,Clothing > Shoes,out of stock,Grey,Unisex,s13824g
s139,Embellished Flats,Ballet flats with crystal buckle detail. Satin upper with a cushioned insole.,http://localhost:8080/product/detail.html?id=s139,https://images.unsplash.com/photo-1560343090-f0409e92791a?w=400&h=500&fit=crop&q=80,145.00,,Clothing > Shoes,in stock,Camel,Unisex,s13922c
s140,D'Orsay Pumps,D'Orsay pump with cut-away sides. Pointed toe with a stiletto heel.,http://localhost:8080/product/detail.html?id=s140,https://images.unsplash.com/photo-1542291026-7eec264c27ff?w=400&h=500&fit=crop&q=80,195.00,,Clothing > Shoes,in stock,Ivory,Unisex,s14025i
s141,Peep-Toe Heels,Peep-toe pump with a platform sole. Suede upper and a chunky heel.,http://localhost:8080/product/detail.html?id=s141,https://images.unsplash.com/photo-1518611012118-696072aa579a?w=400&h=500&fit=crop&q=80,185.00,,Clothing > Shoes,in stock,Red,Unisex,s14127r
s142,Ankle-Strap Heels,Ankle-strap sandal heels in metallic leather. 9cm heel with a zip closure.,http://localhost:8080/product/detail.html?id=s142,https://images.unsplash.com/photo-1515347619252-60a4bf4fff4f?w=400&h=500&fit=crop&q=80,205.00,,Clothing > Shoes,out of stock,Green,Unisex,s14223g
s143,Low-Heel Pumps,Professional pump with a 5cm block heel. Leather-lined for all-day comfort.,http://localhost:8080/product/detail.html?id=s143,https://images.unsplash.com/photo-1603808033176-9d134e6f9f81?w=400&h=500&fit=crop&q=80,155.00,,Clothing > Shoes,in stock,Black,Unisex,s14319b
s144,Espadrille Wedges,Canvas espadrille with a jute-wrapped wedge. Ankle tie closure.,http://localhost:8080/product/detail.html?id=s144,https://images.unsplash.com/photo-1595950653106-6c9ebd614d3a?w=400&h=500&fit=crop&q=80,125.00,,Clothing > Shoes,in stock,White,Unisex,s14428w
s145,Leather Moccasins,Soft leather moccasins with a hand-stitched apron. Flexible sole and cozy lining.,http://localhost:8080/product/detail.html?id=s145,https://images.unsplash.com/photo-1542291026-7eec264c27ff?w=400&h=500&fit=crop&q=80,95.00,,Clothing > Shoes,in stock,Navy,Unisex,s14526n
s146,Bow Flats,Pointed-toe flats with an oversized bow. Satin upper with leather sole.,http://localhost:8080/product/detail.html?id=s146,https://images.unsplash.com/photo-1543163521-1bf539c55dd2?w=400&h=500&fit=crop&q=80,105.00,,Clothing > Shoes,out of stock,Beige,Unisex,s14620b
s147,Chunky Heel Sandals,Square-toe sandal with a chunky 8cm heel. Two-strap design in smooth leather.,http://localhost:8080/product/detail.html?id=s147,https://images.unsplash.com/photo-1560343090-f0409e92791a?w=400&h=500&fit=crop&q=80,175.00,,Clothing > Shoes,in stock,Brown,Unisex,s14721b
s148,Metallic Heels,Mirror-finish metallic heels with a pointed toe. Statement shoes for special nights.,http://localhost:8080/product/detail.html?id=s148,https://images.unsplash.com/photo-1542291026-7eec264c27ff?w=400&h=500&fit=crop&q=80,215.00,,Clothing > Shoes,in stock,Grey,Unisex,s14824g
s149,Penny Loafers,Women's penny loafer in polished leather. Leather sole with stacked heel.,http://localhost:8080/product/detail.html?id=s149,https://images.unsplash.com/photo-1518611012118-696072aa579a?w=400&h=500&fit=crop&q=80,155.00,,Clothing > Shoes,in stock,Camel,Unisex,s14922c
s150,Transparent Heels,"Clear PVC sandals with a transparent heel. A modern, avant-garde statement.",http://localhost:8080/product/detail.html?id=s150,https://images.unsplash.com/photo-1515347619252-60a4bf4fff4f?w=400&h=500&fit=crop&q=80,185.00,,Clothing > Shoes,out of stock,Ivory,Unisex,s15025i
w1,Silk Slip Dress,Effortlessly elegant bias-cut slip dress in pure silk charmeuse. Adjustable spaghetti straps and a delicate lace-trimmed hem.,http://localhost:8080/product/detail.html?id=w1,https://images.unsplash.com/photo-1515886657613-9f3515b0c78f?w=400&h=500&fit=crop&q=80,189.00,112.00,Clothing > Sale,in stock,Red,Women,w0127r
w7,Satin Slip Dress,Liquid satin slip dress with cowl neckline. Bias-cut for a body-skimming silhouette.,http://localhost:8080/product/detail.html?id=w7,https://images.unsplash.com/photo-1529139574466-a303027c1d8b?w=400&h=500&fit=crop&q=80,210.00,100.00,Clothing > Sale,in stock,Green,Women,w0723g
w13,Velvet Mini Dress,Luxurious velvet mini dress with a square neckline. Perfect for evening occasions.,http://localhost:8080/product/detail.html?id=w13,https://images.unsplash.com/photo-1469334031218-e382a71b716b?w=400&h=500&fit=crop&q=80,195.00,115.00,Clothing > Sale,in stock,Black,Women,w1319b
w19,Cable Knit Dress,Chunky cable-knit sweater dress in merino wool. Relaxed fit falling just above the knee.,http://localhost:8080/product/detail.html?id=w19,https://images.unsplash.com/photo-1485968579580-b6d095142e6e?w=400&h=500&fit=crop&q=80,165.00,90.00,Clothing > Sale,in stock,White,Women,w1928w
w25,Tulle Midi Dress,Layered tulle midi skirt with a fitted jersey bodice. An ethereal piece for special moments.,http://localhost:8080/product/detail.html?id=w25,https://images.unsplash.com/photo-1515886657613-9f3515b0c78f?w=400&h=500&fit=crop&q=80,245.00,135.00,Clothing > Sale,in stock,Navy,Women,w2526n
w31,Corset Dress,Structured corset-bodice dress with boning detail. Attached full skirt in cotton sateen.,http://localhost:8080/product/detail.html?id=w31,https://images.unsplash.com/photo-1529139574466-a303027c1d8b?w=400&h=500&fit=crop&q=80,215.00,94.00,Clothing > Sale,in stock,Beige,Women,w3120b
w37,Leather Mini Dress,Butter-soft lambskin leather mini dress. A-line cut with a concealed back zip.,http://localhost:8080/product/detail.html?id=w37,https://images.unsplash.com/photo-1469334031218-e382a71b716b?w=400&h=500&fit=crop&q=80,345.00,160.00,Clothing > Sale,in stock,Brown,Women,w3721b
w43,Linen Camp Shirt,Relaxed camp-collar shirt in washed linen. Chest pocket and a boxy fit.,http://localhost:8080/product/detail.html?id=w43,https://images.unsplash.com/photo-1485968579580-b6d095142e6e?w=400&h=500&fit=crop&q=80,85.00,50.00,Clothing > Sale,in stock,Grey,Women,w4324g
w49,Peplum Top,Structured peplum top in stretch crepe. Nips in at the waist with a flared hem.,http://localhost:8080/product/detail.html?id=w49,https://images.unsplash.com/photo-1515886657613-9f3515b0c78f?w=400&h=500&fit=crop&q=80,95.00,38.00,Clothing > Sale,in stock,Camel,Women,w4922c
w55,Ruffle Front Blouse,Romantic ruffle-front blouse in lightweight cotton voile. Feminine and effortless.,http://localhost:8080/product/detail.html?id=w55,https://images.unsplash.com/photo-1529139574466-a303027c1d8b?w=400&h=500&fit=crop&q=80,105.00,62.00,Clothing > Sale,in stock,Ivory,Women,w5525i
w61,Mesh Long Sleeve Top,Sheer mesh top for layering. Fitted with a crew neck and thumb holes.,http://localhost:8080/product/detail.html?id=w61,https://images.unsplash.com/photo-1469334031218-e382a71b716b?w=400&h=500&fit=crop&q=80,55.00,32.00,Clothing > Sale,in stock,Red,Women,w6127r
w67,Shoulder-Pad Top,Structured T-shirt with padded shoulders. A power silhouette in cotton jersey.,http://localhost:8080/product/detail.html?id=w67,https://images.unsplash.com/photo-1485968579580-b6d095142e6e?w=400&h=500&fit=crop&q=80,75.00,33.00,Clothing > Sale,in stock,Green,Women,w6723g
w73,Corset Top,Structured corset top in stretch cotton. Boning detail with a sweetheart neckline.,http://localhost:8080/product/detail.html?id=w73,https://images.unsplash.com/photo-1515886657613-9f3515b0c78f?w=400&h=500&fit=crop&q=80,115.00,49.00,Clothing > Sale,in stock,Black,Women,w7319b
w79,Leather Trousers,Straight-leg trousers in butter-soft lambskin. A modern wardrobe investment.,http://localhost:8080/product/detail.html?id=w79,https://images.unsplash.com/photo-1529139574466-a303027c1d8b?w=400&h=500&fit=crop&q=80,295.00,130.00,Clothing > Sale,in stock,White,Women,w7928w
w85,Wrap Skirt,Linen-blend wrap skirt with an asymmetric hem. Tie waist for an adjustable fit.,http://localhost:8080/product/detail.html?id=w85,https://images.unsplash.com/photo-1469334031218-e382a71b716b?w=400&h=500&fit=crop&q=80,105.00,39.00,Clothing > Sale,in stock,Navy,Women,w8526n
w91,Bermuda Shorts,Tailored Bermuda shorts in cotton-linen blend. Pressed crease with belt loops.,http://localhost:8080/product/detail.html?id=w91,https://images.unsplash.com/photo-1485968579580-b6d095142e6e?w=400&h=500&fit=crop&q=80,85.00,48.00,Clothing > Sale,in stock,Beige,Women,w9120b
w97,Paper Bag Waist Trousers,Gathered paper-bag waist trousers in cotton twill. Self-tie belt with tapered legs.,http://localhost:8080/product/detail.html?id=w97,https://images.unsplash.com/photo-1515886657613-9f3515b0c78f?w=400&h=500&fit=crop&q=80,125.00,69.00,Clothing > Sale,in stock,Brown,Women,w9721b
w103,Leather Biker Jacket,Cropped biker jacket in lambskin leather. Asymmetric zip with quilted lining.,http://localhost:8080/product/detail.html?id=w103,https://images.unsplash.com/photo-1529139574466-a303027c1d8b?w=400&h=500&fit=crop&q=80,385.00,205.00,Clothing > Sale,in stock,Grey,Women,w10324g
w109,Bouclé Jacket,Collarless bouclé jacket with fringe trim. Gold-tone buttons and patch pockets.,http://localhost:8080/product/detail.html?id=w109,https://images.unsplash.com/photo-1469334031218-e382a71b716b?w=400&h=500&fit=crop&q=80,285.00,126.00,Clothing > Sale,in stock,Camel,Women,w10922c
w115,Cropped Bomber Jacket,Cropped satin bomber with ribbed trim. Zip front with side slit pockets.,http://localhost:8080/product/detail.html?id=w115,https://images.unsplash.com/photo-1485968579580-b6d095142e6e?w=400&h=500&fit=crop&q=80,165.00,91.00,Clothing > Sale,in stock,Ivory,Women,w11525i
w121,Utility Jacket,Cotton canvas utility jacket with multiple pockets. Drawstring waist for shape.,http://localhost:8080/product/detail.html?id=w121,https://images.unsplash.com/photo-1515886657613-9f3515b0c78f?w=400&h=500&fit=crop&q=80,155.00,88.00,Clothing > Sale,in stock,Red,Women,w12127r
w127,Teddy Coat,Cozy teddy-fleece coat with a notched collar. Oversized pockets and a single-button front.,http://localhost:8080/product/detail.html?id=w127,https://images.unsplash.com/photo-1529139574466-a303027c1d8b?w=400&h=500&fit=crop&q=80,235.00,115.00,Clothing > Sale,in stock,Green,Women,w12723g
w133,Cashmere Hoodie,Relaxed cashmere hoodie with kangaroo pocket. Luxury meets comfort.,http://localhost:8080/product/detail.html?id=w133,https://images.unsplash.com/photo-1469334031218-e382a71b716b?w=400&h=500&fit=crop&q=80,245.00,143.00,Clothing > Sale,in stock,Black,Women,w13319b
w139,Chunky Knit Sweater,"Hand-knit effect chunky sweater in alpaca blend. Statement texture, relaxed fit.",http://localhost:8080/product/detail.html?id=w139,https://images.unsplash.com/photo-1485968579580-b6d095142e6e?w=400&h=500&fit=crop&q=80,155.00,66.00,Clothing > Sale,in stock,White,Women,w13928w
w145,Twinset Cardigan,Classic twinset cardigan and matching camisole in fine-gauge merino.,http://localhost:8080/product/detail.html?id=w145,https://images.unsplash.com/photo-1515886657613-9f3515b0c78f?w=400&h=500&fit=crop&q=80,175.00,100.00,Clothing > Sale,in stock,Navy,Women,w14526n
w151,Colour-Block Sweater,Bold colour-block sweater in organic cotton. Crew neck with ribbed trim.,http://localhost:8080/product/detail.html?id=w151,https://images.unsplash.com/photo-1529139574466-a303027c1d8b?w=400&h=500&fit=crop&q=80,125.00,59.00,Clothing > Sale,in stock,Beige,Women,w15120b
w157,Linen Jumpsuit,Relaxed linen jumpsuit with patch pockets. Button-front with a drawstring waist.,http://localhost:8080/product/detail.html?id=w157,https://images.unsplash.com/photo-1469334031218-e382a71b716b?w=400&h=500&fit=crop&q=80,165.00,77.00,Clothing > Sale,in stock,Brown,Women,w15721b
w163,Utility Jumpsuit,Cotton canvas utility jumpsuit with belt. Multiple pockets and rolled cuffs.,http://localhost:8080/product/detail.html?id=w163,https://images.unsplash.com/photo-1485968579580-b6d095142e6e?w=400&h=500&fit=crop&q=80,175.00,89.00,Clothing > Sale,in stock,Grey,Women,w16324g
w169,Satin Camisole Set,Satin camisole and shorts set with lace trim. Luxurious nightwear.,http://localhost:8080/product/detail.html?id=w169,https://images.unsplash.com/photo-1515886657613-9f3515b0c78f?w=400&h=500&fit=crop&q=80,145.00,59.00,Clothing > Sale,in stock,Camel,Women,w16922c
w175,Ponte Leggings,Structured ponte leggings with a wide waistband. The comfort of leggings with trouser polish.,http://localhost:8080/product/detail.html?id=w175,https://images.unsplash.com/photo-1529139574466-a303027c1d8b?w=400&h=500&fit=crop&q=80,75.00,29.00,Clothing > Sale,in stock,Ivory,Women,w17525i
w181,Knit Shorts,Cotton-cashmere knit shorts with an elasticated waist. Part of the MAISON lounge edit.,http://localhost:8080/product/detail.html?id=w181,https://images.unsplash.com/photo-1469334031218-e382a71b716b?w=400&h=500&fit=crop&q=80,65.00,38.00,Clothing > Sale,in stock,Red,Women,w18127r
w187,Tank Dress,Clean cotton tank dress with a straight cut. The simplest canvas for accessorising.,http://localhost:8080/product/detail.html?id=w187,https://images.unsplash.com/photo-1485968579580-b6d095142e6e?w=400&h=500&fit=crop&q=80,65.00,36.00,Clothing > Sale,in stock,Green,Women,w18723g
w193,Shacket,Flannel shirt-jacket hybrid in a heritage plaid. Oversized with snap buttons.,http://localhost:8080/product/detail.html?id=w193,https://images.unsplash.com/photo-1515886657613-9f3515b0c78f?w=400&h=500&fit=crop&q=80,125.00,63.00,Clothing > Sale,in stock,Black,Women,w19319b
w199,Silk Midi Skirt,Pure silk midi skirt in a jewel-tone palette. Side zip with a fluid drape.,http://localhost:8080/product/detail.html?id=w199,https://images.unsplash.com/photo-1529139574466-a303027c1d8b?w=400&h=500&fit=crop&q=80,165.00,68.00,Clothing > Sale,in stock,White,Women,w19928w
m1,Slim Fit Suit,"Slim-fit two-piece suit in Super 120s wool. Notched lapels, two-button closure. Made in Italy.",http://localhost:8080/product/detail.html?id=m1,https://images.unsplash.com/photo-1507003211169-0a1dd7228f2d?w=400&h=500&fit=crop&q=80,450.00,236.00,Clothing > Sale,in stock,Navy,Men,m0126n
m7,Three-Piece Suit,"Classic three-piece in mid-grey flannel. Single-breasted jacket, waistcoat, and flat-front trousers.",http://localhost:8080/product/detail.html?id=m7,https://images.unsplash.com/photo-1542103749-8ef59b94f47e?w=400&h=500&fit=crop&q=80,525.00,262.00,Clothing > Sale,in stock,Beige,Men,m0720b
m13,Tweed Sport Coat,Harris Tweed sport coat with leather-trimmed buttons. A heritage piece for modern times.,http://localhost:8080/product/detail.html?id=m13,https://images.unsplash.com/photo-1490578474895-699cd4e2cf59?w=400&h=500&fit=crop&q=80,315.00,118.00,Clothing > Sale,in stock,Brown,Men,m1321b
m19,Flannel Suit,Full-weight flannel suit in charcoal grey. Fully canvassed for impeccable drape.,http://localhost:8080/product/detail.html?id=m19,https://images.unsplash.com/photo-1480429370139-e0132c086e2a?w=400&h=500&fit=crop&q=80,445.00,256.00,Clothing > Sale,in stock,Grey,Men,m1924g
m25,Travel Suit,"Wrinkle-resistant travel suit in performance wool. Pack it, fly, arrive sharp.",http://localhost:8080/product/detail.html?id=m25,https://images.unsplash.com/photo-1507003211169-0a1dd7228f2d?w=400&h=500&fit=crop&q=80,395.00,157.00,Clothing > Sale,in stock,Camel,Men,m2522c
m31,Oxford Shirt,Classic Oxford-weave shirt in Egyptian cotton. Button-down collar and chest pocket.,http://localhost:8080/product/detail.html?id=m31,https://images.unsplash.com/photo-1542103749-8ef59b94f47e?w=400&h=500&fit=crop&q=80,95.00,37.00,Clothing > Sale,in stock,Ivory,Men,m3125i
m37,Bengal Stripe Shirt,"Fine Bengal stripe shirt in two-ply cotton. Spread collar, single cuff.",http://localhost:8080/product/detail.html?id=m37,https://images.unsplash.com/photo-1490578474895-699cd4e2cf59?w=400&h=500&fit=crop&q=80,105.00,62.00,Clothing > Sale,in stock,Red,Men,m3727r
m43,Henley Shirt,Long-sleeve Henley in slub cotton jersey. Three-button placket at the neck.,http://localhost:8080/product/detail.html?id=m43,https://images.unsplash.com/photo-1480429370139-e0132c086e2a?w=400&h=500&fit=crop&q=80,65.00,25.00,Clothing > Sale,in stock,Green,Men,m4323g
m49,Dobby Shirt,Textured dobby-weave shirt in cotton. Subtle pattern adds visual interest.,http://localhost:8080/product/detail.html?id=m49,https://images.unsplash.com/photo-1507003211169-0a1dd7228f2d?w=400&h=500&fit=crop&q=80,95.00,37.00,Clothing > Sale,in stock,Black,Men,m4919b
m55,Performance Shirt,Moisture-wicking stretch shirt. Wrinkle-free finish for travel and long days.,http://localhost:8080/product/detail.html?id=m55,https://images.unsplash.com/photo-1542103749-8ef59b94f47e?w=400&h=500&fit=crop&q=80,115.00,56.00,Clothing > Sale,in stock,White,Men,m5528w
m61,Printed Shirt,All-over printed shirt in cotton voile. Original MAISON patterns.,http://localhost:8080/product/detail.html?id=m61,https://images.unsplash.com/photo-1490578474895-699cd4e2cf59?w=400&h=500&fit=crop&q=80,95.00,36.00,Clothing > Sale,in stock,Navy,Men,m6126n
m67,Wool Trousers,Tailored flat-front trousers in Italian wool. Medium rise with a slim leg.,http://localhost:8080/product/detail.html?id=m67,https://images.unsplash.com/photo-1480429370139-e0132c086e2a?w=400&h=500&fit=crop&q=80,175.00,101.00,Clothing > Sale,in stock,Beige,Men,m6720b
m73,Jogger Trousers,Tailored joggers in ponte jersey. Ribbed cuffs with a drawstring waist.,http://localhost:8080/product/detail.html?id=m73,https://images.unsplash.com/photo-1507003211169-0a1dd7228f2d?w=400&h=500&fit=crop&q=80,95.00,38.00,Clothing > Sale,in stock,Brown,Men,m7321b
m79,Flat-Front Trousers,Flat-front trousers in cotton gabardine. Clean lines with a straight leg.,http://localhost:8080/product/detail.html?id=m79,https://images.unsplash.com/photo-1542103749-8ef59b94f47e?w=400&h=500&fit=crop&q=80,135.00,54.00,Clothing > Sale,in stock,Grey,Men,m7924g
m85,Tailored Shorts,Tailored shorts in cotton twill. Above-the-knee cut with a flat front.,http://localhost:8080/product/detail.html?id=m85,https://images.unsplash.com/photo-1490578474895-699cd4e2cf59?w=400&h=500&fit=crop&q=80,85.00,36.00,Clothing > Sale,in stock,Camel,Men,m8522c
m91,Tech Trousers,Performance trousers in four-way stretch fabric. Water-resistant with zip pockets.,http://localhost:8080/product/detail.html?id=m91,https://images.unsplash.com/photo-1480429370139-e0132c086e2a?w=400&h=500&fit=crop&q=80,125.00,52.00,Clothing > Sale,in stock,Ivory,Men,m9125i
m97,Leather Jacket,Biker jacket in full-grain leather. YKK zips throughout with quilted lining.,http://localhost:8080/product/detail.html?id=m97,https://images.unsplash.com/photo-1507003211169-0a1dd7228f2d?w=400&h=500&fit=crop&q=80,340.00,180.00,Clothing > Sale,in stock,Red,Men,m9727r
m103,Harrington Jacket,Classic Harrington jacket in cotton-poly blend. Tartan lining with a stand collar.,http://localhost:8080/product/detail.html?id=m103,https://images.unsplash.com/photo-1542103749-8ef59b94f47e?w=400&h=500&fit=crop&q=80,185.00,75.00,Clothing > Sale,in stock,Green,Men,m10323g
m109,Shearling Jacket,Genuine shearling aviator jacket. Warm wool interior with rugged leather exterior.,http://localhost:8080/product/detail.html?id=m109,https://images.unsplash.com/photo-1490578474895-699cd4e2cf59?w=400&h=500&fit=crop&q=80,495.00,184.00,Clothing > Sale,in stock,Black,Men,m10919b
m115,Safari Jacket,Cotton safari jacket with bellows pockets. Belted waist with a collar.,http://localhost:8080/product/detail.html?id=m115,https://images.unsplash.com/photo-1480429370139-e0132c086e2a?w=400&h=500&fit=crop&q=80,225.00,126.00,Clothing > Sale,in stock,White,Men,m11528w
m121,Knit Blazer,"Ponte-knit blazer with a soft construction. The ease of knitwear, the look of tailoring.",http://localhost:8080/product/detail.html?id=m121,https://images.unsplash.com/photo-1507003211169-0a1dd7228f2d?w=400&h=500&fit=crop&q=80,195.00,77.00,Clothing > Sale,in stock,Navy,Men,m12126n
m127,Cashmere V-Neck,Pure cashmere V-neck sweater. Relaxed fit with ribbed trim.,http://localhost:8080/product/detail.html?id=m127,https://images.unsplash.com/photo-1542103749-8ef59b94f47e?w=400&h=500&fit=crop&q=80,245.00,100.00,Clothing > Sale,in stock,Beige,Men,m12720b
m133,Fair Isle Sweater,Traditional Fair Isle sweater in Shetland wool. Heritage knitting in modern colours.,http://localhost:8080/product/detail.html?id=m133,https://images.unsplash.com/photo-1490578474895-699cd4e2cf59?w=400&h=500&fit=crop&q=80,175.00,81.00,Clothing > Sale,in stock,Brown,Men,m13321b
m139,Sleeveless Sweater,V-neck sleeveless sweater in fine merino. A classic layering piece.,http://localhost:8080/product/detail.html?id=m139,https://images.unsplash.com/photo-1480429370139-e0132c086e2a?w=400&h=500&fit=crop&q=80,95.00,37.00,Clothing > Sale,in stock,Grey,Men,m13924g
m145,Textured Knit Polo,Short-sleeve polo in waffle-knit cotton. Textured surface with a clean finish.,http://localhost:8080/product/detail.html?id=m145,https://images.unsplash.com/photo-1507003211169-0a1dd7228f2d?w=400&h=500&fit=crop&q=80,95.00,49.00,Clothing > Sale,in stock,Camel,Men,m14522c
m151,Sweatshirt,Classic crewneck sweatshirt in loopback cotton. Ribbed trim with a regular fit.,http://localhost:8080/product/detail.html?id=m151,https://images.unsplash.com/photo-1542103749-8ef59b94f47e?w=400&h=500&fit=crop&q=80,85.00,46.00,Clothing > Sale,in stock,Ivory,Men,m15125i
m157,Pima Cotton Tee,Extra-long-staple Pima cotton tee. Luxuriously soft with a tailored fit.,http://localhost:8080/product/detail.html?id=m157,https://images.unsplash.com/photo-1490578474895-699cd4e2cf59?w=400&h=500&fit=crop&q=80,55.00,25.00,Clothing > Sale,in stock,Red,Men,m15727r
m163,Cotton Robe,Heavyweight waffle-knit cotton robe. Shawl collar with a self-tie belt.,http://localhost:8080/product/detail.html?id=m163,https://images.unsplash.com/photo-1480429370139-e0132c086e2a?w=400&h=500&fit=crop&q=80,95.00,53.00,Clothing > Sale,in stock,Green,Men,m16323g
m169,Athletic Tank,Lightweight athletic tank in technical mesh. Breathable for intense workouts.,http://localhost:8080/product/detail.html?id=m169,https://images.unsplash.com/photo-1507003211169-0a1dd7228f2d?w=400&h=500&fit=crop&q=80,45.00,23.00,Clothing > Sale,in stock,Black,Men,m16919b
m175,Merino Socks,Fine merino wool socks in mid-calf length. Temperature-regulating and odour-resistant.,http://localhost:8080/product/detail.html?id=m175,https://images.unsplash.com/photo-1542103749-8ef59b94f47e?w=400&h=500&fit=crop&q=80,25.00,9.00,Clothing > Sale,in stock,White,Men,m17528w
m181,Dress Socks,Mercerised cotton dress socks in over-the-calf length. Stay-up ribbed top.,http://localhost:8080/product/detail.html?id=m181,https://images.unsplash.com/photo-1490578474895-699cd4e2cf59?w=400&h=500&fit=crop&q=80,35.00,17.00,Clothing > Sale,in stock,Navy,Men,m18126n
m187,Linen Overshirt,Garment-dyed linen overshirt. Wear open as a light layer or buttoned as a shirt.,http://localhost:8080/product/detail.html?id=m187,https://images.unsplash.com/photo-1480429370139-e0132c086e2a?w=400&h=500&fit=crop&q=80,105.00,41.00,Clothing > Sale,in stock,Beige,Men,m18720b
m193,Cotton Chore Jacket,French-style chore jacket in washed cotton. Three patch pockets and a boxy cut.,http://localhost:8080/product/detail.html?id=m193,https://images.unsplash.com/photo-1507003211169-0a1dd7228f2d?w=400&h=500&fit=crop&q=80,155.00,82.00,Clothing > Sale,in stock,Brown,Men,m19321b
m199,Cashmere Scarf,Solid cashmere scarf in a generous width. Incredibly soft against the skin.,http://localhost:8080/product/detail.html?id=m199,https://images.unsplash.com/photo-1542103749-8ef59b94f47e?w=400&h=500&fit=crop&q=80,145.00,65.00,Clothing > Sale,in stock,Grey,Men,m19924g
a1,Leather Tote Bag,Structured tote in vegetable-tanned Italian leather. Suede lining and gold hardware.,http://localhost:8080/product/detail.html?id=a1,https://images.unsplash.com/photo-1548036328-c9fa89d128fa?w=400&h=500&fit=crop&q=80,285.00,142.00,Clothing > Sale,in stock,Camel,Unisex,a0122c
a8,Straw Tote,Hand-woven straw tote with leather handles. Spacious interior for beach days.,http://localhost:8080/product/detail.html?id=a8,https://images.unsplash.com/photo-1584917865442-de89df76afd3?w=400&h=500&fit=crop&q=80,95.00,43.00,Clothing > Sale,in stock,Ivory,Unisex,a0825i
a15,Leather Satchel,Classic satchel in bridle leather. Push-lock closure with a top handle.,http://localhost:8080/product/detail.html?id=a15,https://images.unsplash.com/photo-1548036328-c9fa89d128fa?w=400&h=500&fit=crop&q=80,235.00,98.00,Clothing > Sale,in stock,Red,Unisex,a1527r
a22,Nylon Crossbody,Lightweight nylon crossbody with multiple compartments. Water-resistant for active days.,http://localhost:8080/product/detail.html?id=a22,https://images.unsplash.com/photo-1492707892479-7bc8d5a4ee93?w=400&h=500&fit=crop&q=80,95.00,49.00,Clothing > Sale,in stock,Green,Unisex,a2223g
a29,Leather Portfolio,Zipped portfolio in Italian leather. Document pocket and card slots inside.,http://localhost:8080/product/detail.html?id=a29,https://images.unsplash.com/photo-1611085583191-a3b181a88401?w=400&h=500&fit=crop&q=80,195.00,107.00,Clothing > Sale,in stock,Black,Unisex,a2919b
a36,Silk Scarf,Hand-rolled 90×90cm scarf in silk twill. Original MAISON botanical motif.,http://localhost:8080/product/detail.html?id=a36,https://images.unsplash.com/photo-1622560480605-d83c853bc5c3?w=400&h=500&fit=crop&q=80,95.00,40.00,Clothing > Sale,in stock,White,Unisex,a3628w
a43,Cashmere Wrap,Travel-size cashmere wrap in a neutral palette. Lightweight warmth on the go.,http://localhost:8080/product/detail.html?id=a43,https://images.unsplash.com/photo-1548036328-c9fa89d128fa?w=400&h=500&fit=crop&q=80,195.00,70.00,Clothing > Sale,in stock,Navy,Unisex,a4326n
a50,Knit Snood,Chunky-knit snood in merino wool. Pull it over your head for instant warmth.,http://localhost:8080/product/detail.html?id=a50,https://images.unsplash.com/photo-1584917865442-de89df76afd3?w=400&h=500&fit=crop&q=80,55.00,20.00,Clothing > Sale,in stock,Beige,Unisex,a5020b
a57,Silver Bracelet,"Open-cuff bracelet in sterling silver. Minimalist form, maximum impact.",http://localhost:8080/product/detail.html?id=a57,https://images.unsplash.com/photo-1548036328-c9fa89d128fa?w=400&h=500&fit=crop&q=80,125.00,67.00,Clothing > Sale,in stock,Brown,Unisex,a5721b
a64,Pendant Necklace,Disc pendant on a fine gold-plated chain. Minimalist and endlessly wearable.,http://localhost:8080/product/detail.html?id=a64,https://images.unsplash.com/photo-1492707892479-7bc8d5a4ee93?w=400&h=500&fit=crop&q=80,135.00,58.00,Clothing > Sale,in stock,Grey,Unisex,a6424g
a71,Coin Necklace,Antique-style coin pendant on a chunky chain. Gold-plated with a vintage patina.,http://localhost:8080/product/detail.html?id=a71,https://images.unsplash.com/photo-1611085583191-a3b181a88401?w=400&h=500&fit=crop&q=80,115.00,57.00,Clothing > Sale,in stock,Camel,Unisex,a7122c
a78,Enamel Ring,Sterling silver ring with hand-painted enamel. Available in six vibrant colours.,http://localhost:8080/product/detail.html?id=a78,https://images.unsplash.com/photo-1622560480605-d83c853bc5c3?w=400&h=500&fit=crop&q=80,65.00,24.00,Clothing > Sale,in stock,Ivory,Unisex,a7825i
a85,Mixed Metal Rings,"Set of three rings in gold, silver, and rose gold plate. Modern metal mixing.",http://localhost:8080/product/detail.html?id=a85,https://images.unsplash.com/photo-1548036328-c9fa89d128fa?w=400&h=500&fit=crop&q=80,75.00,36.00,Clothing > Sale,in stock,Red,Unisex,a8527r
a92,Tortoiseshell Sunglasses,Classic frames in hand-polished tortoiseshell acetate. Warm brown gradient lenses.,http://localhost:8080/product/detail.html?id=a92,https://images.unsplash.com/photo-1584917865442-de89df76afd3?w=400&h=500&fit=crop&q=80,145.00,85.00,Clothing > Sale,in stock,Green,Unisex,a9223g
a99,Rectangular Sunglasses,Clean rectangular frames in dark acetate. A versatile everyday pair.,http://localhost:8080/product/detail.html?id=a99,https://images.unsplash.com/photo-1548036328-c9fa89d128fa?w=400&h=500&fit=crop&q=80,125.00,55.00,Clothing > Sale,in stock,Black,Unisex,a9919b
a106,Baseball Cap,Washed cotton twill cap with an adjustable back strap. Embroidered MAISON logo.,http://localhost:8080/product/detail.html?id=a106,https://images.unsplash.com/photo-1492707892479-7bc8d5a4ee93?w=400&h=500&fit=crop&q=80,45.00,24.00,Clothing > Sale,in stock,White,Unisex,a10628w
a113,Silk Pocket Square,Hand-rolled silk pocket square in original MAISON prints. Elevates any jacket.,http://localhost:8080/product/detail.html?id=a113,https://images.unsplash.com/photo-1611085583191-a3b181a88401?w=400&h=500&fit=crop&q=80,45.00,19.00,Clothing > Sale,in stock,Navy,Unisex,a11326n
a120,Tie Bar,Brushed sterling silver tie bar. Classic clip style that holds firmly.,http://localhost:8080/product/detail.html?id=a120,https://images.unsplash.com/photo-1622560480605-d83c853bc5c3?w=400&h=500&fit=crop&q=80,55.00,23.00,Clothing > Sale,in stock,Beige,Unisex,a12020b
a127,Leather Journal,A5 journal in Italian leather with gold-edge pages. A beautiful place for thoughts.,http://localhost:8080/product/detail.html?id=a127,https://images.unsplash.com/photo-1548036328-c9fa89d128fa?w=400&h=500&fit=crop&q=80,75.00,35.00,Clothing > Sale,in stock,Brown,Unisex,a12721b
a134,Wooden Sunglasses Case,Handcrafted walnut sunglasses case with a magnetic closure. Felt-lined interior.,http://localhost:8080/product/detail.html?id=a134,https://images.unsplash.com/photo-1584917865442-de89df76afd3?w=400&h=500&fit=crop&q=80,45.00,26.00,Clothing > Sale,in stock,Grey,Unisex,a13424g
a141,Brass Keyring,Solid brass keyring with a screw-lock shackle. Develops a patina over time.,http://localhost:8080/product/detail.html?id=a141,https://images.unsplash.com/photo-1548036328-c9fa89d128fa?w=400&h=500&fit=crop&q=80,35.00,19.00,Clothing > Sale,in stock,Camel,Unisex,a14122c
a148,Silk Pillowcase,Mulberry silk pillowcase with an envelope closure. Kind to skin and hair.,http://localhost:8080/product/detail.html?id=a148,https://images.unsplash.com/photo-1492707892479-7bc8d5a4ee93?w=400&h=500&fit=crop&q=80,65.00,32.00,Clothing > Sale,in stock,Ivory,Unisex,a14825i
s1,Leather Oxford,Goodyear-welted Oxford in smooth calfskin. Hand-stitched broguing. Made in Portugal.,http://localhost:8080/product/detail.html?id=s1,https://images.unsplash.com/photo-1542291026-7eec264c27ff?w=400&h=500&fit=crop&q=80,245.00,113.00,Clothing > Sale,in stock,Red,Unisex,s0127r
s8,Patent Leather Oxford,Mirror-shine patent Oxford for black-tie events. Whole-cut construction.,http://localhost:8080/product/detail.html?id=s8,https://images.unsplash.com/photo-1595950653106-6c9ebd614d3a?w=400&h=500&fit=crop&q=80,275.00,135.00,Clothing > Sale,in stock,Green,Unisex,s0823g
s15,Cap-Toe Boot,Cap-toe ankle boot in polished leather. Balmoral style with a leather sole.,http://localhost:8080/product/detail.html?id=s15,https://images.unsplash.com/photo-1603808033176-9d134e6f9f81?w=400&h=500&fit=crop&q=80,285.00,135.00,Clothing > Sale,in stock,Black,Unisex,s1519b
s22,Semi-Brogue Oxford,Semi-brogue Oxford with toe-cap perforations only. Restrained decoration.,http://localhost:8080/product/detail.html?id=s22,https://images.unsplash.com/photo-1515347619252-60a4bf4fff4f?w=400&h=500&fit=crop&q=80,245.00,130.00,Clothing > Sale,in stock,White,Unisex,s2228w
s29,Driving Moccasin,Soft driving moccasin in unlined nubuck. Rubber pebble sole wraps up the heel.,http://localhost:8080/product/detail.html?id=s29,https://images.unsplash.com/photo-1518611012118-696072aa579a?w=400&h=500&fit=crop&q=80,155.00,63.00,Clothing > Sale,in stock,Navy,Unisex,s2926n
s36,Bit Loafer,Gold-tone snaffle-bit loafer in burnished leather. An icon of Italian style.,http://localhost:8080/product/detail.html?id=s36,https://images.unsplash.com/photo-1542291026-7eec264c27ff?w=400&h=500&fit=crop&q=80,235.00,141.00,Clothing > Sale,in stock,Beige,Unisex,s3620b
s43,Two-Tone Loafer,Bi-colour loafer in contrasting leathers. A playful take on a classic.,http://localhost:8080/product/detail.html?id=s43,https://images.unsplash.com/photo-1560343090-f0409e92791a?w=400&h=500&fit=crop&q=80,195.00,78.00,Clothing > Sale,in stock,Brown,Unisex,s4321b
s50,Retro Runner,Vintage-inspired running sneaker with a foam wedge sole. Nylon and suede upper.,http://localhost:8080/product/detail.html?id=s50,https://images.unsplash.com/photo-1543163521-1bf539c55dd2?w=400&h=500&fit=crop&q=80,125.00,74.00,Clothing > Sale,in stock,Grey,Unisex,s5024g
s57,Trail Sneakers,Rugged trail sneaker with a grippy Vibram sole. Waterproof membrane.,http://localhost:8080/product/detail.html?id=s57,https://images.unsplash.com/photo-1542291026-7eec264c27ff?w=400&h=500&fit=crop&q=80,135.00,60.00,Clothing > Sale,in stock,Camel,Unisex,s5722c
s64,Leather Strap Sneakers,Velcro-strap sneakers in smooth leather. Easy closure with a retro feel.,http://localhost:8080/product/detail.html?id=s64,https://images.unsplash.com/photo-1595950653106-6c9ebd614d3a?w=400&h=500&fit=crop&q=80,135.00,50.00,Clothing > Sale,in stock,Ivory,Unisex,s6425i
