product_code_identification,title,link,image_link,price,sale_price,brand,category,description,color,size,availability,gender,mpn
6170310705322,CONVERSE | BEBÉ CHUCK TAYLOR ALL STAR AXEL MID,http://doofinder-demo.myshopify.com/products/converse-toddler-chuck-taylor-all-star-axel-mid,https://demo-feed.doofinder.com/images/9e0022e2f92e19ed96c8f908f2cf1b40.jpg,70.00,,CONVERSE,Shoes,"El Converse Chuck Taylor All Star Axel reinterpreta el icónico modelo original con una silueta renovada, para un aspecto y un tacto más premium. Su diseño sin cordones permite que los más pequeños se los pongan y se los quiten con facilidad, mientras que la suela de goma ofrece un agarre fiable, desde el aula hasta el patio de recreo.",,,in stock,kids,SHOCONXXXXXX
37938302124202,CONVERSE | BEBÉ CHUCK TAYLOR ALL STAR AXEL MID (9 / negro),http://doofinder-demo.myshopify.com/products/converse-toddler-chuck-taylor-all-star-axel-mid?variant=37938302124202,https://demo-feed.doofinder.com/images/9e0022e2f92e19ed96c8f908f2cf1b40.jpg,70.00,,CONVERSE,Shoes,"El Converse Chuck Taylor All Star Axel reinterpreta el icónico modelo original con una silueta renovada, para un aspecto y un tacto más premium. Su diseño sin cordones permite que los más pequeños se los pongan y se los quiten con facilidad, mientras que la suela de goma ofrece un agarre fiable, desde el aula hasta el patio de recreo.",black,9,in stock,kids,SHOCONBLA009
37938302091434,CONVERSE | BEBÉ CHUCK TAYLOR ALL STAR AXEL MID (8 / negro),http://doofinder-demo.myshopify.com/products/converse-toddler-chuck-taylor-all-star-axel-mid?variant=37938302091434,https://demo-feed.doofinder.com/images/9e0022e2f92e19ed96c8f908f2cf1b40.jpg,70.00,,CONVERSE,Shoes,"El Converse Chuck Taylor All Star Axel reinterpreta el icónico modelo original con una silueta renovada, para un aspecto y un tacto más premium. Su diseño sin cordones permite que los más pequeños se los pongan y se los quiten con facilidad, mientras que la suela de goma ofrece un agarre fiable, desde el aula hasta el patio de recreo.",black,8,in stock,kids,SHOCONBLA008
37938302058666,CONVERSE | BEBÉ CHUCK TAYLOR ALL STAR AXEL MID (7 / negro),http://doofinder-demo.myshopify.com/products/converse-toddler-chuck-taylor-all-star-axel-mid?variant=37938302058666,https://demo-feed.doofinder.com/images/9e0022e2f92e19ed96c8f908f2cf1b40.jpg,70.00,,CONVERSE,Shoes,"El Converse Chuck Taylor All Star Axel reinterpreta el icónico modelo original con una silueta renovada, para un aspecto y un tacto más premium. Su diseño sin cordones permite que los más pequeños se los pongan y se los quiten con facilidad, mientras que la suela de goma ofrece un agarre fiable, desde el aula hasta el patio de recreo.",black,7,in stock,kids,SHOCONBLA007
37938302025898,CONVERSE | BEBÉ CHUCK TAYLOR ALL STAR AXEL MID (6 / negro),http://doofinder-demo.myshopify.com/products/converse-toddler-chuck-taylor-all-star-axel-mid?variant=37938302025898,https://demo-feed.doofinder.com/images/9e0022e2f92e19ed96c8f908f2cf1b40.jpg,70.00,,CONVERSE,Shoes,"El Converse Chuck Taylor All Star Axel reinterpreta el icónico modelo original con una silueta renovada, para un aspecto y un tacto más premium. Su diseño sin cordones permite que los más pequeños se los pongan y se los quiten con facilidad, mientras que la suela de goma ofrece un agarre fiable, desde el aula hasta el patio de recreo.",black,6,in stock,kids,SHOCONBLA006
37938301993130,CONVERSE | BEBÉ CHUCK TAYLOR ALL STAR AXEL MID (5 / negro),http://doofinder-demo.myshopify.com/products/converse-toddler-chuck-taylor-all-star-axel-mid?variant=37938301993130,https://demo-feed.doofinder.com/images/9e0022e2f92e19ed96c8f908f2cf1b40.jpg,70.00,,CONVERSE,Shoes,"El Converse Chuck Taylor All Star Axel reinterpreta el icónico modelo original con una silueta renovada, para un aspecto y un tacto más premium. Su diseño sin cordones permite que los más pequeños se los pongan y se los quiten con facilidad, mientras que la suela de goma ofrece un agarre fiable, desde el aula hasta el patio de recreo.",black,5,in stock,kids,SHOCONBLA005
6170310574250,CONVERSE | CHUCK TAYLOR ALL STAR LO,http://doofinder-demo.myshopify.com/products/converse-chuck-taylor-all-star-lo,https://demo-feed.doofinder.com/images/fae150570c8ce6ddc4f787bf77b02c95.jpg,100.00,,CONVERSE,Shoes,"La zapatilla Converse Chuck Taylor All Star II Lo. Conserva la silueta revolucionaria en la que todos confiamos, pero ahora mejorada. Sus nuevas características incluyen una plantilla Lunarlon que añade amortiguación y soporte para el arco del pie. El forro de microgamuza, la construcción en lona premium y la lengüeta acolchada y antideslizante ofrecen una comodidad y durabilidad superiores. Los ojales moldeados aportan un toque premium. La chapa estampada y serigrafiada, junto con el parche bordado en forma de estrella en el tobillo, añaden una profundidad y una dimensión llamativas a estos detalles clásicos y reconocibles.",,,in stock,unisex,SHOCONXXXXXX
37938301141162,CONVERSE | CHUCK TAYLOR ALL STAR LO (13 / blanco),http://doofinder-demo.myshopify.com/products/converse-chuck-taylor-all-star-lo?variant=37938301141162,https://demo-feed.doofinder.com/images/fae150570c8ce6ddc4f787bf77b02c95.jpg,100.00,,CONVERSE,Shoes,"La zapatilla Converse Chuck Taylor All Star II Lo. Conserva la silueta revolucionaria en la que todos confiamos, pero ahora mejorada. Sus nuevas características incluyen una plantilla Lunarlon que añade amortiguación y soporte para el arco del pie. El forro de microgamuza, la construcción en lona premium y la lengüeta acolchada y antideslizante ofrecen una comodidad y durabilidad superiores. Los ojales moldeados aportan un toque premium. La chapa estampada y serigrafiada, junto con el parche bordado en forma de estrella en el tobillo, añaden una profundidad y una dimensión llamativas a estos detalles clásicos y reconocibles.",white,13,in stock,unisex,SHOCONWHI013
37938301108394,CONVERSE | CHUCK TAYLOR ALL STAR LO (12 / blanco),http://doofinder-demo.myshopify.com/products/converse-chuck-taylor-all-star-lo?variant=37938301108394,https://demo-feed.doofinder.com/images/fae150570c8ce6ddc4f787bf77b02c95.jpg,100.00,,CONVERSE,Shoes,"La zapatilla Converse Chuck Taylor All Star II Lo. Conserva la silueta revolucionaria en la que todos confiamos, pero ahora mejorada. Sus nuevas características incluyen una plantilla Lunarlon que añade amortiguación y soporte para el arco del pie. El forro de microgamuza, la construcción en lona premium y la lengüeta acolchada y antideslizante ofrecen una comodidad y durabilidad superiores. Los ojales moldeados aportan un toque premium. La chapa estampada y serigrafiada, junto con el parche bordado en forma de estrella en el tobillo, añaden una profundidad y una dimensión llamativas a estos detalles clásicos y reconocibles.",white,12,in stock,unisex,SHOCONWHI012
37938301075626,CONVERSE | CHUCK TAYLOR ALL STAR LO (11 / blanco),http://doofinder-demo.myshopify.com/products/converse-chuck-taylor-all-star-lo?variant=37938301075626,https://demo-feed.doofinder.com/images/fae150570c8ce6ddc4f787bf77b02c95.jpg,100.00,,CONVERSE,Shoes,"La zapatilla Converse Chuck Taylor All Star II Lo. Conserva la silueta revolucionaria en la que todos confiamos, pero ahora mejorada. Sus nuevas características incluyen una plantilla Lunarlon que añade amortiguación y soporte para el arco del pie. El forro de microgamuza, la construcción en lona premium y la lengüeta acolchada y antideslizante ofrecen una comodidad y durabilidad superiores. Los ojales moldeados aportan un toque premium. La chapa estampada y serigrafiada, junto con el parche bordado en forma de estrella en el tobillo, añaden una profundidad y una dimensión llamativas a estos detalles clásicos y reconocibles.",white,11,in stock,unisex,SHOCONWHI011
37938301042858,CONVERSE | CHUCK TAYLOR ALL STAR LO (10 / blanco),http://doofinder-demo.myshopify.com/products/converse-chuck-taylor-all-star-lo?variant=37938301042858,https://demo-feed.doofinder.com/images/fae150570c8ce6ddc4f787bf77b02c95.jpg,100.00,,CONVERSE,Shoes,"La zapatilla Converse Chuck Taylor All Star II Lo. Conserva la silueta revolucionaria en la que todos confiamos, pero ahora mejorada. Sus nuevas características incluyen una plantilla Lunarlon que añade amortiguación y soporte para el arco del pie. El forro de microgamuza, la construcción en lona premium y la lengüeta acolchada y antideslizante ofrecen una comodidad y durabilidad superiores. Los ojales moldeados aportan un toque premium. La chapa estampada y serigrafiada, junto con el parche bordado en forma de estrella en el tobillo, añaden una profundidad y una dimensión llamativas a estos detalles clásicos y reconocibles.",white,10,in stock,unisex,SHOCONWHI010
37938301010090,CONVERSE | CHUCK TAYLOR ALL STAR LO (9 / blanco),http://doofinder-demo.myshopify.com/products/converse-chuck-taylor-all-star-lo?variant=37938301010090,https://demo-feed.doofinder.com/images/fae150570c8ce6ddc4f787bf77b02c95.jpg,100.00,,CONVERSE,Shoes,"La zapatilla Converse Chuck Taylor All Star II Lo. Conserva la silueta revolucionaria en la que todos confiamos, pero ahora mejorada. Sus nuevas características incluyen una plantilla Lunarlon que añade amortiguación y soporte para el arco del pie. El forro de microgamuza, la construcción en lona premium y la lengüeta acolchada y antideslizante ofrecen una comodidad y durabilidad superiores. Los ojales moldeados aportan un toque premium. La chapa estampada y serigrafiada, junto con el parche bordado en forma de estrella en el tobillo, añaden una profundidad y una dimensión llamativas a estos detalles clásicos y reconocibles.",white,9,in stock,unisex,SHOCONWHI009
37938300977322,CONVERSE | CHUCK TAYLOR ALL STAR LO (8 / blanco),http://doofinder-demo.myshopify.com/products/converse-chuck-taylor-all-star-lo?variant=37938300977322,https://demo-feed.doofinder.com/images/fae150570c8ce6ddc4f787bf77b02c95.jpg,100.00,,CONVERSE,Shoes,"La zapatilla Converse Chuck Taylor All Star II Lo. Conserva la silueta revolucionaria en la que todos confiamos, pero ahora mejorada. Sus nuevas características incluyen una plantilla Lunarlon que añade amortiguación y soporte para el arco del pie. El forro de microgamuza, la construcción en lona premium y la lengüeta acolchada y antideslizante ofrecen una comodidad y durabilidad superiores. Los ojales moldeados aportan un toque premium. La chapa estampada y serigrafiada, junto con el parche bordado en forma de estrella en el tobillo, añaden una profundidad y una dimensión llamativas a estos detalles clásicos y reconocibles.",white,8,in stock,unisex,SHOCONWHI008
37938300944554,CONVERSE | CHUCK TAYLOR ALL STAR LO (7 / blanco),http://doofinder-demo.myshopify.com/products/converse-chuck-taylor-all-star-lo?variant=37938300944554,https://demo-feed.doofinder.com/images/fae150570c8ce6ddc4f787bf77b02c95.jpg,100.00,,CONVERSE,Shoes,"La zapatilla Converse Chuck Taylor All Star II Lo. Conserva la silueta revolucionaria en la que todos confiamos, pero ahora mejorada. Sus nuevas características incluyen una plantilla Lunarlon que añade amortiguación y soporte para el arco del pie. El forro de microgamuza, la construcción en lona premium y la lengüeta acolchada y antideslizante ofrecen una comodidad y durabilidad superiores. Los ojales moldeados aportan un toque premium. La chapa estampada y serigrafiada, junto con el parche bordado en forma de estrella en el tobillo, añaden una profundidad y una dimensión llamativas a estos detalles clásicos y reconocibles.",white,7,in stock,unisex,SHOCONWHI007
37938300911786,CONVERSE | CHUCK TAYLOR ALL STAR LO (6 / blanco),http://doofinder-demo.myshopify.com/products/converse-chuck-taylor-all-star-lo?variant=37938300911786,https://demo-feed.doofinder.com/images/fae150570c8ce6ddc4f787bf77b02c95.jpg,100.00,,CONVERSE,Shoes,"La zapatilla Converse Chuck Taylor All Star II Lo. Conserva la silueta revolucionaria en la que todos confiamos, pero ahora mejorada. Sus nuevas características incluyen una plantilla Lunarlon que añade amortiguación y soporte para el arco del pie. El forro de microgamuza, la construcción en lona premium y la lengüeta acolchada y antideslizante ofrecen una comodidad y durabilidad superiores. Los ojales moldeados aportan un toque premium. La chapa estampada y serigrafiada, junto con el parche bordado en forma de estrella en el tobillo, añaden una profundidad y una dimensión llamativas a estos detalles clásicos y reconocibles.",white,6,in stock,unisex,SHOCONWHI006
37938300879018,CONVERSE | CHUCK TAYLOR ALL STAR LO (5 / blanco),http://doofinder-demo.myshopify.com/products/converse-chuck-taylor-all-star-lo?variant=37938300879018,https://demo-feed.doofinder.com/images/fae150570c8ce6ddc4f787bf77b02c95.jpg,100.00,,CONVERSE,Shoes,"La zapatilla Converse Chuck Taylor All Star II Lo. Conserva la silueta revolucionaria en la que todos confiamos, pero ahora mejorada. Sus nuevas características incluyen una plantilla Lunarlon que añade amortiguación y soporte para el arco del pie. El forro de microgamuza, la construcción en lona premium y la lengüeta acolchada y antideslizante ofrecen una comodidad y durabilidad superiores. Los ojales moldeados aportan un toque premium. La chapa estampada y serigrafiada, junto con el parche bordado en forma de estrella en el tobillo, añaden una profundidad y una dimensión llamativas a estos detalles clásicos y reconocibles.",white,5,in stock,unisex,SHOCONWHI005
37938300846250,CONVERSE | CHUCK TAYLOR ALL STAR LO (4 / blanco),http://doofinder-demo.myshopify.com/products/converse-chuck-taylor-all-star-lo?variant=37938300846250,https://demo-feed.doofinder.com/images/fae150570c8ce6ddc4f787bf77b02c95.jpg,100.00,,CONVERSE,Shoes,"La zapatilla Converse Chuck Taylor All Star II Lo. Conserva la silueta revolucionaria en la que todos confiamos, pero ahora mejorada. Sus nuevas características incluyen una plantilla Lunarlon que añade amortiguación y soporte para el arco del pie. El forro de microgamuza, la construcción en lona premium y la lengüeta acolchada y antideslizante ofrecen una comodidad y durabilidad superiores. Los ojales moldeados aportan un toque premium. La chapa estampada y serigrafiada, junto con el parche bordado en forma de estrella en el tobillo, añaden una profundidad y una dimensión llamativas a estos detalles clásicos y reconocibles.",white,4,in stock,unisex,SHOCONWHI004
37938300813482,CONVERSE | CHUCK TAYLOR ALL STAR LO (3 / blanco),http://doofinder-demo.myshopify.com/products/converse-chuck-taylor-all-star-lo?variant=37938300813482,https://demo-feed.doofinder.com/images/fae150570c8ce6ddc4f787bf77b02c95.jpg,100.00,,CONVERSE,Shoes,"La zapatilla Converse Chuck Taylor All Star II Lo. Conserva la silueta revolucionaria en la que todos confiamos, pero ahora mejorada. Sus nuevas características incluyen una plantilla Lunarlon que añade amortiguación y soporte para el arco del pie. El forro de microgamuza, la construcción en lona premium y la lengüeta acolchada y antideslizante ofrecen una comodidad y durabilidad superiores. Los ojales moldeados aportan un toque premium. La chapa estampada y serigrafiada, junto con el parche bordado en forma de estrella en el tobillo, añaden una profundidad y una dimensión llamativas a estos detalles clásicos y reconocibles.",white,3,in stock,unisex,SHOCONWHI003
6170310672554,CONVERSE | CHUCK TAYLOR ALL STAR II HI,http://doofinder-demo.myshopify.com/products/converse-chuck-taylor-all-star-ii-hi,https://demo-feed.doofinder.com/images/23550440c4ccab05e4fc1ebd85e742cc.jpg,140.00,,CONVERSE,Shoes,"Presentamos la zapatilla Converse Chuck Taylor All Star II Hi. Conserva la silueta revolucionaria en la que todos confiamos, pero ahora aún más mejorada. Sus nuevas características incluyen una plantilla Lunarlon que añade amortiguación y soporte para el arco del pie. El forro de microgamuza, la construcción en lona texturizada premium tipo shield y la lengüeta acolchada y antideslizante ofrecen una comodidad y durabilidad superiores. Los ojales moldeados aportan un toque premium. La chapa estampada y serigrafiada, junto con el parche bordado en forma de estrella en el tobillo, añaden una profundidad y una dimensión llamativas a estos detalles clásicos y reconocibles.",,,in stock,unisex,SHOCONXXXXXX
37938301960362,CONVERSE | CHUCK TAYLOR ALL STAR II HI (13 / negro),http://doofinder-demo.myshopify.com/products/converse-chuck-taylor-all-star-ii-hi?variant=37938301960362,https://demo-feed.doofinder.com/images/23550440c4ccab05e4fc1ebd85e742cc.jpg,140.00,,CONVERSE,Shoes,"Presentamos la zapatilla Converse Chuck Taylor All Star II Hi. Conserva la silueta revolucionaria en la que todos confiamos, pero ahora aún más mejorada. Sus nuevas características incluyen una plantilla Lunarlon que añade amortiguación y soporte para el arco del pie. El forro de microgamuza, la construcción en lona texturizada premium tipo shield y la lengüeta acolchada y antideslizante ofrecen una comodidad y durabilidad superiores. Los ojales moldeados aportan un toque premium. La chapa estampada y serigrafiada, junto con el parche bordado en forma de estrella en el tobillo, añaden una profundidad y una dimensión llamativas a estos detalles clásicos y reconocibles.",black,13,in stock,unisex,SHOCONBLA013
37938301927594,CONVERSE | CHUCK TAYLOR ALL STAR II HI (11 / negro),http://doofinder-demo.myshopify.com/products/converse-chuck-taylor-all-star-ii-hi?variant=37938301927594,https://demo-feed.doofinder.com/images/23550440c4ccab05e4fc1ebd85e742cc.jpg,140.00,,CONVERSE,Shoes,"Presentamos la zapatilla Converse Chuck Taylor All Star II Hi. Conserva la silueta revolucionaria en la que todos confiamos, pero ahora aún más mejorada. Sus nuevas características incluyen una plantilla Lunarlon que añade amortiguación y soporte para el arco del pie. El forro de microgamuza, la construcción en lona texturizada premium tipo shield y la lengüeta acolchada y antideslizante ofrecen una comodidad y durabilidad superiores. Los ojales moldeados aportan un toque premium. La chapa estampada y serigrafiada, junto con el parche bordado en forma de estrella en el tobillo, añaden una profundidad y una dimensión llamativas a estos detalles clásicos y reconocibles.",black,11,in stock,unisex,SHOCONBLA011
37938301894826,CONVERSE | CHUCK TAYLOR ALL STAR II HI (9 / negro),http://doofinder-demo.myshopify.com/products/converse-chuck-taylor-all-star-ii-hi?variant=37938301894826,https://demo-feed.doofinder.com/images/23550440c4ccab05e4fc1ebd85e742cc.jpg,140.00,,CONVERSE,Shoes,"Presentamos la zapatilla Converse Chuck Taylor All Star II Hi. Conserva la silueta revolucionaria en la que todos confiamos, pero ahora aún más mejorada. Sus nuevas características incluyen una plantilla Lunarlon que añade amortiguación y soporte para el arco del pie. El forro de microgamuza, la construcción en lona texturizada premium tipo shield y la lengüeta acolchada y antideslizante ofrecen una comodidad y durabilidad superiores. Los ojales moldeados aportan un toque premium. La chapa estampada y serigrafiada, junto con el parche bordado en forma de estrella en el tobillo, añaden una profundidad y una dimensión llamativas a estos detalles clásicos y reconocibles.",black,9,in stock,unisex,SHOCONBLA009
37938301862058,CONVERSE | CHUCK TAYLOR ALL STAR II HI (7 / negro),http://doofinder-demo.myshopify.com/products/converse-chuck-taylor-all-star-ii-hi?variant=37938301862058,https://demo-feed.doofinder.com/images/23550440c4ccab05e4fc1ebd85e742cc.jpg,140.00,,CONVERSE,Shoes,"Presentamos la zapatilla Converse Chuck Taylor All Star II Hi. Conserva la silueta revolucionaria en la que todos confiamos, pero ahora aún más mejorada. Sus nuevas características incluyen una plantilla Lunarlon que añade amortiguación y soporte para el arco del pie. El forro de microgamuza, la construcción en lona texturizada premium tipo shield y la lengüeta acolchada y antideslizante ofrecen una comodidad y durabilidad superiores. Los ojales moldeados aportan un toque premium. La chapa estampada y serigrafiada, junto con el parche bordado en forma de estrella en el tobillo, añaden una profundidad y una dimensión llamativas a estos detalles clásicos y reconocibles.",black,7,in stock,unisex,SHOCONBLA007
37938301829290,CONVERSE | CHUCK TAYLOR ALL STAR II HI (6 / negro),http://doofinder-demo.myshopify.com/products/converse-chuck-taylor-all-star-ii-hi?variant=37938301829290,https://demo-feed.doofinder.com/images/23550440c4ccab05e4fc1ebd85e742cc.jpg,140.00,,CONVERSE,Shoes,"Presentamos la zapatilla Converse Chuck Taylor All Star II Hi. Conserva la silueta revolucionaria en la que todos confiamos, pero ahora aún más mejorada. Sus nuevas características incluyen una plantilla Lunarlon que añade amortiguación y soporte para el arco del pie. El forro de microgamuza, la construcción en lona texturizada premium tipo shield y la lengüeta acolchada y antideslizante ofrecen una comodidad y durabilidad superiores. Los ojales moldeados aportan un toque premium. La chapa estampada y serigrafiada, junto con el parche bordado en forma de estrella en el tobillo, añaden una profundidad y una dimensión llamativas a estos detalles clásicos y reconocibles.",black,6,in stock,unisex,SHOCONBLA006
37938301796522,CONVERSE | CHUCK TAYLOR ALL STAR II HI (5 / negro),http://doofinder-demo.myshopify.com/products/converse-chuck-taylor-all-star-ii-hi?variant=37938301796522,https://demo-feed.doofinder.com/images/23550440c4ccab05e4fc1ebd85e742cc.jpg,140.00,,CONVERSE,Shoes,"Presentamos la zapatilla Converse Chuck Taylor All Star II Hi. Conserva la silueta revolucionaria en la que todos confiamos, pero ahora aún más mejorada. Sus nuevas características incluyen una plantilla Lunarlon que añade amortiguación y soporte para el arco del pie. El forro de microgamuza, la construcción en lona texturizada premium tipo shield y la lengüeta acolchada y antideslizante ofrecen una comodidad y durabilidad superiores. Los ojales moldeados aportan un toque premium. La chapa estampada y serigrafiada, junto con el parche bordado en forma de estrella en el tobillo, añaden una profundidad y una dimensión llamativas a estos detalles clásicos y reconocibles.",black,5,in stock,unisex,SHOCONBLA005
37938301763754,CONVERSE | CHUCK TAYLOR ALL STAR II HI (4 / negro),http://doofinder-demo.myshopify.com/products/converse-chuck-taylor-all-star-ii-hi?variant=37938301763754,https://demo-feed.doofinder.com/images/23550440c4ccab05e4fc1ebd85e742cc.jpg,140.00,,CONVERSE,Shoes,"Presentamos la zapatilla Converse Chuck Taylor All Star II Hi. Conserva la silueta revolucionaria en la que todos confiamos, pero ahora aún más mejorada. Sus nuevas características incluyen una plantilla Lunarlon que añade amortiguación y soporte para el arco del pie. El forro de microgamuza, la construcción en lona texturizada premium tipo shield y la lengüeta acolchada y antideslizante ofrecen una comodidad y durabilidad superiores. Los ojales moldeados aportan un toque premium. La chapa estampada y serigrafiada, junto con el parche bordado en forma de estrella en el tobillo, añaden una profundidad y una dimensión llamativas a estos detalles clásicos y reconocibles.",black,4,in stock,unisex,SHOCONBLA004
6170309525674,"ASICS TIGER | GEL-LYTE V ""30 AÑOS DE GEL"" PACK",http://doofinder-demo.myshopify.com/products/asics-tiger-gel-lyte-v-30-years-of-gel-pack,https://demo-feed.doofinder.com/images/343bfbfc1a10a39a528a3d34367669c2.jpg,300.00,,ASICS TIGER,Shoes,"El icónico ASICS Tiger GEL-Lyte III se lanzó originalmente en 1990. Con más de dos décadas de herencia en rendimiento, ofrece un diseño detallado y una lengüeta partida acolchada que elimina su movimiento, todo ello sobre una silueta estilizada. No es de extrañar que la Gel-Lyte III se haya convertido en una opción cada vez más popular entre los amantes de las zapatillas de todo el mundo.",,,in stock,unisex,SHOASIXXXXXX
37938294358186,"ASICS TIGER | GEL-LYTE V ""30 AÑOS DE GEL"" PACK (14 / negro)",http://doofinder-demo.myshopify.com/products/asics-tiger-gel-lyte-v-30-years-of-gel-pack?variant=37938294358186,https://demo-feed.doofinder.com/images/343bfbfc1a10a39a528a3d34367669c2.jpg,300.00,,ASICS TIGER,Shoes,"El icónico ASICS Tiger GEL-Lyte III se lanzó originalmente en 1990. Con más de dos décadas de herencia en rendimiento, ofrece un diseño detallado y una lengüeta partida acolchada que elimina su movimiento, todo ello sobre una silueta estilizada. No es de extrañar que la Gel-Lyte III se haya convertido en una opción cada vez más popular entre los amantes de las zapatillas de todo el mundo.",black,14,in stock,unisex,SHOASIBLA014
37938294325418,"ASICS TIGER | GEL-LYTE V ""30 AÑOS DE GEL"" PACK (8 / negro)",http://doofinder-demo.myshopify.com/products/asics-tiger-gel-lyte-v-30-years-of-gel-pack?variant=37938294325418,https://demo-feed.doofinder.com/images/343bfbfc1a10a39a528a3d34367669c2.jpg,300.00,,ASICS TIGER,Shoes,"El icónico ASICS Tiger GEL-Lyte III se lanzó originalmente en 1990. Con más de dos décadas de herencia en rendimiento, ofrece un diseño detallado y una lengüeta partida acolchada que elimina su movimiento, todo ello sobre una silueta estilizada. No es de extrañar que la Gel-Lyte III se haya convertido en una opción cada vez más popular entre los amantes de las zapatillas de todo el mundo.",black,8,in stock,unisex,SHOASIBLA008
37938294292650,"ASICS TIGER | GEL-LYTE V ""30 AÑOS DE GEL"" PACK (4 / negro)",http://doofinder-demo.myshopify.com/products/asics-tiger-gel-lyte-v-30-years-of-gel-pack?variant=37938294292650,https://demo-feed.doofinder.com/images/343bfbfc1a10a39a528a3d34367669c2.jpg,300.00,,ASICS TIGER,Shoes,"El icónico ASICS Tiger GEL-Lyte III se lanzó originalmente en 1990. Con más de dos décadas de herencia en rendimiento, ofrece un diseño detallado y una lengüeta partida acolchada que elimina su movimiento, todo ello sobre una silueta estilizada. No es de extrañar que la Gel-Lyte III se haya convertido en una opción cada vez más popular entre los amantes de las zapatillas de todo el mundo.",black,4,in stock,unisex,SHOASIBLA004
6170309755050,ADIDAS | SUPERSTAR 80S,http://doofinder-demo.myshopify.com/products/adidas-superstar-80s,https://demo-feed.doofinder.com/images/44694ee386818f3276566210464cf341.jpg,9.99,,ADIDAS,Shoes,"Hay una puntera de concha para cada temporada, y las adidas Originals Superstar 80s cuentan con un empeine de piel de grano completo y una chapa brillante en la lengüeta que las hacen perfectas para cualquier época del año.",,,in stock,man,SHOADIXXXXXX
37938295767210,ADIDAS | SUPERSTAR 80S (12 / blanco),http://doofinder-demo.myshopify.com/products/adidas-superstar-80s?variant=37938295767210,https://demo-feed.doofinder.com/images/44694ee386818f3276566210464cf341.jpg,9.99,,ADIDAS,Shoes,"Hay una puntera de concha para cada temporada, y las adidas Originals Superstar 80s cuentan con un empeine de piel de grano completo y una chapa brillante en la lengüeta que las hacen perfectas para cualquier época del año.",white,12,in stock,man,SHOADIWHI012
37938295734442,ADIDAS | SUPERSTAR 80S (11 / blanco),http://doofinder-demo.myshopify.com/products/adidas-superstar-80s?variant=37938295734442,https://demo-feed.doofinder.com/images/44694ee386818f3276566210464cf341.jpg,9.99,,ADIDAS,Shoes,"Hay una puntera de concha para cada temporada, y las adidas Originals Superstar 80s cuentan con un empeine de piel de grano completo y una chapa brillante en la lengüeta que las hacen perfectas para cualquier época del año.",white,11,in stock,man,SHOADIWHI011
37938295701674,ADIDAS | SUPERSTAR 80S (10 / blanco),http://doofinder-demo.myshopify.com/products/adidas-superstar-80s?variant=37938295701674,https://demo-feed.doofinder.com/images/44694ee386818f3276566210464cf341.jpg,9.99,,ADIDAS,Shoes,"Hay una puntera de concha para cada temporada, y las adidas Originals Superstar 80s cuentan con un empeine de piel de grano completo y una chapa brillante en la lengüeta que las hacen perfectas para cualquier época del año.",white,10,in stock,man,SHOADIWHI010
37938295668906,ADIDAS | SUPERSTAR 80S (9 / blanco),http://doofinder-demo.myshopify.com/products/adidas-superstar-80s?variant=37938295668906,https://demo-feed.doofinder.com/images/44694ee386818f3276566210464cf341.jpg,9.99,,ADIDAS,Shoes,"Hay una puntera de concha para cada temporada, y las adidas Originals Superstar 80s cuentan con un empeine de piel de grano completo y una chapa brillante en la lengüeta que las hacen perfectas para cualquier época del año.",white,9,in stock,man,SHOADIWHI009
37938295636138,ADIDAS | SUPERSTAR 80S (7 / blanco),http://doofinder-demo.myshopify.com/products/adidas-superstar-80s?variant=37938295636138,https://demo-feed.doofinder.com/images/44694ee386818f3276566210464cf341.jpg,9.99,,ADIDAS,Shoes,"Hay una puntera de concha para cada temporada, y las adidas Originals Superstar 80s cuentan con un empeine de piel de grano completo y una chapa brillante en la lengüeta que las hacen perfectas para cualquier época del año.",white,7,in stock,man,SHOADIWHI007
37938295603370,ADIDAS | SUPERSTAR 80S (6 / blanco),http://doofinder-demo.myshopify.com/products/adidas-superstar-80s?variant=37938295603370,https://demo-feed.doofinder.com/images/44694ee386818f3276566210464cf341.jpg,9.99,,ADIDAS,Shoes,"Hay una puntera de concha para cada temporada, y las adidas Originals Superstar 80s cuentan con un empeine de piel de grano completo y una chapa brillante en la lengüeta que las hacen perfectas para cualquier época del año.",white,6,in stock,man,SHOADIWHI006
37938295570602,ADIDAS | SUPERSTAR 80S (5 / blanco),http://doofinder-demo.myshopify.com/products/adidas-superstar-80s?variant=37938295570602,https://demo-feed.doofinder.com/images/44694ee386818f3276566210464cf341.jpg,9.99,,ADIDAS,Shoes,"Hay una puntera de concha para cada temporada, y las adidas Originals Superstar 80s cuentan con un empeine de piel de grano completo y una chapa brillante en la lengüeta que las hacen perfectas para cualquier época del año.",white,5,in stock,man,SHOADIWHI005
6170310836394,ADIDAS | STAN SMITH INFANTIL,http://doofinder-demo.myshopify.com/products/adidas-kids-stan-smith,https://demo-feed.doofinder.com/images/7883dc186e15bf29dad696e1e989e914.jpg,9.99,,ADIDAS,Shoes,"La Stan Smith dominó las pistas de tenis en los años 70. Hoy en día conquista las calles con el mismo estilo limpio y clásico. Estas zapatillas infantiles conservan el aspecto icónico del modelo original, confeccionadas en piel con las 3 franjas perforadas, logotipos en el talón y la lengüeta, y una amortiguación ligera al calzar.",,,in stock,kids,SHOADIXXXXXX
37938302681258,ADIDAS | STAN SMITH INFANTIL (2 / blanco),http://doofinder-demo.myshopify.com/products/adidas-kids-stan-smith?variant=37938302681258,https://demo-feed.doofinder.com/images/7883dc186e15bf29dad696e1e989e914.jpg,9.99,,ADIDAS,Shoes,"La Stan Smith dominó las pistas de tenis en los años 70. Hoy en día conquista las calles con el mismo estilo limpio y clásico. Estas zapatillas infantiles conservan el aspecto icónico del modelo original, confeccionadas en piel con las 3 franjas perforadas, logotipos en el talón y la lengüeta, y una amortiguación ligera al calzar.",white,2,in stock,kids,SHOADIWHI002
37938302648490,ADIDAS | STAN SMITH INFANTIL (1 / blanco),http://doofinder-demo.myshopify.com/products/adidas-kids-stan-smith?variant=37938302648490,https://demo-feed.doofinder.com/images/7883dc186e15bf29dad696e1e989e914.jpg,9.99,,ADIDAS,Shoes,"La Stan Smith dominó las pistas de tenis en los años 70. Hoy en día conquista las calles con el mismo estilo limpio y clásico. Estas zapatillas infantiles conservan el aspecto icónico del modelo original, confeccionadas en piel con las 3 franjas perforadas, logotipos en el talón y la lengüeta, y una amortiguación ligera al calzar.",white,1,in stock,kids,SHOADIWHI001
6170311196842,ADIDAS | MOCHILA CLÁSICA | LEGEND INK MULTICOLOR,http://doofinder-demo.myshopify.com/products/adidas-classic-backpack-legend-ink-multicolour,https://demo-feed.doofinder.com/images/8072c8b5718306d4be25aac21836ce16.jpg,9.99,,ADIDAS,Accessories,"La gorra adidas BP Classic Cap cuenta con una visera pre-curvada que mantiene tu rostro a la sombra, mientras que un cierre ajustable de velcro proporciona un ajuste cómodo. Con un diseño de 3 franjas y detalles reflectantes. La pieza perfecta para rematar cualquier look.",,,in stock,man,ACCADIXXXXXX
37938304712874,ADIDAS | MOCHILA CLÁSICA | LEGEND INK MULTICOLOR (OS / azul),http://doofinder-demo.myshopify.com/products/adidas-classic-backpack-legend-ink-multicolour?variant=37938304712874,https://demo-feed.doofinder.com/images/8072c8b5718306d4be25aac21836ce16.jpg,9.99,,ADIDAS,Accessories,"La gorra adidas BP Classic Cap cuenta con una visera pre-curvada que mantiene tu rostro a la sombra, mientras que un cierre ajustable de velcro proporciona un ajuste cómodo. Con un diseño de 3 franjas y detalles reflectantes. La pieza perfecta para rematar cualquier look.",blue,OS,in stock,man,ACCADIBLUXXX
6170311098538,ADIDAS | MOCHILA CLÁSICA,http://doofinder-demo.myshopify.com/products/adidas-classic-backpack,https://demo-feed.doofinder.com/images/85cc58608bf138a50036bcfe86a3a362.jpg,9.99,,ADIDAS,Accessories,"Esta mochila de mujer tiene un aspecto glamuroso gracias a su construcción en piel sintética con estampado de pelo integral. El bolsillo frontal con cremallera mantiene los objetos pequeños a mano, mientras que un divisor interior pone orden en el caos.",,,in stock,man,ACCADIXXXXXX
37938304286890,ADIDAS | MOCHILA CLÁSICA (OS / negro),http://doofinder-demo.myshopify.com/products/adidas-classic-backpack?variant=37938304286890,https://demo-feed.doofinder.com/images/85cc58608bf138a50036bcfe86a3a362.jpg,9.99,,ADIDAS,Accessories,"Esta mochila de mujer tiene un aspecto glamuroso gracias a su construcción en piel sintética con estampado de pelo integral. El bolsillo frontal con cremallera mantiene los objetos pequeños a mano, mientras que un divisor interior pone orden en el caos.",black,OS,in stock,man,ACCADIBLAXXX
6170311000234,FLEX FIT | MINI OTTOMAN NEGRA,http://doofinder-demo.myshopify.com/products/flex-fit-mini-ottoman-black,https://demo-feed.doofinder.com/images/6170fd62b8ebee856d0cbdeac874abfd.jpg,29.99,,FLEX FIT,Accessories,Gorra Flexfit Mini Ottoman,,,in stock,unisex,ACCFLEXXXXXX
37938303303850,FLEX FIT | MINI OTTOMAN NEGRA (xl / negro),http://doofinder-demo.myshopify.com/products/flex-fit-mini-ottoman-black?variant=37938303303850,https://demo-feed.doofinder.com/images/6170fd62b8ebee856d0cbdeac874abfd.jpg,29.99,,FLEX FIT,Accessories,Gorra Flexfit Mini Ottoman,black,xl,in stock,unisex,ACCFLEBLAXXX
37938303271082,FLEX FIT | MINI OTTOMAN NEGRA (l / negro),http://doofinder-demo.myshopify.com/products/flex-fit-mini-ottoman-black?variant=37938303271082,https://demo-feed.doofinder.com/images/6170fd62b8ebee856d0cbdeac874abfd.jpg,29.99,,FLEX FIT,Accessories,Gorra Flexfit Mini Ottoman,black,l,in stock,unisex,ACCFLEBLAXXX
37938303238314,FLEX FIT | MINI OTTOMAN NEGRA (m / negro),http://doofinder-demo.myshopify.com/products/flex-fit-mini-ottoman-black?variant=37938303238314,https://demo-feed.doofinder.com/images/6170fd62b8ebee856d0cbdeac874abfd.jpg,29.99,,FLEX FIT,Accessories,Gorra Flexfit Mini Ottoman,black,m,in stock,unisex,ACCFLEBLAXXX
37938303205546,FLEX FIT | MINI OTTOMAN NEGRA (s / negro),http://doofinder-demo.myshopify.com/products/flex-fit-mini-ottoman-black?variant=37938303205546,https://demo-feed.doofinder.com/images/6170fd62b8ebee856d0cbdeac874abfd.jpg,29.99,,FLEX FIT,Accessories,Gorra Flexfit Mini Ottoman,black,s,in stock,unisex,ACCFLEBLAXXX
6170310475946,DR MARTENS | ZAPATO CAVENDISH 3 OJALES NEGRO,http://doofinder-demo.myshopify.com/products/dr-martens-cavendish-3-eye-shoe-black,https://demo-feed.doofinder.com/images/8d7a6c39d295441c940cb2bacfd34794.jpg,229.00,,DR MARTENS,Shoes,"Haz una declaración de estilo con el zapato Dr. Martens Cavendish 3-Eye. Marcado con el característico sello de Docs, este zapato con cordones está fabricado en piel lisa, duradera y de alta calidad, y ha sido pensado para durar. Este zapato único cuenta con una suela con cámara de aire que ofrece una buena resistencia a la abrasión y al deslizamiento, y está fabricado con el sistema Goodyear welt: la suela y el empeine se sellan al calor y se cosen entre sí.",,,out of stock,man,SHODRMXXXXXX
37938300190890,DR MARTENS | ZAPATO CAVENDISH 3 OJALES NEGRO (9 / negro),http://doofinder-demo.myshopify.com/products/dr-martens-cavendish-3-eye-shoe-black?variant=37938300190890,https://demo-feed.doofinder.com/images/8d7a6c39d295441c940cb2bacfd34794.jpg,229.00,,DR MARTENS,Shoes,"Haz una declaración de estilo con el zapato Dr. Martens Cavendish 3-Eye. Marcado con el característico sello de Docs, este zapato con cordones está fabricado en piel lisa, duradera y de alta calidad, y ha sido pensado para durar. Este zapato único cuenta con una suela con cámara de aire que ofrece una buena resistencia a la abrasión y al deslizamiento, y está fabricado con el sistema Goodyear welt: la suela y el empeine se sellan al calor y se cosen entre sí.",black,9,out of stock,man,SHODRMBLA009
37938300158122,DR MARTENS | ZAPATO CAVENDISH 3 OJALES NEGRO (8 / negro),http://doofinder-demo.myshopify.com/products/dr-martens-cavendish-3-eye-shoe-black?variant=37938300158122,https://demo-feed.doofinder.com/images/8d7a6c39d295441c940cb2bacfd34794.jpg,229.00,,DR MARTENS,Shoes,"Haz una declaración de estilo con el zapato Dr. Martens Cavendish 3-Eye. Marcado con el característico sello de Docs, este zapato con cordones está fabricado en piel lisa, duradera y de alta calidad, y ha sido pensado para durar. Este zapato único cuenta con una suela con cámara de aire que ofrece una buena resistencia a la abrasión y al deslizamiento, y está fabricado con el sistema Goodyear welt: la suela y el empeine se sellan al calor y se cosen entre sí.",black,8,out of stock,man,SHODRMBLA008
37938300125354,DR MARTENS | ZAPATO CAVENDISH 3 OJALES NEGRO (7 / negro),http://doofinder-demo.myshopify.com/products/dr-martens-cavendish-3-eye-shoe-black?variant=37938300125354,https://demo-feed.doofinder.com/images/8d7a6c39d295441c940cb2bacfd34794.jpg,229.00,,DR MARTENS,Shoes,"Haz una declaración de estilo con el zapato Dr. Martens Cavendish 3-Eye. Marcado con el característico sello de Docs, este zapato con cordones está fabricado en piel lisa, duradera y de alta calidad, y ha sido pensado para durar. Este zapato único cuenta con una suela con cámara de aire que ofrece una buena resistencia a la abrasión y al deslizamiento, y está fabricado con el sistema Goodyear welt: la suela y el empeine se sellan al calor y se cosen entre sí.",black,7,out of stock,man,SHODRMBLA007
37938300092586,DR MARTENS | ZAPATO CAVENDISH 3 OJALES NEGRO (6 / negro),http://doofinder-demo.myshopify.com/products/dr-martens-cavendish-3-eye-shoe-black?variant=37938300092586,https://demo-feed.doofinder.com/images/8d7a6c39d295441c940cb2bacfd34794.jpg,229.00,,DR MARTENS,Shoes,"Haz una declaración de estilo con el zapato Dr. Martens Cavendish 3-Eye. Marcado con el característico sello de Docs, este zapato con cordones está fabricado en piel lisa, duradera y de alta calidad, y ha sido pensado para durar. Este zapato único cuenta con una suela con cámara de aire que ofrece una buena resistencia a la abrasión y al deslizamiento, y está fabricado con el sistema Goodyear welt: la suela y el empeine se sellan al calor y se cosen entre sí.",black,6,out of stock,man,SHODRMBLA006
37938300059818,DR MARTENS | ZAPATO CAVENDISH 3 OJALES NEGRO (5 / negro),http://doofinder-demo.myshopify.com/products/dr-martens-cavendish-3-eye-shoe-black?variant=37938300059818,https://demo-feed.doofinder.com/images/8d7a6c39d295441c940cb2bacfd34794.jpg,229.00,,DR MARTENS,Shoes,"Haz una declaración de estilo con el zapato Dr. Martens Cavendish 3-Eye. Marcado con el característico sello de Docs, este zapato con cordones está fabricado en piel lisa, duradera y de alta calidad, y ha sido pensado para durar. Este zapato único cuenta con una suela con cámara de aire que ofrece una buena resistencia a la abrasión y al deslizamiento, y está fabricado con el sistema Goodyear welt: la suela y el empeine se sellan al calor y se cosen entre sí.",black,5,out of stock,man,SHODRMBLA005
37938300027050,DR MARTENS | ZAPATO CAVENDISH 3 OJALES NEGRO (4 / negro),http://doofinder-demo.myshopify.com/products/dr-martens-cavendish-3-eye-shoe-black?variant=37938300027050,https://demo-feed.doofinder.com/images/8d7a6c39d295441c940cb2bacfd34794.jpg,229.00,,DR MARTENS,Shoes,"Haz una declaración de estilo con el zapato Dr. Martens Cavendish 3-Eye. Marcado con el característico sello de Docs, este zapato con cordones está fabricado en piel lisa, duradera y de alta calidad, y ha sido pensado para durar. Este zapato único cuenta con una suela con cámara de aire que ofrece una buena resistencia a la abrasión y al deslizamiento, y está fabricado con el sistema Goodyear welt: la suela y el empeine se sellan al calor y se cosen entre sí.",black,4,out of stock,man,SHODRMBLA004
6170310410410,DR MARTENS | ZAPATO 1461 DMC 3 OJALES | NEGRO LISO,http://doofinder-demo.myshopify.com/products/dr-martens-1461-dmc-3-eye-shoe-black-smooth,https://demo-feed.doofinder.com/images/141e61b24821f6212219a381ed19ac8a.jpg,229.00,,DR MARTENS,Shoes,"Haz una declaración de estilo con el icónico zapato Dr. Martens 1461Z DMC 3-Eye. Marcado con el característico sello de Docs, este zapato con cordones está fabricado en piel lisa, duradera y de alta calidad, y ha sido pensado para durar. Este zapato único cuenta con una suela con cámara de aire que ofrece una buena resistencia a la abrasión y al deslizamiento, y está fabricado con el sistema Goodyear welt: la suela y el empeine se sellan al calor y se cosen entre sí.",,,in stock,man,SHODRMXXXXXX
37938299666602,DR MARTENS | ZAPATO 1461 DMC 3 OJALES | NEGRO LISO (12 / negro),http://doofinder-demo.myshopify.com/products/dr-martens-1461-dmc-3-eye-shoe-black-smooth?variant=37938299666602,https://demo-feed.doofinder.com/images/141e61b24821f6212219a381ed19ac8a.jpg,229.00,,DR MARTENS,Shoes,"Haz una declaración de estilo con el icónico zapato Dr. Martens 1461Z DMC 3-Eye. Marcado con el característico sello de Docs, este zapato con cordones está fabricado en piel lisa, duradera y de alta calidad, y ha sido pensado para durar. Este zapato único cuenta con una suela con cámara de aire que ofrece una buena resistencia a la abrasión y al deslizamiento, y está fabricado con el sistema Goodyear welt: la suela y el empeine se sellan al calor y se cosen entre sí.",black,12,in stock,man,SHODRMBLA012
37938299633834,DR MARTENS | ZAPATO 1461 DMC 3 OJALES | NEGRO LISO (11 / negro),http://doofinder-demo.myshopify.com/products/dr-martens-1461-dmc-3-eye-shoe-black-smooth?variant=37938299633834,https://demo-feed.doofinder.com/images/141e61b24821f6212219a381ed19ac8a.jpg,229.00,,DR MARTENS,Shoes,"Haz una declaración de estilo con el icónico zapato Dr. Martens 1461Z DMC 3-Eye. Marcado con el característico sello de Docs, este zapato con cordones está fabricado en piel lisa, duradera y de alta calidad, y ha sido pensado para durar. Este zapato único cuenta con una suela con cámara de aire que ofrece una buena resistencia a la abrasión y al deslizamiento, y está fabricado con el sistema Goodyear welt: la suela y el empeine se sellan al calor y se cosen entre sí.",black,11,in stock,man,SHODRMBLA011
37938299601066,DR MARTENS | ZAPATO 1461 DMC 3 OJALES | NEGRO LISO (10 / negro),http://doofinder-demo.myshopify.com/products/dr-martens-1461-dmc-3-eye-shoe-black-smooth?variant=37938299601066,https://demo-feed.doofinder.com/images/141e61b24821f6212219a381ed19ac8a.jpg,229.00,,DR MARTENS,Shoes,"Haz una declaración de estilo con el icónico zapato Dr. Martens 1461Z DMC 3-Eye. Marcado con el característico sello de Docs, este zapato con cordones está fabricado en piel lisa, duradera y de alta calidad, y ha sido pensado para durar. Este zapato único cuenta con una suela con cámara de aire que ofrece una buena resistencia a la abrasión y al deslizamiento, y está fabricado con el sistema Goodyear welt: la suela y el empeine se sellan al calor y se cosen entre sí.",black,10,in stock,man,SHODRMBLA010
37938299568298,DR MARTENS | ZAPATO 1461 DMC 3 OJALES | NEGRO LISO (9 / negro),http://doofinder-demo.myshopify.com/products/dr-martens-1461-dmc-3-eye-shoe-black-smooth?variant=37938299568298,https://demo-feed.doofinder.com/images/141e61b24821f6212219a381ed19ac8a.jpg,229.00,,DR MARTENS,Shoes,"Haz una declaración de estilo con el icónico zapato Dr. Martens 1461Z DMC 3-Eye. Marcado con el característico sello de Docs, este zapato con cordones está fabricado en piel lisa, duradera y de alta calidad, y ha sido pensado para durar. Este zapato único cuenta con una suela con cámara de aire que ofrece una buena resistencia a la abrasión y al deslizamiento, y está fabricado con el sistema Goodyear welt: la suela y el empeine se sellan al calor y se cosen entre sí.",black,9,in stock,man,SHODRMBLA009
37938299535530,DR MARTENS | ZAPATO 1461 DMC 3 OJALES | NEGRO LISO (8 / negro),http://doofinder-demo.myshopify.com/products/dr-martens-1461-dmc-3-eye-shoe-black-smooth?variant=37938299535530,https://demo-feed.doofinder.com/images/141e61b24821f6212219a381ed19ac8a.jpg,229.00,,DR MARTENS,Shoes,"Haz una declaración de estilo con el icónico zapato Dr. Martens 1461Z DMC 3-Eye. Marcado con el característico sello de Docs, este zapato con cordones está fabricado en piel lisa, duradera y de alta calidad, y ha sido pensado para durar. Este zapato único cuenta con una suela con cámara de aire que ofrece una buena resistencia a la abrasión y al deslizamiento, y está fabricado con el sistema Goodyear welt: la suela y el empeine se sellan al calor y se cosen entre sí.",black,8,in stock,man,SHODRMBLA008
37938299502762,DR MARTENS | ZAPATO 1461 DMC 3 OJALES | NEGRO LISO (7 / negro),http://doofinder-demo.myshopify.com/products/dr-martens-1461-dmc-3-eye-shoe-black-smooth?variant=37938299502762,https://demo-feed.doofinder.com/images/141e61b24821f6212219a381ed19ac8a.jpg,229.00,,DR MARTENS,Shoes,"Haz una declaración de estilo con el icónico zapato Dr. Martens 1461Z DMC 3-Eye. Marcado con el característico sello de Docs, este zapato con cordones está fabricado en piel lisa, duradera y de alta calidad, y ha sido pensado para durar. Este zapato único cuenta con una suela con cámara de aire que ofrece una buena resistencia a la abrasión y al deslizamiento, y está fabricado con el sistema Goodyear welt: la suela y el empeine se sellan al calor y se cosen entre sí.",black,7,in stock,man,SHODRMBLA007
37938299469994,DR MARTENS | ZAPATO 1461 DMC 3 OJALES | NEGRO LISO (6 / negro),http://doofinder-demo.myshopify.com/products/dr-martens-1461-dmc-3-eye-shoe-black-smooth?variant=37938299469994,https://demo-feed.doofinder.com/images/141e61b24821f6212219a381ed19ac8a.jpg,229.00,,DR MARTENS,Shoes,"Haz una declaración de estilo con el icónico zapato Dr. Martens 1461Z DMC 3-Eye. Marcado con el característico sello de Docs, este zapato con cordones está fabricado en piel lisa, duradera y de alta calidad, y ha sido pensado para durar. Este zapato único cuenta con una suela con cámara de aire que ofrece una buena resistencia a la abrasión y al deslizamiento, y está fabricado con el sistema Goodyear welt: la suela y el empeine se sellan al calor y se cosen entre sí.",black,6,in stock,man,SHODRMBLA006
37938299437226,DR MARTENS | ZAPATO 1461 DMC 3 OJALES | NEGRO LISO (5 / negro),http://doofinder-demo.myshopify.com/products/dr-martens-1461-dmc-3-eye-shoe-black-smooth?variant=37938299437226,https://demo-feed.doofinder.com/images/141e61b24821f6212219a381ed19ac8a.jpg,229.00,,DR MARTENS,Shoes,"Haz una declaración de estilo con el icónico zapato Dr. Martens 1461Z DMC 3-Eye. Marcado con el característico sello de Docs, este zapato con cordones está fabricado en piel lisa, duradera y de alta calidad, y ha sido pensado para durar. Este zapato único cuenta con una suela con cámara de aire que ofrece una buena resistencia a la abrasión y al deslizamiento, y está fabricado con el sistema Goodyear welt: la suela y el empeine se sellan al calor y se cosen entre sí.",black,5,in stock,man,SHODRMBLA005
6170310541482,DR MARTENS | BOTA 1460Z DMC 8 OJALES | CHERRY LISO,http://doofinder-demo.myshopify.com/products/dr-martens-1460z-dmc-8-eye-boot-cherry-smooth,https://demo-feed.doofinder.com/images/633e8800dbc6dc5704b35fd027e4eeaa.jpg,249.00,,DR MARTENS,Shoes,"Haz una declaración de estilo con estas icónicas botas Dr. Martens. Este estilo clásico ha superado la prueba del tiempo gracias a la combinación de un diseño reinventado y una estética urbana y resistente. Fabricada en pieles duraderas y de alta calidad, la bota 1460OZ DMC 8-Eye Cherry Smooth está hecha para durar y mejorará con el paso del tiempo. Esta bota con cordones cuenta con la icónica suela con cámara de aire de Dr. Martens, que ofrece una buena resistencia a la abrasión y al deslizamiento, y está fabricada con el sistema Goodyear welt: la suela y el empeine se sellan al calor y se cosen entre sí.",,,in stock,man,SHODRMXXXXXX
37938300780714,DR MARTENS | BOTA 1460Z DMC 8 OJALES | CHERRY LISO (15 / rojo),http://doofinder-demo.myshopify.com/products/dr-martens-1460z-dmc-8-eye-boot-cherry-smooth?variant=37938300780714,https://demo-feed.doofinder.com/images/633e8800dbc6dc5704b35fd027e4eeaa.jpg,249.00,,DR MARTENS,Shoes,"Haz una declaración de estilo con estas icónicas botas Dr. Martens. Este estilo clásico ha superado la prueba del tiempo gracias a la combinación de un diseño reinventado y una estética urbana y resistente. Fabricada en pieles duraderas y de alta calidad, la bota 1460OZ DMC 8-Eye Cherry Smooth está hecha para durar y mejorará con el paso del tiempo. Esta bota con cordones cuenta con la icónica suela con cámara de aire de Dr. Martens, que ofrece una buena resistencia a la abrasión y al deslizamiento, y está fabricada con el sistema Goodyear welt: la suela y el empeine se sellan al calor y se cosen entre sí.",red,15,in stock,man,SHODRMRED015
37938300747946,DR MARTENS | BOTA 1460Z DMC 8 OJALES | CHERRY LISO (13 / rojo),http://doofinder-demo.myshopify.com/products/dr-martens-1460z-dmc-8-eye-boot-cherry-smooth?variant=37938300747946,https://demo-feed.doofinder.com/images/633e8800dbc6dc5704b35fd027e4eeaa.jpg,249.00,,DR MARTENS,Shoes,"Haz una declaración de estilo con estas icónicas botas Dr. Martens. Este estilo clásico ha superado la prueba del tiempo gracias a la combinación de un diseño reinventado y una estética urbana y resistente. Fabricada en pieles duraderas y de alta calidad, la bota 1460OZ DMC 8-Eye Cherry Smooth está hecha para durar y mejorará con el paso del tiempo. Esta bota con cordones cuenta con la icónica suela con cámara de aire de Dr. Martens, que ofrece una buena resistencia a la abrasión y al deslizamiento, y está fabricada con el sistema Goodyear welt: la suela y el empeine se sellan al calor y se cosen entre sí.",red,13,in stock,man,SHODRMRED013
37938300715178,DR MARTENS | BOTA 1460Z DMC 8 OJALES | CHERRY LISO (12 / rojo),http://doofinder-demo.myshopify.com/products/dr-martens-1460z-dmc-8-eye-boot-cherry-smooth?variant=37938300715178,https://demo-feed.doofinder.com/images/633e8800dbc6dc5704b35fd027e4eeaa.jpg,249.00,,DR MARTENS,Shoes,"Haz una declaración de estilo con estas icónicas botas Dr. Martens. Este estilo clásico ha superado la prueba del tiempo gracias a la combinación de un diseño reinventado y una estética urbana y resistente. Fabricada en pieles duraderas y de alta calidad, la bota 1460OZ DMC 8-Eye Cherry Smooth está hecha para durar y mejorará con el paso del tiempo. Esta bota con cordones cuenta con la icónica suela con cámara de aire de Dr. Martens, que ofrece una buena resistencia a la abrasión y al deslizamiento, y está fabricada con el sistema Goodyear welt: la suela y el empeine se sellan al calor y se cosen entre sí.",red,12,in stock,man,SHODRMRED012
37938300682410,DR MARTENS | BOTA 1460Z DMC 8 OJALES | CHERRY LISO (11 / rojo),http://doofinder-demo.myshopify.com/products/dr-martens-1460z-dmc-8-eye-boot-cherry-smooth?variant=37938300682410,https://demo-feed.doofinder.com/images/633e8800dbc6dc5704b35fd027e4eeaa.jpg,249.00,,DR MARTENS,Shoes,"Haz una declaración de estilo con estas icónicas botas Dr. Martens. Este estilo clásico ha superado la prueba del tiempo gracias a la combinación de un diseño reinventado y una estética urbana y resistente. Fabricada en pieles duraderas y de alta calidad, la bota 1460OZ DMC 8-Eye Cherry Smooth está hecha para durar y mejorará con el paso del tiempo. Esta bota con cordones cuenta con la icónica suela con cámara de aire de Dr. Martens, que ofrece una buena resistencia a la abrasión y al deslizamiento, y está fabricada con el sistema Goodyear welt: la suela y el empeine se sellan al calor y se cosen entre sí.",red,11,in stock,man,SHODRMRED011
37938300649642,DR MARTENS | BOTA 1460Z DMC 8 OJALES | CHERRY LISO (10 / rojo),http://doofinder-demo.myshopify.com/products/dr-martens-1460z-dmc-8-eye-boot-cherry-smooth?variant=37938300649642,https://demo-feed.doofinder.com/images/633e8800dbc6dc5704b35fd027e4eeaa.jpg,249.00,,DR MARTENS,Shoes,"Haz una declaración de estilo con estas icónicas botas Dr. Martens. Este estilo clásico ha superado la prueba del tiempo gracias a la combinación de un diseño reinventado y una estética urbana y resistente. Fabricada en pieles duraderas y de alta calidad, la bota 1460OZ DMC 8-Eye Cherry Smooth está hecha para durar y mejorará con el paso del tiempo. Esta bota con cordones cuenta con la icónica suela con cámara de aire de Dr. Martens, que ofrece una buena resistencia a la abrasión y al deslizamiento, y está fabricada con el sistema Goodyear welt: la suela y el empeine se sellan al calor y se cosen entre sí.",red,10,in stock,man,SHODRMRED010
37938300616874,DR MARTENS | BOTA 1460Z DMC 8 OJALES | CHERRY LISO (8 / rojo),http://doofinder-demo.myshopify.com/products/dr-martens-1460z-dmc-8-eye-boot-cherry-smooth?variant=37938300616874,https://demo-feed.doofinder.com/images/633e8800dbc6dc5704b35fd027e4eeaa.jpg,249.00,,DR MARTENS,Shoes,"Haz una declaración de estilo con estas icónicas botas Dr. Martens. Este estilo clásico ha superado la prueba del tiempo gracias a la combinación de un diseño reinventado y una estética urbana y resistente. Fabricada en pieles duraderas y de alta calidad, la bota 1460OZ DMC 8-Eye Cherry Smooth está hecha para durar y mejorará con el paso del tiempo. Esta bota con cordones cuenta con la icónica suela con cámara de aire de Dr. Martens, que ofrece una buena resistencia a la abrasión y al deslizamiento, y está fabricada con el sistema Goodyear welt: la suela y el empeine se sellan al calor y se cosen entre sí.",red,8,in stock,man,SHODRMRED008
37938300584106,DR MARTENS | BOTA 1460Z DMC 8 OJALES | CHERRY LISO (7 / rojo),http://doofinder-demo.myshopify.com/products/dr-martens-1460z-dmc-8-eye-boot-cherry-smooth?variant=37938300584106,https://demo-feed.doofinder.com/images/633e8800dbc6dc5704b35fd027e4eeaa.jpg,249.00,,DR MARTENS,Shoes,"Haz una declaración de estilo con estas icónicas botas Dr. Martens. Este estilo clásico ha superado la prueba del tiempo gracias a la combinación de un diseño reinventado y una estética urbana y resistente. Fabricada en pieles duraderas y de alta calidad, la bota 1460OZ DMC 8-Eye Cherry Smooth está hecha para durar y mejorará con el paso del tiempo. Esta bota con cordones cuenta con la icónica suela con cámara de aire de Dr. Martens, que ofrece una buena resistencia a la abrasión y al deslizamiento, y está fabricada con el sistema Goodyear welt: la suela y el empeine se sellan al calor y se cosen entre sí.",red,7,in stock,man,SHODRMRED007
37938300551338,DR MARTENS | BOTA 1460Z DMC 8 OJALES | CHERRY LISO (6 / rojo),http://doofinder-demo.myshopify.com/products/dr-martens-1460z-dmc-8-eye-boot-cherry-smooth?variant=37938300551338,https://demo-feed.doofinder.com/images/633e8800dbc6dc5704b35fd027e4eeaa.jpg,249.00,,DR MARTENS,Shoes,"Haz una declaración de estilo con estas icónicas botas Dr. Martens. Este estilo clásico ha superado la prueba del tiempo gracias a la combinación de un diseño reinventado y una estética urbana y resistente. Fabricada en pieles duraderas y de alta calidad, la bota 1460OZ DMC 8-Eye Cherry Smooth está hecha para durar y mejorará con el paso del tiempo. Esta bota con cordones cuenta con la icónica suela con cámara de aire de Dr. Martens, que ofrece una buena resistencia a la abrasión y al deslizamiento, y está fabricada con el sistema Goodyear welt: la suela y el empeine se sellan al calor y se cosen entre sí.",red,6,in stock,man,SHODRMRED006
37938300518570,DR MARTENS | BOTA 1460Z DMC 8 OJALES | CHERRY LISO (5 / rojo),http://doofinder-demo.myshopify.com/products/dr-martens-1460z-dmc-8-eye-boot-cherry-smooth?variant=37938300518570,https://demo-feed.doofinder.com/images/633e8800dbc6dc5704b35fd027e4eeaa.jpg,249.00,,DR MARTENS,Shoes,"Haz una declaración de estilo con estas icónicas botas Dr. Martens. Este estilo clásico ha superado la prueba del tiempo gracias a la combinación de un diseño reinventado y una estética urbana y resistente. Fabricada en pieles duraderas y de alta calidad, la bota 1460OZ DMC 8-Eye Cherry Smooth está hecha para durar y mejorará con el paso del tiempo. Esta bota con cordones cuenta con la icónica suela con cámara de aire de Dr. Martens, que ofrece una buena resistencia a la abrasión y al deslizamiento, y está fabricada con el sistema Goodyear welt: la suela y el empeine se sellan al calor y se cosen entre sí.",red,5,in stock,man,SHODRMRED005
37938300485802,DR MARTENS | BOTA 1460Z DMC 8 OJALES | CHERRY LISO (4 / rojo),http://doofinder-demo.myshopify.com/products/dr-martens-1460z-dmc-8-eye-boot-cherry-smooth?variant=37938300485802,https://demo-feed.doofinder.com/images/633e8800dbc6dc5704b35fd027e4eeaa.jpg,249.00,,DR MARTENS,Shoes,"Haz una declaración de estilo con estas icónicas botas Dr. Martens. Este estilo clásico ha superado la prueba del tiempo gracias a la combinación de un diseño reinventado y una estética urbana y resistente. Fabricada en pieles duraderas y de alta calidad, la bota 1460OZ DMC 8-Eye Cherry Smooth está hecha para durar y mejorará con el paso del tiempo. Esta bota con cordones cuenta con la icónica suela con cámara de aire de Dr. Martens, que ofrece una buena resistencia a la abrasión y al deslizamiento, y está fabricada con el sistema Goodyear welt: la suela y el empeine se sellan al calor y se cosen entre sí.",red,4,in stock,man,SHODRMRED004
37938300453034,DR MARTENS | BOTA 1460Z DMC 8 OJALES | CHERRY LISO (3 / rojo),http://doofinder-demo.myshopify.com/products/dr-martens-1460z-dmc-8-eye-boot-cherry-smooth?variant=37938300453034,https://demo-feed.doofinder.com/images/633e8800dbc6dc5704b35fd027e4eeaa.jpg,249.00,,DR MARTENS,Shoes,"Haz una declaración de estilo con estas icónicas botas Dr. Martens. Este estilo clásico ha superado la prueba del tiempo gracias a la combinación de un diseño reinventado y una estética urbana y resistente. Fabricada en pieles duraderas y de alta calidad, la bota 1460OZ DMC 8-Eye Cherry Smooth está hecha para durar y mejorará con el paso del tiempo. Esta bota con cordones cuenta con la icónica suela con cámara de aire de Dr. Martens, que ofrece una buena resistencia a la abrasión y al deslizamiento, y está fabricada con el sistema Goodyear welt: la suela y el empeine se sellan al calor y se cosen entre sí.",red,3,in stock,man,SHODRMRED003
6170310967466,HERSCHEL | IONA,http://doofinder-demo.myshopify.com/products/herschel-iona,https://demo-feed.doofinder.com/images/995988006b97471478db3371d573bfaf.jpg,119.95,,HERSCHEL,Accessories,"Con un cierre de cordón oculto bajo una fina solapa superior, la mochila Iona combina la practicidad del día a día con un diseño limpio.",,,in stock,unisex,ACCHERXXXXXX
37938303172778,HERSCHEL | IONA (OS / negro),http://doofinder-demo.myshopify.com/products/herschel-iona?variant=37938303172778,https://demo-feed.doofinder.com/images/995988006b97471478db3371d573bfaf.jpg,119.95,,HERSCHEL,Accessories,"Con un cierre de cordón oculto bajo una fina solapa superior, la mochila Iona combina la practicidad del día a día con un diseño limpio.",black,OS,in stock,unisex,ACCHERBLAXXX
37938294194346,PALLADIUM | PALLATECH HI TX | CHEVRON (9 / rojo),http://doofinder-demo.myshopify.com/products/palladium-pallatech-hi-tx-chevron?variant=37938294194346,https://demo-feed.doofinder.com/images/09ba62adafa6de79108792f1e5467f6e.jpg,159.95,,PALLADIUM,Shoes,"El icónico clásico de Palladium recibe una actualización sutil pero estilosa. La Pallatech Hi TX cuenta con un empeine de piel de grano completo con lona de algodón y un puño suave alrededor del cuello, que aporta aún más comodidad. La bota se remata con una suela de goma moldeada de una sola pieza, que ofrece una tracción excelente mientras exploras la ciudad. La plantilla con amortiguación EVA y el contrafuerte envolvente en el talón sujetan el pie para un soporte duradero.",red,9,in stock,man,SHOPALRED009
6170310803626,NIKE | ROSHE ONE BEBÉ,http://doofinder-demo.myshopify.com/products/nike-toddler-roshe-one,https://demo-feed.doofinder.com/images/0ea90fb43c087d165cbf985098cc951e.jpg,70.00,,NIKE,Shoes,"La zapatilla Nike Roshe One Infant ofrece una comodidad transpirable y una amortiguación suave pero duradera, gracias a un empeine de malla y una entresuela Phylon que también actúa como suela exterior. Está pensada para ser versátil: se puede llevar con o sin calcetines, de forma más arreglada o más informal, para caminar o simplemente para estar cómodo.",,,out of stock,kids,SHONIKXXXXXX
37938302550186,NIKE | ROSHE ONE BEBÉ (7 / negro),http://doofinder-demo.myshopify.com/products/nike-toddler-roshe-one?variant=37938302550186,https://demo-feed.doofinder.com/images/0ea90fb43c087d165cbf985098cc951e.jpg,70.00,,NIKE,Shoes,"La zapatilla Nike Roshe One Infant ofrece una comodidad transpirable y una amortiguación suave pero duradera, gracias a un empeine de malla y una entresuela Phylon que también actúa como suela exterior. Está pensada para ser versátil: se puede llevar con o sin calcetines, de forma más arreglada o más informal, para caminar o simplemente para estar cómodo.",black,7,out of stock,kids,SHONIKBLA007
37938302517418,NIKE | ROSHE ONE BEBÉ (4 / negro),http://doofinder-demo.myshopify.com/products/nike-toddler-roshe-one?variant=37938302517418,https://demo-feed.doofinder.com/images/0ea90fb43c087d165cbf985098cc951e.jpg,70.00,,NIKE,Shoes,"La zapatilla Nike Roshe One Infant ofrece una comodidad transpirable y una amortiguación suave pero duradera, gracias a un empeine de malla y una entresuela Phylon que también actúa como suela exterior. Está pensada para ser versátil: se puede llevar con o sin calcetines, de forma más arreglada o más informal, para caminar o simplemente para estar cómodo.",black,4,out of stock,kids,SHONIKBLA004
6170311065770,NIKE | GORRA SWOOSH PRO FLAT PEAK,http://doofinder-demo.myshopify.com/products/nike-swoosh-pro-flat-peak-cap,https://demo-feed.doofinder.com/images/58262e66c5e9731050280eb16880d5a4.jpg,30.00,17.50,NIKE,Accessories,"La gorra Nike Swoosh Pro Flat Snapback cuenta con un logotipo bordado que aporta estilo, y una construcción en lana con cierre ajustable para un ajuste cómodo.",,,in stock,woman,ACCNIKXXXXXX
37938304254122,NIKE | GORRA SWOOSH PRO FLAT PEAK (OS / blanco),http://doofinder-demo.myshopify.com/products/nike-swoosh-pro-flat-peak-cap?variant=37938304254122,https://demo-feed.doofinder.com/images/58262e66c5e9731050280eb16880d5a4.jpg,30.00,17.50,NIKE,Accessories,"La gorra Nike Swoosh Pro Flat Snapback cuenta con un logotipo bordado que aporta estilo, y una construcción en lana con cierre ajustable para un ajuste cómodo.",white,OS,in stock,woman,ACCNIKWHIXXX
6170310377642,NIKE | CAMISETA CRACKLE PRINT TB,http://doofinder-demo.myshopify.com/products/nike-crackle-print-tb-tee,https://demo-feed.doofinder.com/images/62a3dd0421fc5ccf4df6815b3694d734.jpg,40.00,,NIKE,T-Shirts,"Descubre tu nueva camiseta favorita, la Nike Crackle Print T-Shirt. Con todo su potencial en un tejido suave y premium, cuenta con cuello redondo acanalado y una etiqueta tejida de Nike en el bajo.",,,in stock,unisex,TSHNIKXXXXXX
37938299338922,NIKE | CAMISETA CRACKLE PRINT TB (xl / azul),http://doofinder-demo.myshopify.com/products/nike-crackle-print-tb-tee?variant=37938299338922,https://demo-feed.doofinder.com/images/62a3dd0421fc5ccf4df6815b3694d734.jpg,40.00,,NIKE,T-Shirts,"Descubre tu nueva camiseta favorita, la Nike Crackle Print T-Shirt. Con todo su potencial en un tejido suave y premium, cuenta con cuello redondo acanalado y una etiqueta tejida de Nike en el bajo.",blue,xl,in stock,unisex,TSHNIKBLUXXX
37938299306154,NIKE | CAMISETA CRACKLE PRINT TB (l / azul),http://doofinder-demo.myshopify.com/products/nike-crackle-print-tb-tee?variant=37938299306154,https://demo-feed.doofinder.com/images/62a3dd0421fc5ccf4df6815b3694d734.jpg,40.00,,NIKE,T-Shirts,"Descubre tu nueva camiseta favorita, la Nike Crackle Print T-Shirt. Con todo su potencial en un tejido suave y premium, cuenta con cuello redondo acanalado y una etiqueta tejida de Nike en el bajo.",blue,l,in stock,unisex,TSHNIKBLUXXX
37938299273386,NIKE | CAMISETA CRACKLE PRINT TB (m / azul),http://doofinder-demo.myshopify.com/products/nike-crackle-print-tb-tee?variant=37938299273386,https://demo-feed.doofinder.com/images/62a3dd0421fc5ccf4df6815b3694d734.jpg,40.00,,NIKE,T-Shirts,"Descubre tu nueva camiseta favorita, la Nike Crackle Print T-Shirt. Con todo su potencial en un tejido suave y premium, cuenta con cuello redondo acanalado y una etiqueta tejida de Nike en el bajo.",blue,m,in stock,unisex,TSHNIKBLUXXX
37938299240618,NIKE | CAMISETA CRACKLE PRINT TB (s / azul),http://doofinder-demo.myshopify.com/products/nike-crackle-print-tb-tee?variant=37938299240618,https://demo-feed.doofinder.com/images/62a3dd0421fc5ccf4df6815b3694d734.jpg,40.00,,NIKE,T-Shirts,"Descubre tu nueva camiseta favorita, la Nike Crackle Print T-Shirt. Con todo su potencial en un tejido suave y premium, cuenta con cuello redondo acanalado y una etiqueta tejida de Nike en el bajo.",blue,s,in stock,unisex,TSHNIKBLUXXX
37938293113002,VANS | ERA 59 MOROCCAN | GEO/DRESS BLUES (13 / azul),http://doofinder-demo.myshopify.com/products/vans-era-59-moroccan-geo-dress-blues?variant=37938293113002,https://demo-feed.doofinder.com/images/7902bf65776d504e75f86c8e8781d802.jpg,119.95,,VANS,Shoes,"Vans es un referente indiscutible de la cultura skate y el street style, y la Vans Era 59 no es una excepción. Esta clásica zapatilla de skate con cordones se centra en ofrecer la máxima comodidad y un aspecto genial. Fabricada en lona con detalles en piel que la distinguen de la Era original, cuenta con una plantilla suave, un empeine con doble costura, una lengüeta y un forro acolchados, además de la característica suela de gofre de Vans.",blue,13,in stock,unisex,SHOVANBLU013
37938293080234,VANS | ERA 59 MOROCCAN | GEO/DRESS BLUES (10 / azul),http://doofinder-demo.myshopify.com/products/vans-era-59-moroccan-geo-dress-blues?variant=37938293080234,https://demo-feed.doofinder.com/images/7902bf65776d504e75f86c8e8781d802.jpg,119.95,,VANS,Shoes,"Vans es un referente indiscutible de la cultura skate y el street style, y la Vans Era 59 no es una excepción. Esta clásica zapatilla de skate con cordones se centra en ofrecer la máxima comodidad y un aspecto genial. Fabricada en lona con detalles en piel que la distinguen de la Era original, cuenta con una plantilla suave, un empeine con doble costura, una lengüeta y un forro acolchados, además de la característica suela de gofre de Vans.",blue,10,in stock,unisex,SHOVANBLU010
37938293047466,VANS | ERA 59 MOROCCAN | GEO/DRESS BLUES (9 / azul),http://doofinder-demo.myshopify.com/products/vans-era-59-moroccan-geo-dress-blues?variant=37938293047466,https://demo-feed.doofinder.com/images/7902bf65776d504e75f86c8e8781d802.jpg,119.95,,VANS,Shoes,"Vans es un referente indiscutible de la cultura skate y el street style, y la Vans Era 59 no es una excepción. Esta clásica zapatilla de skate con cordones se centra en ofrecer la máxima comodidad y un aspecto genial. Fabricada en lona con detalles en piel que la distinguen de la Era original, cuenta con una plantilla suave, un empeine con doble costura, una lengüeta y un forro acolchados, además de la característica suela de gofre de Vans.",blue,9,in stock,unisex,SHOVANBLU009
37938293014698,VANS | ERA 59 MOROCCAN | GEO/DRESS BLUES (8 / azul),http://doofinder-demo.myshopify.com/products/vans-era-59-moroccan-geo-dress-blues?variant=37938293014698,https://demo-feed.doofinder.com/images/7902bf65776d504e75f86c8e8781d802.jpg,119.95,,VANS,Shoes,"Vans es un referente indiscutible de la cultura skate y el street style, y la Vans Era 59 no es una excepción. Esta clásica zapatilla de skate con cordones se centra en ofrecer la máxima comodidad y un aspecto genial. Fabricada en lona con detalles en piel que la distinguen de la Era original, cuenta con una plantilla suave, un empeine con doble costura, una lengüeta y un forro acolchados, además de la característica suela de gofre de Vans.",blue,8,in stock,unisex,SHOVANBLU008
6170310901930,VANS APPAREL AND ACCESSORIES | PACK DE 3 CALCETINES INVISIBLES CLÁSICOS BLANCOS,http://doofinder-demo.myshopify.com/products/vans-apparel-and-accessories-classic-super-no-show-socks-3-pack-white,https://demo-feed.doofinder.com/images/ccba62c19289e4b5f14b180c05836614.jpg,19.95,,VANS,Accessories,"Los clásicos calcetines invisibles son ideales para todas tus zapatillas de caña baja, como las Classic Slip-On. Estos calcetines están diseñados para quedar ocultos bajo el calzado y conseguir un look deportivo, tanto con vaqueros como con pantalón corto. Mezcla de algodón y nylon de pared fina y transpirable.",,,out of stock,unisex,ACCVANXXXXXX
37938302779562,VANS APPAREL AND ACCESSORIES | PACK DE 3 CALCETINES INVISIBLES CLÁSICOS BLANCOS (9.5-13 / blanco),http://doofinder-demo.myshopify.com/products/vans-apparel-and-accessories-classic-super-no-show-socks-3-pack-white?variant=37938302779562,https://demo-feed.doofinder.com/images/ccba62c19289e4b5f14b180c05836614.jpg,19.95,,VANS,Accessories,"Los clásicos calcetines invisibles son ideales para todas tus zapatillas de caña baja, como las Classic Slip-On. Estos calcetines están diseñados para quedar ocultos bajo el calzado y conseguir un look deportivo, tanto con vaqueros como con pantalón corto. Mezcla de algodón y nylon de pared fina y transpirable.",white,9.5-13,out of stock,unisex,ACCVANWHIXXX
6170310312106,TIMBERLAND | BOTA PREMIUM DE 6 PULGADAS PARA HOMBRE,http://doofinder-demo.myshopify.com/products/timberland-mens-6-inch-premium-boot,https://demo-feed.doofinder.com/images/d610851e0277cdfbe3402e03be2effd2.jpg,299.95,,TIMBERLAND,Shoes,"Timberland lleva décadas perfeccionando su oficio de fabricar botas resistentes. La bota impermeable Premium de 6 pulgadas (o Wheat Boot) es la bota original de hombre de Timberland y se diseñó por primera vez hace casi 40 años. Las continuas mejoras en el diseño y la construcción, como la incorporación de la exclusiva tecnología antifatiga de Timberland para ofrecer comodidad durante todo el día, han consolidado estas botas como un básico resistente y fiable en cualquier colección de calzado. La piel impermeable premium, la construcción con costuras selladas y las suelas con tacos resistentes ofrecen una durabilidad y comodidad duraderas para ayudarte a superar cualquier condición ambiental y aventura. Un imprescindible absoluto.",,,in stock,woman,SHOTIMXXXXXX
37938298945706,TIMBERLAND | BOTA PREMIUM DE 6 PULGADAS PARA HOMBRE (15 / amarillo),http://doofinder-demo.myshopify.com/products/timberland-mens-6-inch-premium-boot?variant=37938298945706,https://demo-feed.doofinder.com/images/d610851e0277cdfbe3402e03be2effd2.jpg,299.95,,TIMBERLAND,Shoes,"Timberland lleva décadas perfeccionando su oficio de fabricar botas resistentes. La bota impermeable Premium de 6 pulgadas (o Wheat Boot) es la bota original de hombre de Timberland y se diseñó por primera vez hace casi 40 años. Las continuas mejoras en el diseño y la construcción, como la incorporación de la exclusiva tecnología antifatiga de Timberland para ofrecer comodidad durante todo el día, han consolidado estas botas como un básico resistente y fiable en cualquier colección de calzado. La piel impermeable premium, la construcción con costuras selladas y las suelas con tacos resistentes ofrecen una durabilidad y comodidad duraderas para ayudarte a superar cualquier condición ambiental y aventura. Un imprescindible absoluto.",yellow,15,in stock,woman,SHOTIMYEL015
37938298912938,TIMBERLAND | BOTA PREMIUM DE 6 PULGADAS PARA HOMBRE (14 / amarillo),http://doofinder-demo.myshopify.com/products/timberland-mens-6-inch-premium-boot?variant=37938298912938,https://demo-feed.doofinder.com/images/d610851e0277cdfbe3402e03be2effd2.jpg,299.95,,TIMBERLAND,Shoes,"Timberland lleva décadas perfeccionando su oficio de fabricar botas resistentes. La bota impermeable Premium de 6 pulgadas (o Wheat Boot) es la bota original de hombre de Timberland y se diseñó por primera vez hace casi 40 años. Las continuas mejoras en el diseño y la construcción, como la incorporación de la exclusiva tecnología antifatiga de Timberland para ofrecer comodidad durante todo el día, han consolidado estas botas como un básico resistente y fiable en cualquier colección de calzado. La piel impermeable premium, la construcción con costuras selladas y las suelas con tacos resistentes ofrecen una durabilidad y comodidad duraderas para ayudarte a superar cualquier condición ambiental y aventura. Un imprescindible absoluto.",yellow,14,in stock,woman,SHOTIMYEL014
37938298847402,TIMBERLAND | BOTA PREMIUM DE 6 PULGADAS PARA HOMBRE (13 / amarillo),http://doofinder-demo.myshopify.com/products/timberland-mens-6-inch-premium-boot?variant=37938298847402,https://demo-feed.doofinder.com/images/d610851e0277cdfbe3402e03be2effd2.jpg,299.95,,TIMBERLAND,Shoes,"Timberland lleva décadas perfeccionando su oficio de fabricar botas resistentes. La bota impermeable Premium de 6 pulgadas (o Wheat Boot) es la bota original de hombre de Timberland y se diseñó por primera vez hace casi 40 años. Las continuas mejoras en el diseño y la construcción, como la incorporación de la exclusiva tecnología antifatiga de Timberland para ofrecer comodidad durante todo el día, han consolidado estas botas como un básico resistente y fiable en cualquier colección de calzado. La piel impermeable premium, la construcción con costuras selladas y las suelas con tacos resistentes ofrecen una durabilidad y comodidad duraderas para ayudarte a superar cualquier condición ambiental y aventura. Un imprescindible absoluto.",yellow,13,in stock,woman,SHOTIMYEL013
37938298781866,TIMBERLAND | BOTA PREMIUM DE 6 PULGADAS PARA HOMBRE (12 / amarillo),http://doofinder-demo.myshopify.com/products/timberland-mens-6-inch-premium-boot?variant=37938298781866,https://demo-feed.doofinder.com/images/d610851e0277cdfbe3402e03be2effd2.jpg,299.95,,TIMBERLAND,Shoes,"Timberland lleva décadas perfeccionando su oficio de fabricar botas resistentes. La bota impermeable Premium de 6 pulgadas (o Wheat Boot) es la bota original de hombre de Timberland y se diseñó por primera vez hace casi 40 años. Las continuas mejoras en el diseño y la construcción, como la incorporación de la exclusiva tecnología antifatiga de Timberland para ofrecer comodidad durante todo el día, han consolidado estas botas como un básico resistente y fiable en cualquier colección de calzado. La piel impermeable premium, la construcción con costuras selladas y las suelas con tacos resistentes ofrecen una durabilidad y comodidad duraderas para ayudarte a superar cualquier condición ambiental y aventura. Un imprescindible absoluto.",yellow,12,in stock,woman,SHOTIMYEL012
37938298716330,TIMBERLAND | BOTA PREMIUM DE 6 PULGADAS PARA HOMBRE (11 / amarillo),http://doofinder-demo.myshopify.com/products/timberland-mens-6-inch-premium-boot?variant=37938298716330,https://demo-feed.doofinder.com/images/d610851e0277cdfbe3402e03be2effd2.jpg,299.95,,TIMBERLAND,Shoes,"Timberland lleva décadas perfeccionando su oficio de fabricar botas resistentes. La bota impermeable Premium de 6 pulgadas (o Wheat Boot) es la bota original de hombre de Timberland y se diseñó por primera vez hace casi 40 años. Las continuas mejoras en el diseño y la construcción, como la incorporación de la exclusiva tecnología antifatiga de Timberland para ofrecer comodidad durante todo el día, han consolidado estas botas como un básico resistente y fiable en cualquier colección de calzado. La piel impermeable premium, la construcción con costuras selladas y las suelas con tacos resistentes ofrecen una durabilidad y comodidad duraderas para ayudarte a superar cualquier condición ambiental y aventura. Un imprescindible absoluto.",yellow,11,in stock,woman,SHOTIMYEL011
37938298683562,TIMBERLAND | BOTA PREMIUM DE 6 PULGADAS PARA HOMBRE (10 / amarillo),http://doofinder-demo.myshopify.com/products/timberland-mens-6-inch-premium-boot?variant=37938298683562,https://demo-feed.doofinder.com/images/d610851e0277cdfbe3402e03be2effd2.jpg,299.95,,TIMBERLAND,Shoes,"Timberland lleva décadas perfeccionando su oficio de fabricar botas resistentes. La bota impermeable Premium de 6 pulgadas (o Wheat Boot) es la bota original de hombre de Timberland y se diseñó por primera vez hace casi 40 años. Las continuas mejoras en el diseño y la construcción, como la incorporación de la exclusiva tecnología antifatiga de Timberland para ofrecer comodidad durante todo el día, han consolidado estas botas como un básico resistente y fiable en cualquier colección de calzado. La piel impermeable premium, la construcción con costuras selladas y las suelas con tacos resistentes ofrecen una durabilidad y comodidad duraderas para ayudarte a superar cualquier condición ambiental y aventura. Un imprescindible absoluto.",yellow,10,in stock,woman,SHOTIMYEL010
37938298618026,TIMBERLAND | BOTA PREMIUM DE 6 PULGADAS PARA HOMBRE (9 / amarillo),http://doofinder-demo.myshopify.com/products/timberland-mens-6-inch-premium-boot?variant=37938298618026,https://demo-feed.doofinder.com/images/d610851e0277cdfbe3402e03be2effd2.jpg,299.95,,TIMBERLAND,Shoes,"Timberland lleva décadas perfeccionando su oficio de fabricar botas resistentes. La bota impermeable Premium de 6 pulgadas (o Wheat Boot) es la bota original de hombre de Timberland y se diseñó por primera vez hace casi 40 años. Las continuas mejoras en el diseño y la construcción, como la incorporación de la exclusiva tecnología antifatiga de Timberland para ofrecer comodidad durante todo el día, han consolidado estas botas como un básico resistente y fiable en cualquier colección de calzado. La piel impermeable premium, la construcción con costuras selladas y las suelas con tacos resistentes ofrecen una durabilidad y comodidad duraderas para ayudarte a superar cualquier condición ambiental y aventura. Un imprescindible absoluto.",yellow,9,in stock,woman,SHOTIMYEL009
37938298585258,TIMBERLAND | BOTA PREMIUM DE 6 PULGADAS PARA HOMBRE (8 / amarillo),http://doofinder-demo.myshopify.com/products/timberland-mens-6-inch-premium-boot?variant=37938298585258,https://demo-feed.doofinder.com/images/d610851e0277cdfbe3402e03be2effd2.jpg,299.95,,TIMBERLAND,Shoes,"Timberland lleva décadas perfeccionando su oficio de fabricar botas resistentes. La bota impermeable Premium de 6 pulgadas (o Wheat Boot) es la bota original de hombre de Timberland y se diseñó por primera vez hace casi 40 años. Las continuas mejoras en el diseño y la construcción, como la incorporación de la exclusiva tecnología antifatiga de Timberland para ofrecer comodidad durante todo el día, han consolidado estas botas como un básico resistente y fiable en cualquier colección de calzado. La piel impermeable premium, la construcción con costuras selladas y las suelas con tacos resistentes ofrecen una durabilidad y comodidad duraderas para ayudarte a superar cualquier condición ambiental y aventura. Un imprescindible absoluto.",yellow,8,in stock,woman,SHOTIMYEL008
37938298486954,TIMBERLAND | BOTA PREMIUM DE 6 PULGADAS PARA HOMBRE (7 / amarillo),http://doofinder-demo.myshopify.com/products/timberland-mens-6-inch-premium-boot?variant=37938298486954,https://demo-feed.doofinder.com/images/d610851e0277cdfbe3402e03be2effd2.jpg,299.95,,TIMBERLAND,Shoes,"Timberland lleva décadas perfeccionando su oficio de fabricar botas resistentes. La bota impermeable Premium de 6 pulgadas (o Wheat Boot) es la bota original de hombre de Timberland y se diseñó por primera vez hace casi 40 años. Las continuas mejoras en el diseño y la construcción, como la incorporación de la exclusiva tecnología antifatiga de Timberland para ofrecer comodidad durante todo el día, han consolidado estas botas como un básico resistente y fiable en cualquier colección de calzado. La piel impermeable premium, la construcción con costuras selladas y las suelas con tacos resistentes ofrecen una durabilidad y comodidad duraderas para ayudarte a superar cualquier condición ambiental y aventura. Un imprescindible absoluto.",yellow,7,in stock,woman,SHOTIMYEL007
6170309689514,SUPRA | VAIDER PARA HOMBRE,http://doofinder-demo.myshopify.com/products/supra-mens-vaider,https://demo-feed.doofinder.com/images/401f6d6c355012d9eb8749feda025256.jpg,169.95,,SUPRA,Shoes,Supra presenta la Vaider. Un empeine de caña alta con un diseño elegante sobre una suela vulcanizada que ofrece una tracción excelente y buen contacto con la tabla. El cuello y el forro de la lengüeta acolchados proporcionan una comodidad superior.,,,in stock,man,SHOSUPXXXXXX
37938295079082,SUPRA | VAIDER PARA HOMBRE (12 / gris),http://doofinder-demo.myshopify.com/products/supra-mens-vaider?variant=37938295079082,https://demo-feed.doofinder.com/images/401f6d6c355012d9eb8749feda025256.jpg,169.95,,SUPRA,Shoes,Supra presenta la Vaider. Un empeine de caña alta con un diseño elegante sobre una suela vulcanizada que ofrece una tracción excelente y buen contacto con la tabla. El cuello y el forro de la lengüeta acolchados proporcionan una comodidad superior.,gray,12,in stock,man,SHOSUPGRA012
37938295046314,SUPRA | VAIDER PARA HOMBRE (11 / gris),http://doofinder-demo.myshopify.com/products/supra-mens-vaider?variant=37938295046314,https://demo-feed.doofinder.com/images/401f6d6c355012d9eb8749feda025256.jpg,169.95,,SUPRA,Shoes,Supra presenta la Vaider. Un empeine de caña alta con un diseño elegante sobre una suela vulcanizada que ofrece una tracción excelente y buen contacto con la tabla. El cuello y el forro de la lengüeta acolchados proporcionan una comodidad superior.,gray,11,in stock,man,SHOSUPGRA011
37938295013546,SUPRA | VAIDER PARA HOMBRE (10 / gris),http://doofinder-demo.myshopify.com/products/supra-mens-vaider?variant=37938295013546,https://demo-feed.doofinder.com/images/401f6d6c355012d9eb8749feda025256.jpg,169.95,,SUPRA,Shoes,Supra presenta la Vaider. Un empeine de caña alta con un diseño elegante sobre una suela vulcanizada que ofrece una tracción excelente y buen contacto con la tabla. El cuello y el forro de la lengüeta acolchados proporcionan una comodidad superior.,gray,10,in stock,man,SHOSUPGRA010
37938294980778,SUPRA | VAIDER PARA HOMBRE (9 / gris),http://doofinder-demo.myshopify.com/products/supra-mens-vaider?variant=37938294980778,https://demo-feed.doofinder.com/images/401f6d6c355012d9eb8749feda025256.jpg,169.95,,SUPRA,Shoes,Supra presenta la Vaider. Un empeine de caña alta con un diseño elegante sobre una suela vulcanizada que ofrece una tracción excelente y buen contacto con la tabla. El cuello y el forro de la lengüeta acolchados proporcionan una comodidad superior.,gray,9,in stock,man,SHOSUPGRA009
6170309558442,PUMA | SUEDE CLASSIC REGAL,http://doofinder-demo.myshopify.com/products/puma-suede-classic-regal,https://demo-feed.doofinder.com/images/e7a2b189514d134630552681e4c8bc07.jpg,110.00,,PUMA,Shoes,"Presentada por primera vez en 1968, la Puma Suede Classic es la zapatilla más icónica de Puma, con su diseño de inspiración deportiva y su suave ante. La Puma Suede Classic Regal Red/White está fabricada con un empeine de ante y una suela de goma de perfil bajo en contraste, junto con cordones gruesos; esta clásica sigue dejando huella en las calles hoy en día.",,,in stock,woman,SHOPUMXXXXXX
37938294489258,PUMA | SUEDE CLASSIC REGAL (8 / rojo),http://doofinder-demo.myshopify.com/products/puma-suede-classic-regal?variant=37938294489258,https://demo-feed.doofinder.com/images/e7a2b189514d134630552681e4c8bc07.jpg,110.00,,PUMA,Shoes,"Presentada por primera vez en 1968, la Puma Suede Classic es la zapatilla más icónica de Puma, con su diseño de inspiración deportiva y su suave ante. La Puma Suede Classic Regal Red/White está fabricada con un empeine de ante y una suela de goma de perfil bajo en contraste, junto con cordones gruesos; esta clásica sigue dejando huella en las calles hoy en día.",red,8,in stock,woman,SHOPUMRED008
37938294456490,PUMA | SUEDE CLASSIC REGAL (7 / rojo),http://doofinder-demo.myshopify.com/products/puma-suede-classic-regal?variant=37938294456490,https://demo-feed.doofinder.com/images/e7a2b189514d134630552681e4c8bc07.jpg,110.00,,PUMA,Shoes,"Presentada por primera vez en 1968, la Puma Suede Classic es la zapatilla más icónica de Puma, con su diseño de inspiración deportiva y su suave ante. La Puma Suede Classic Regal Red/White está fabricada con un empeine de ante y una suela de goma de perfil bajo en contraste, junto con cordones gruesos; esta clásica sigue dejando huella en las calles hoy en día.",red,7,in stock,woman,SHOPUMRED007
37938294423722,PUMA | SUEDE CLASSIC REGAL (6 / rojo),http://doofinder-demo.myshopify.com/products/puma-suede-classic-regal?variant=37938294423722,https://demo-feed.doofinder.com/images/e7a2b189514d134630552681e4c8bc07.jpg,110.00,,PUMA,Shoes,"Presentada por primera vez en 1968, la Puma Suede Classic es la zapatilla más icónica de Puma, con su diseño de inspiración deportiva y su suave ante. La Puma Suede Classic Regal Red/White está fabricada con un empeine de ante y una suela de goma de perfil bajo en contraste, junto con cordones gruesos; esta clásica sigue dejando huella en las calles hoy en día.",red,6,in stock,woman,SHOPUMRED006
37938294390954,PUMA | SUEDE CLASSIC REGAL (5 / rojo),http://doofinder-demo.myshopify.com/products/puma-suede-classic-regal?variant=37938294390954,https://demo-feed.doofinder.com/images/e7a2b189514d134630552681e4c8bc07.jpg,110.00,,PUMA,Shoes,"Presentada por primera vez en 1968, la Puma Suede Classic es la zapatilla más icónica de Puma, con su diseño de inspiración deportiva y su suave ante. La Puma Suede Classic Regal Red/White está fabricada con un empeine de ante y una suela de goma de perfil bajo en contraste, junto con cordones gruesos; esta clásica sigue dejando huella en las calles hoy en día.",red,5,in stock,woman,SHOPUMRED005
6170309492906,PALLADIUM | PALLATECH HI TX | CHEVRON,http://doofinder-demo.myshopify.com/products/palladium-pallatech-hi-tx-chevron,https://demo-feed.doofinder.com/images/09ba62adafa6de79108792f1e5467f6e.jpg,159.95,,PALLADIUM,Shoes,"El icónico clásico de Palladium recibe una actualización sutil pero estilosa. La Pallatech Hi TX cuenta con un empeine de piel de grano completo con lona de algodón y un puño suave alrededor del cuello, que aporta aún más comodidad. La bota se remata con una suela de goma moldeada de una sola pieza, que ofrece una tracción excelente mientras exploras la ciudad. La plantilla con amortiguación EVA y el contrafuerte envolvente en el talón sujetan el pie para un soporte duradero.",,,in stock,man,SHOPALXXXXXX
37938294259882,PALLADIUM | PALLATECH HI TX | CHEVRON (12 / rojo),http://doofinder-demo.myshopify.com/products/palladium-pallatech-hi-tx-chevron?variant=37938294259882,https://demo-feed.doofinder.com/images/09ba62adafa6de79108792f1e5467f6e.jpg,159.95,,PALLADIUM,Shoes,"El icónico clásico de Palladium recibe una actualización sutil pero estilosa. La Pallatech Hi TX cuenta con un empeine de piel de grano completo con lona de algodón y un puño suave alrededor del cuello, que aporta aún más comodidad. La bota se remata con una suela de goma moldeada de una sola pieza, que ofrece una tracción excelente mientras exploras la ciudad. La plantilla con amortiguación EVA y el contrafuerte envolvente en el talón sujetan el pie para un soporte duradero.",red,12,in stock,man,SHOPALRED012
37938294227114,PALLADIUM | PALLATECH HI TX | CHEVRON (10 / rojo),http://doofinder-demo.myshopify.com/products/palladium-pallatech-hi-tx-chevron?variant=37938294227114,https://demo-feed.doofinder.com/images/09ba62adafa6de79108792f1e5467f6e.jpg,159.95,,PALLADIUM,Shoes,"El icónico clásico de Palladium recibe una actualización sutil pero estilosa. La Pallatech Hi TX cuenta con un empeine de piel de grano completo con lona de algodón y un puño suave alrededor del cuello, que aporta aún más comodidad. La bota se remata con una suela de goma moldeada de una sola pieza, que ofrece una tracción excelente mientras exploras la ciudad. La plantilla con amortiguación EVA y el contrafuerte envolvente en el talón sujetan el pie para un soporte duradero.",red,10,in stock,man,SHOPALRED010
6170309230762,VANS | AUTHENTIC | LO PRO | BURGANDY/WHITE,http://doofinder-demo.myshopify.com/products/vans-authentic-lo-pro-burgandy-white,https://demo-feed.doofinder.com/images/9f190cba7218c819c81566bca6298c6a.jpg,99.95,,VANS,Shoes,"La precursora de la familia Vans, la Vans Authentic original se lanzó en 1966 y, casi cuatro décadas después, sigue tan vigente como siempre, con una popularidad que se ha extendido desde sus primeros fans —skaters y surfistas— hasta todo tipo de públicos. Ahora rediseñada como una zapatilla de caña baja con cordones y silueta estilizada, la Vans Authentic Lo Pro cuenta con un empeine resistente de lona con paredes laterales más bajas, ojales metálicos y suelas de gofre en miniatura de perfil bajo para conseguir una sensación ligera.",,,in stock,woman,SHOVANXXXXXX
37938291474602,VANS | AUTHENTIC | LO PRO | BURGANDY/WHITE (10 / burdeos),http://doofinder-demo.myshopify.com/products/vans-authentic-lo-pro-burgandy-white?variant=37938291474602,https://demo-feed.doofinder.com/images/9f190cba7218c819c81566bca6298c6a.jpg,99.95,,VANS,Shoes,"La precursora de la familia Vans, la Vans Authentic original se lanzó en 1966 y, casi cuatro décadas después, sigue tan vigente como siempre, con una popularidad que se ha extendido desde sus primeros fans —skaters y surfistas— hasta todo tipo de públicos. Ahora rediseñada como una zapatilla de caña baja con cordones y silueta estilizada, la Vans Authentic Lo Pro cuenta con un empeine resistente de lona con paredes laterales más bajas, ojales metálicos y suelas de gofre en miniatura de perfil bajo para conseguir una sensación ligera.",burgandy,10,in stock,woman,SHOVANBUR010
37938291441834,VANS | AUTHENTIC | LO PRO | BURGANDY/WHITE (5 / burdeos),http://doofinder-demo.myshopify.com/products/vans-authentic-lo-pro-burgandy-white?variant=37938291441834,https://demo-feed.doofinder.com/images/9f190cba7218c819c81566bca6298c6a.jpg,99.95,,VANS,Shoes,"La precursora de la familia Vans, la Vans Authentic original se lanzó en 1966 y, casi cuatro décadas después, sigue tan vigente como siempre, con una popularidad que se ha extendido desde sus primeros fans —skaters y surfistas— hasta todo tipo de públicos. Ahora rediseñada como una zapatilla de caña baja con cordones y silueta estilizada, la Vans Authentic Lo Pro cuenta con un empeine resistente de lona con paredes laterales más bajas, ojales metálicos y suelas de gofre en miniatura de perfil bajo para conseguir una sensación ligera.",burgandy,5,in stock,woman,SHOVANBUR005
37938291409066,VANS | AUTHENTIC | LO PRO | BURGANDY/WHITE (4 / burdeos),http://doofinder-demo.myshopify.com/products/vans-authentic-lo-pro-burgandy-white?variant=37938291409066,https://demo-feed.doofinder.com/images/9f190cba7218c819c81566bca6298c6a.jpg,99.95,,VANS,Shoes,"La precursora de la familia Vans, la Vans Authentic original se lanzó en 1966 y, casi cuatro décadas después, sigue tan vigente como siempre, con una popularidad que se ha extendido desde sus primeros fans —skaters y surfistas— hasta todo tipo de públicos. Ahora rediseñada como una zapatilla de caña baja con cordones y silueta estilizada, la Vans Authentic Lo Pro cuenta con un empeine resistente de lona con paredes laterales más bajas, ojales metálicos y suelas de gofre en miniatura de perfil bajo para conseguir una sensación ligera.",burgandy,4,in stock,woman,SHOVANBUR004
6170309394602,VANS | SK8-HI DECON (CUTOUT) | LEAVES/WHITE,http://doofinder-demo.myshopify.com/products/vans-sk8-hi-decon-cutout-leaves-white,https://demo-feed.doofinder.com/images/327cd936d9a9c409cd8b36987158013f.jpg,179.95,,VANS,Shoes,La Vans Cut Out Sk8-Hi Decon aporta un giro a la icónica silueta Vans Sk8-Hi: un nuevo empeine de caña alta en piel deconstruida con un diseño troquelado personalizado que permite que el material adopte su propia forma sin apenas restricción estructural. También cuenta con las características suelas de goma tipo gofre.,,,in stock,unisex,SHOVANXXXXXX
37938293342378,VANS | SK8-HI DECON (CUTOUT) | LEAVES/WHITE (10 / blanco),http://doofinder-demo.myshopify.com/products/vans-sk8-hi-decon-cutout-leaves-white?variant=37938293342378,https://demo-feed.doofinder.com/images/327cd936d9a9c409cd8b36987158013f.jpg,179.95,,VANS,Shoes,La Vans Cut Out Sk8-Hi Decon aporta un giro a la icónica silueta Vans Sk8-Hi: un nuevo empeine de caña alta en piel deconstruida con un diseño troquelado personalizado que permite que el material adopte su propia forma sin apenas restricción estructural. También cuenta con las características suelas de goma tipo gofre.,white,10,in stock,unisex,SHOVANWHI010
37938293309610,VANS | SK8-HI DECON (CUTOUT) | LEAVES/WHITE (9 / blanco),http://doofinder-demo.myshopify.com/products/vans-sk8-hi-decon-cutout-leaves-white?variant=37938293309610,https://demo-feed.doofinder.com/images/327cd936d9a9c409cd8b36987158013f.jpg,179.95,,VANS,Shoes,La Vans Cut Out Sk8-Hi Decon aporta un giro a la icónica silueta Vans Sk8-Hi: un nuevo empeine de caña alta en piel deconstruida con un diseño troquelado personalizado que permite que el material adopte su propia forma sin apenas restricción estructural. También cuenta con las características suelas de goma tipo gofre.,white,9,in stock,unisex,SHOVANWHI009
37938293276842,VANS | SK8-HI DECON (CUTOUT) | LEAVES/WHITE (8 / blanco),http://doofinder-demo.myshopify.com/products/vans-sk8-hi-decon-cutout-leaves-white?variant=37938293276842,https://demo-feed.doofinder.com/images/327cd936d9a9c409cd8b36987158013f.jpg,179.95,,VANS,Shoes,La Vans Cut Out Sk8-Hi Decon aporta un giro a la icónica silueta Vans Sk8-Hi: un nuevo empeine de caña alta en piel deconstruida con un diseño troquelado personalizado que permite que el material adopte su propia forma sin apenas restricción estructural. También cuenta con las características suelas de goma tipo gofre.,white,8,in stock,unisex,SHOVANWHI008
37938293244074,VANS | SK8-HI DECON (CUTOUT) | LEAVES/WHITE (7 / blanco),http://doofinder-demo.myshopify.com/products/vans-sk8-hi-decon-cutout-leaves-white?variant=37938293244074,https://demo-feed.doofinder.com/images/327cd936d9a9c409cd8b36987158013f.jpg,179.95,,VANS,Shoes,La Vans Cut Out Sk8-Hi Decon aporta un giro a la icónica silueta Vans Sk8-Hi: un nuevo empeine de caña alta en piel deconstruida con un diseño troquelado personalizado que permite que el material adopte su propia forma sin apenas restricción estructural. También cuenta con las características suelas de goma tipo gofre.,white,7,in stock,unisex,SHOVANWHI007
37938293211306,VANS | SK8-HI DECON (CUTOUT) | LEAVES/WHITE (6 / blanco),http://doofinder-demo.myshopify.com/products/vans-sk8-hi-decon-cutout-leaves-white?variant=37938293211306,https://demo-feed.doofinder.com/images/327cd936d9a9c409cd8b36987158013f.jpg,179.95,,VANS,Shoes,La Vans Cut Out Sk8-Hi Decon aporta un giro a la icónica silueta Vans Sk8-Hi: un nuevo empeine de caña alta en piel deconstruida con un diseño troquelado personalizado que permite que el material adopte su propia forma sin apenas restricción estructural. También cuenta con las características suelas de goma tipo gofre.,white,6,in stock,unisex,SHOVANWHI006
37938293178538,VANS | SK8-HI DECON (CUTOUT) | LEAVES/WHITE (5 / blanco),http://doofinder-demo.myshopify.com/products/vans-sk8-hi-decon-cutout-leaves-white?variant=37938293178538,https://demo-feed.doofinder.com/images/327cd936d9a9c409cd8b36987158013f.jpg,179.95,,VANS,Shoes,La Vans Cut Out Sk8-Hi Decon aporta un giro a la icónica silueta Vans Sk8-Hi: un nuevo empeine de caña alta en piel deconstruida con un diseño troquelado personalizado que permite que el material adopte su propia forma sin apenas restricción estructural. También cuenta con las características suelas de goma tipo gofre.,white,5,in stock,unisex,SHOVANWHI005
37938293145770,VANS | SK8-HI DECON (CUTOUT) | LEAVES/WHITE (4 / blanco),http://doofinder-demo.myshopify.com/products/vans-sk8-hi-decon-cutout-leaves-white?variant=37938293145770,https://demo-feed.doofinder.com/images/327cd936d9a9c409cd8b36987158013f.jpg,179.95,,VANS,Shoes,La Vans Cut Out Sk8-Hi Decon aporta un giro a la icónica silueta Vans Sk8-Hi: un nuevo empeine de caña alta en piel deconstruida con un diseño troquelado personalizado que permite que el material adopte su propia forma sin apenas restricción estructural. También cuenta con las características suelas de goma tipo gofre.,white,4,in stock,unisex,SHOVANWHI004
6170309853354,VANS | SH-8 HI,http://doofinder-demo.myshopify.com/products/vans-sh-8-hi,https://demo-feed.doofinder.com/images/4e151d7b538e5aba66295f3a5d67b1f4.jpg,129.95,,VANS,Shoes,"Vans es un referente indiscutible de la cultura skate y el street style, y esta zapatilla de skate no es una excepción. Lanzada a principios de los años 70, la Vans SK8 Hi fue responsable de la reducción de lesiones de tobillo en el mundo del skate gracias a su soporte extra acolchado en el tobillo, aunque su popularidad ha crecido en diferentes escenas culturales. La Vans SK8 Hi True White está fabricada con una combinación de lona y ante, y cuenta con el característico detalle de la franja lateral y la suela vulcanizada tipo gofre. Disponible en una amplia gama de colores.",,,in stock,unisex,SHOVANXXXXXX
37938296586410,VANS | SH-8 HI (14 / negro),http://doofinder-demo.myshopify.com/products/vans-sh-8-hi?variant=37938296586410,https://demo-feed.doofinder.com/images/4e151d7b538e5aba66295f3a5d67b1f4.jpg,129.95,,VANS,Shoes,"Vans es un referente indiscutible de la cultura skate y el street style, y esta zapatilla de skate no es una excepción. Lanzada a principios de los años 70, la Vans SK8 Hi fue responsable de la reducción de lesiones de tobillo en el mundo del skate gracias a su soporte extra acolchado en el tobillo, aunque su popularidad ha crecido en diferentes escenas culturales. La Vans SK8 Hi True White está fabricada con una combinación de lona y ante, y cuenta con el característico detalle de la franja lateral y la suela vulcanizada tipo gofre. Disponible en una amplia gama de colores.",black,14,in stock,unisex,SHOVANBLA014
37938296553642,VANS | SH-8 HI (12 / negro),http://doofinder-demo.myshopify.com/products/vans-sh-8-hi?variant=37938296553642,https://demo-feed.doofinder.com/images/4e151d7b538e5aba66295f3a5d67b1f4.jpg,129.95,,VANS,Shoes,"Vans es un referente indiscutible de la cultura skate y el street style, y esta zapatilla de skate no es una excepción. Lanzada a principios de los años 70, la Vans SK8 Hi fue responsable de la reducción de lesiones de tobillo en el mundo del skate gracias a su soporte extra acolchado en el tobillo, aunque su popularidad ha crecido en diferentes escenas culturales. La Vans SK8 Hi True White está fabricada con una combinación de lona y ante, y cuenta con el característico detalle de la franja lateral y la suela vulcanizada tipo gofre. Disponible en una amplia gama de colores.",black,12,in stock,unisex,SHOVANBLA012
37938296520874,VANS | SH-8 HI (11 / negro),http://doofinder-demo.myshopify.com/products/vans-sh-8-hi?variant=37938296520874,https://demo-feed.doofinder.com/images/4e151d7b538e5aba66295f3a5d67b1f4.jpg,129.95,,VANS,Shoes,"Vans es un referente indiscutible de la cultura skate y el street style, y esta zapatilla de skate no es una excepción. Lanzada a principios de los años 70, la Vans SK8 Hi fue responsable de la reducción de lesiones de tobillo en el mundo del skate gracias a su soporte extra acolchado en el tobillo, aunque su popularidad ha crecido en diferentes escenas culturales. La Vans SK8 Hi True White está fabricada con una combinación de lona y ante, y cuenta con el característico detalle de la franja lateral y la suela vulcanizada tipo gofre. Disponible en una amplia gama de colores.",black,11,in stock,unisex,SHOVANBLA011
37938296488106,VANS | SH-8 HI (10 / negro),http://doofinder-demo.myshopify.com/products/vans-sh-8-hi?variant=37938296488106,https://demo-feed.doofinder.com/images/4e151d7b538e5aba66295f3a5d67b1f4.jpg,129.95,,VANS,Shoes,"Vans es un referente indiscutible de la cultura skate y el street style, y esta zapatilla de skate no es una excepción. Lanzada a principios de los años 70, la Vans SK8 Hi fue responsable de la reducción de lesiones de tobillo en el mundo del skate gracias a su soporte extra acolchado en el tobillo, aunque su popularidad ha crecido en diferentes escenas culturales. La Vans SK8 Hi True White está fabricada con una combinación de lona y ante, y cuenta con el característico detalle de la franja lateral y la suela vulcanizada tipo gofre. Disponible en una amplia gama de colores.",black,10,in stock,unisex,SHOVANBLA010
37938296455338,VANS | SH-8 HI (9 / negro),http://doofinder-demo.myshopify.com/products/vans-sh-8-hi?variant=37938296455338,https://demo-feed.doofinder.com/images/4e151d7b538e5aba66295f3a5d67b1f4.jpg,129.95,,VANS,Shoes,"Vans es un referente indiscutible de la cultura skate y el street style, y esta zapatilla de skate no es una excepción. Lanzada a principios de los años 70, la Vans SK8 Hi fue responsable de la reducción de lesiones de tobillo en el mundo del skate gracias a su soporte extra acolchado en el tobillo, aunque su popularidad ha crecido en diferentes escenas culturales. La Vans SK8 Hi True White está fabricada con una combinación de lona y ante, y cuenta con el característico detalle de la franja lateral y la suela vulcanizada tipo gofre. Disponible en una amplia gama de colores.",black,9,in stock,unisex,SHOVANBLA009
37938296422570,VANS | SH-8 HI (8 / negro),http://doofinder-demo.myshopify.com/products/vans-sh-8-hi?variant=37938296422570,https://demo-feed.doofinder.com/images/4e151d7b538e5aba66295f3a5d67b1f4.jpg,129.95,,VANS,Shoes,"Vans es un referente indiscutible de la cultura skate y el street style, y esta zapatilla de skate no es una excepción. Lanzada a principios de los años 70, la Vans SK8 Hi fue responsable de la reducción de lesiones de tobillo en el mundo del skate gracias a su soporte extra acolchado en el tobillo, aunque su popularidad ha crecido en diferentes escenas culturales. La Vans SK8 Hi True White está fabricada con una combinación de lona y ante, y cuenta con el característico detalle de la franja lateral y la suela vulcanizada tipo gofre. Disponible en una amplia gama de colores.",black,8,in stock,unisex,SHOVANBLA008
37938296389802,VANS | SH-8 HI (7 / negro),http://doofinder-demo.myshopify.com/products/vans-sh-8-hi?variant=37938296389802,https://demo-feed.doofinder.com/images/4e151d7b538e5aba66295f3a5d67b1f4.jpg,129.95,,VANS,Shoes,"Vans es un referente indiscutible de la cultura skate y el street style, y esta zapatilla de skate no es una excepción. Lanzada a principios de los años 70, la Vans SK8 Hi fue responsable de la reducción de lesiones de tobillo en el mundo del skate gracias a su soporte extra acolchado en el tobillo, aunque su popularidad ha crecido en diferentes escenas culturales. La Vans SK8 Hi True White está fabricada con una combinación de lona y ante, y cuenta con el característico detalle de la franja lateral y la suela vulcanizada tipo gofre. Disponible en una amplia gama de colores.",black,7,in stock,unisex,SHOVANBLA007
37938296357034,VANS | SH-8 HI (6 / negro),http://doofinder-demo.myshopify.com/products/vans-sh-8-hi?variant=37938296357034,https://demo-feed.doofinder.com/images/4e151d7b538e5aba66295f3a5d67b1f4.jpg,129.95,,VANS,Shoes,"Vans es un referente indiscutible de la cultura skate y el street style, y esta zapatilla de skate no es una excepción. Lanzada a principios de los años 70, la Vans SK8 Hi fue responsable de la reducción de lesiones de tobillo en el mundo del skate gracias a su soporte extra acolchado en el tobillo, aunque su popularidad ha crecido en diferentes escenas culturales. La Vans SK8 Hi True White está fabricada con una combinación de lona y ante, y cuenta con el característico detalle de la franja lateral y la suela vulcanizada tipo gofre. Disponible en una amplia gama de colores.",black,6,in stock,unisex,SHOVANBLA006
37938296324266,VANS | SH-8 HI (5 / negro),http://doofinder-demo.myshopify.com/products/vans-sh-8-hi?variant=37938296324266,https://demo-feed.doofinder.com/images/4e151d7b538e5aba66295f3a5d67b1f4.jpg,129.95,,VANS,Shoes,"Vans es un referente indiscutible de la cultura skate y el street style, y esta zapatilla de skate no es una excepción. Lanzada a principios de los años 70, la Vans SK8 Hi fue responsable de la reducción de lesiones de tobillo en el mundo del skate gracias a su soporte extra acolchado en el tobillo, aunque su popularidad ha crecido en diferentes escenas culturales. La Vans SK8 Hi True White está fabricada con una combinación de lona y ante, y cuenta con el característico detalle de la franja lateral y la suela vulcanizada tipo gofre. Disponible en una amplia gama de colores.",black,5,in stock,unisex,SHOVANBLA005
37938296258730,VANS | SH-8 HI (4 / negro),http://doofinder-demo.myshopify.com/products/vans-sh-8-hi?variant=37938296258730,https://demo-feed.doofinder.com/images/4e151d7b538e5aba66295f3a5d67b1f4.jpg,129.95,,VANS,Shoes,"Vans es un referente indiscutible de la cultura skate y el street style, y esta zapatilla de skate no es una excepción. Lanzada a principios de los años 70, la Vans SK8 Hi fue responsable de la reducción de lesiones de tobillo en el mundo del skate gracias a su soporte extra acolchado en el tobillo, aunque su popularidad ha crecido en diferentes escenas culturales. La Vans SK8 Hi True White está fabricada con una combinación de lona y ante, y cuenta con el característico detalle de la franja lateral y la suela vulcanizada tipo gofre. Disponible en una amplia gama de colores.",black,4,in stock,unisex,SHOVANBLA004
6170309984426,VANS | OLD SKOOL (BUTTERFLY) TRUE WHITE | BLACK,http://doofinder-demo.myshopify.com/products/vans-old-skool-butterfly-true-white-black,https://demo-feed.doofinder.com/images/cd759395d74526f72c3b0c43c91b4220.jpg,129.95,,VANS,Shoes,"Vans es un referente indiscutible de la cultura skate y el street style, y esta zapatilla de skate no es una excepción. Lanzada en 1977, la Vans Old Skool es un clásico de la colección Vans. Llena de actitud, la Old Skool es duradera y ligera, y puede competir de tú a tú con el resto de modelos de la colección. Fabricada en lona, la Vans Old Skool cuenta con paneles de ante en contraste en la puntera y el talón, además de la icónica franja lateral, todo ello sobre una entresuela robusta.",,,in stock,unisex,SHOVANXXXXXX
37938296815786,VANS | OLD SKOOL (BUTTERFLY) TRUE WHITE | BLACK (9 / blanco),http://doofinder-demo.myshopify.com/products/vans-old-skool-butterfly-true-white-black?variant=37938296815786,https://demo-feed.doofinder.com/images/cd759395d74526f72c3b0c43c91b4220.jpg,129.95,,VANS,Shoes,"Vans es un referente indiscutible de la cultura skate y el street style, y esta zapatilla de skate no es una excepción. Lanzada en 1977, la Vans Old Skool es un clásico de la colección Vans. Llena de actitud, la Old Skool es duradera y ligera, y puede competir de tú a tú con el resto de modelos de la colección. Fabricada en lona, la Vans Old Skool cuenta con paneles de ante en contraste en la puntera y el talón, además de la icónica franja lateral, todo ello sobre una entresuela robusta.",white,9,in stock,unisex,SHOVANWHI009
37938296783018,VANS | OLD SKOOL (BUTTERFLY) TRUE WHITE | BLACK (8 / blanco),http://doofinder-demo.myshopify.com/products/vans-old-skool-butterfly-true-white-black?variant=37938296783018,https://demo-feed.doofinder.com/images/cd759395d74526f72c3b0c43c91b4220.jpg,129.95,,VANS,Shoes,"Vans es un referente indiscutible de la cultura skate y el street style, y esta zapatilla de skate no es una excepción. Lanzada en 1977, la Vans Old Skool es un clásico de la colección Vans. Llena de actitud, la Old Skool es duradera y ligera, y puede competir de tú a tú con el resto de modelos de la colección. Fabricada en lona, la Vans Old Skool cuenta con paneles de ante en contraste en la puntera y el talón, además de la icónica franja lateral, todo ello sobre una entresuela robusta.",white,8,in stock,unisex,SHOVANWHI008
37938296750250,VANS | OLD SKOOL (BUTTERFLY) TRUE WHITE | BLACK (7 / blanco),http://doofinder-demo.myshopify.com/products/vans-old-skool-butterfly-true-white-black?variant=37938296750250,https://demo-feed.doofinder.com/images/cd759395d74526f72c3b0c43c91b4220.jpg,129.95,,VANS,Shoes,"Vans es un referente indiscutible de la cultura skate y el street style, y esta zapatilla de skate no es una excepción. Lanzada en 1977, la Vans Old Skool es un clásico de la colección Vans. Llena de actitud, la Old Skool es duradera y ligera, y puede competir de tú a tú con el resto de modelos de la colección. Fabricada en lona, la Vans Old Skool cuenta con paneles de ante en contraste en la puntera y el talón, además de la icónica franja lateral, todo ello sobre una entresuela robusta.",white,7,in stock,unisex,SHOVANWHI007
37938296717482,VANS | OLD SKOOL (BUTTERFLY) TRUE WHITE | BLACK (6 / blanco),http://doofinder-demo.myshopify.com/products/vans-old-skool-butterfly-true-white-black?variant=37938296717482,https://demo-feed.doofinder.com/images/cd759395d74526f72c3b0c43c91b4220.jpg,129.95,,VANS,Shoes,"Vans es un referente indiscutible de la cultura skate y el street style, y esta zapatilla de skate no es una excepción. Lanzada en 1977, la Vans Old Skool es un clásico de la colección Vans. Llena de actitud, la Old Skool es duradera y ligera, y puede competir de tú a tú con el resto de modelos de la colección. Fabricada en lona, la Vans Old Skool cuenta con paneles de ante en contraste en la puntera y el talón, además de la icónica franja lateral, todo ello sobre una entresuela robusta.",white,6,in stock,unisex,SHOVANWHI006
37938296684714,VANS | OLD SKOOL (BUTTERFLY) TRUE WHITE | BLACK (5 / blanco),http://doofinder-demo.myshopify.com/products/vans-old-skool-butterfly-true-white-black?variant=37938296684714,https://demo-feed.doofinder.com/images/cd759395d74526f72c3b0c43c91b4220.jpg,129.95,,VANS,Shoes,"Vans es un referente indiscutible de la cultura skate y el street style, y esta zapatilla de skate no es una excepción. Lanzada en 1977, la Vans Old Skool es un clásico de la colección Vans. Llena de actitud, la Old Skool es duradera y ligera, y puede competir de tú a tú con el resto de modelos de la colección. Fabricada en lona, la Vans Old Skool cuenta con paneles de ante en contraste en la puntera y el talón, además de la icónica franja lateral, todo ello sobre una entresuela robusta.",white,5,in stock,unisex,SHOVANWHI005
37938296651946,VANS | OLD SKOOL (BUTTERFLY) TRUE WHITE | BLACK (4 / blanco),http://doofinder-demo.myshopify.com/products/vans-old-skool-butterfly-true-white-black?variant=37938296651946,https://demo-feed.doofinder.com/images/cd759395d74526f72c3b0c43c91b4220.jpg,129.95,,VANS,Shoes,"Vans es un referente indiscutible de la cultura skate y el street style, y esta zapatilla de skate no es una excepción. Lanzada en 1977, la Vans Old Skool es un clásico de la colección Vans. Llena de actitud, la Old Skool es duradera y ligera, y puede competir de tú a tú con el resto de modelos de la colección. Fabricada en lona, la Vans Old Skool cuenta con paneles de ante en contraste en la puntera y el talón, además de la icónica franja lateral, todo ello sobre una entresuela robusta.",white,4,in stock,unisex,SHOVANWHI004
6170309820586,VANS | ERA 59 (DESERT COWBOY),http://doofinder-demo.myshopify.com/products/vans-era-59-desert-cowboy,https://demo-feed.doofinder.com/images/b6257e8a4b6a5805da251cb090a82b09.jpg,109.95,,VANS,Shoes,"Vans es un referente indiscutible de la cultura skate y el street style, y la Vans Era 59 no es una excepción. Esta clásica zapatilla de skate con cordones se centra en ofrecer la máxima comodidad y un aspecto genial. Fabricada en lona con detalles en piel que la distinguen de la Era original, cuenta con una plantilla suave, un empeine con doble costura, una lengüeta y un forro acolchados, además de la característica suela de gofre de Vans.",,,in stock,man,SHOVANXXXXXX
37938295996586,VANS | ERA 59 (DESERT COWBOY) (13 / marrón claro),http://doofinder-demo.myshopify.com/products/vans-era-59-desert-cowboy?variant=37938295996586,https://demo-feed.doofinder.com/images/b6257e8a4b6a5805da251cb090a82b09.jpg,109.95,,VANS,Shoes,"Vans es un referente indiscutible de la cultura skate y el street style, y la Vans Era 59 no es una excepción. Esta clásica zapatilla de skate con cordones se centra en ofrecer la máxima comodidad y un aspecto genial. Fabricada en lona con detalles en piel que la distinguen de la Era original, cuenta con una plantilla suave, un empeine con doble costura, una lengüeta y un forro acolchados, además de la característica suela de gofre de Vans.",light_brown,13,in stock,unisex,SHOVANLBR013
37938295963818,VANS | ERA 59 (DESERT COWBOY) (12 / marrón claro),http://doofinder-demo.myshopify.com/products/vans-era-59-desert-cowboy?variant=37938295963818,https://demo-feed.doofinder.com/images/b6257e8a4b6a5805da251cb090a82b09.jpg,109.95,,VANS,Shoes,"Vans es un referente indiscutible de la cultura skate y el street style, y la Vans Era 59 no es una excepción. Esta clásica zapatilla de skate con cordones se centra en ofrecer la máxima comodidad y un aspecto genial. Fabricada en lona con detalles en piel que la distinguen de la Era original, cuenta con una plantilla suave, un empeine con doble costura, una lengüeta y un forro acolchados, además de la característica suela de gofre de Vans.",light_brown,12,in stock,unisex,SHOVANLBR012
37938295931050,VANS | ERA 59 (DESERT COWBOY) (11 / marrón claro),http://doofinder-demo.myshopify.com/products/vans-era-59-desert-cowboy?variant=37938295931050,https://demo-feed.doofinder.com/images/b6257e8a4b6a5805da251cb090a82b09.jpg,109.95,,VANS,Shoes,"Vans es un referente indiscutible de la cultura skate y el street style, y la Vans Era 59 no es una excepción. Esta clásica zapatilla de skate con cordones se centra en ofrecer la máxima comodidad y un aspecto genial. Fabricada en lona con detalles en piel que la distinguen de la Era original, cuenta con una plantilla suave, un empeine con doble costura, una lengüeta y un forro acolchados, además de la característica suela de gofre de Vans.",light_brown,11,in stock,unisex,SHOVANLBR011
37938295898282,VANS | ERA 59 (DESERT COWBOY) (10 / marrón claro),http://doofinder-demo.myshopify.com/products/vans-era-59-desert-cowboy?variant=37938295898282,https://demo-feed.doofinder.com/images/b6257e8a4b6a5805da251cb090a82b09.jpg,109.95,,VANS,Shoes,"Vans es un referente indiscutible de la cultura skate y el street style, y la Vans Era 59 no es una excepción. Esta clásica zapatilla de skate con cordones se centra en ofrecer la máxima comodidad y un aspecto genial. Fabricada en lona con detalles en piel que la distinguen de la Era original, cuenta con una plantilla suave, un empeine con doble costura, una lengüeta y un forro acolchados, además de la característica suela de gofre de Vans.",light_brown,10,in stock,unisex,SHOVANLBR010
37938295865514,VANS | ERA 59 (DESERT COWBOY) (9 / marrón claro),http://doofinder-demo.myshopify.com/products/vans-era-59-desert-cowboy?variant=37938295865514,https://demo-feed.doofinder.com/images/b6257e8a4b6a5805da251cb090a82b09.jpg,109.95,,VANS,Shoes,"Vans es un referente indiscutible de la cultura skate y el street style, y la Vans Era 59 no es una excepción. Esta clásica zapatilla de skate con cordones se centra en ofrecer la máxima comodidad y un aspecto genial. Fabricada en lona con detalles en piel que la distinguen de la Era original, cuenta con una plantilla suave, un empeine con doble costura, una lengüeta y un forro acolchados, además de la característica suela de gofre de Vans.",light_brown,9,in stock,unisex,SHOVANLBR009
6170310115498,VANS | CLASSIC SLIP-ON (ANTE PERFORADO),http://doofinder-demo.myshopify.com/products/vans-classic-slip-on-perforated-suede,https://demo-feed.doofinder.com/images/d0fb461a3a28439eb5a45b2e2fb232bb.jpg,119.95,,VANS,Shoes,"La Classic Slip-On en ante perforado cuenta con un empeine de ante perforado, de perfil bajo y sin cordones, cuellos acolchados, detalles elásticos laterales y las características suelas de goma tipo gofre.",,,in stock,woman,SHOVANXXXXXX
37938297864362,VANS | CLASSIC SLIP-ON (ANTE PERFORADO) (9 / beige),http://doofinder-demo.myshopify.com/products/vans-classic-slip-on-perforated-suede?variant=37938297864362,https://demo-feed.doofinder.com/images/d0fb461a3a28439eb5a45b2e2fb232bb.jpg,119.95,,VANS,Shoes,"La Classic Slip-On en ante perforado cuenta con un empeine de ante perforado, de perfil bajo y sin cordones, cuellos acolchados, detalles elásticos laterales y las características suelas de goma tipo gofre.",beige,9,in stock,woman,SHOVANBEI009
37938297831594,VANS | CLASSIC SLIP-ON (ANTE PERFORADO) (8 / beige),http://doofinder-demo.myshopify.com/products/vans-classic-slip-on-perforated-suede?variant=37938297831594,https://demo-feed.doofinder.com/images/d0fb461a3a28439eb5a45b2e2fb232bb.jpg,119.95,,VANS,Shoes,"La Classic Slip-On en ante perforado cuenta con un empeine de ante perforado, de perfil bajo y sin cordones, cuellos acolchados, detalles elásticos laterales y las características suelas de goma tipo gofre.",beige,8,in stock,woman,SHOVANBEI008
37938297798826,VANS | CLASSIC SLIP-ON (ANTE PERFORADO) (7 / beige),http://doofinder-demo.myshopify.com/products/vans-classic-slip-on-perforated-suede?variant=37938297798826,https://demo-feed.doofinder.com/images/d0fb461a3a28439eb5a45b2e2fb232bb.jpg,119.95,,VANS,Shoes,"La Classic Slip-On en ante perforado cuenta con un empeine de ante perforado, de perfil bajo y sin cordones, cuellos acolchados, detalles elásticos laterales y las características suelas de goma tipo gofre.",beige,7,in stock,woman,SHOVANBEI007
37938297766058,VANS | CLASSIC SLIP-ON (ANTE PERFORADO) (6 / beige),http://doofinder-demo.myshopify.com/products/vans-classic-slip-on-perforated-suede?variant=37938297766058,https://demo-feed.doofinder.com/images/d0fb461a3a28439eb5a45b2e2fb232bb.jpg,119.95,,VANS,Shoes,"La Classic Slip-On en ante perforado cuenta con un empeine de ante perforado, de perfil bajo y sin cordones, cuellos acolchados, detalles elásticos laterales y las características suelas de goma tipo gofre.",beige,6,in stock,woman,SHOVANBEI006
37938297733290,VANS | CLASSIC SLIP-ON (ANTE PERFORADO) (5 / beige),http://doofinder-demo.myshopify.com/products/vans-classic-slip-on-perforated-suede?variant=37938297733290,https://demo-feed.doofinder.com/images/d0fb461a3a28439eb5a45b2e2fb232bb.jpg,119.95,,VANS,Shoes,"La Classic Slip-On en ante perforado cuenta con un empeine de ante perforado, de perfil bajo y sin cordones, cuellos acolchados, detalles elásticos laterales y las características suelas de goma tipo gofre.",beige,5,in stock,woman,SHOVANBEI005
37938297700522,VANS | CLASSIC SLIP-ON (ANTE PERFORADO) (4 / beige),http://doofinder-demo.myshopify.com/products/vans-classic-slip-on-perforated-suede?variant=37938297700522,https://demo-feed.doofinder.com/images/d0fb461a3a28439eb5a45b2e2fb232bb.jpg,119.95,,VANS,Shoes,"La Classic Slip-On en ante perforado cuenta con un empeine de ante perforado, de perfil bajo y sin cordones, cuellos acolchados, detalles elásticos laterales y las características suelas de goma tipo gofre.",beige,4,in stock,woman,SHOVANBEI004
6170309263530,VANS | AUTHENTIC | (MULTI EYELETS) | GRADIENT/CRIMSON,http://doofinder-demo.myshopify.com/products/vans-authentic-multi-eyelets-gradient-crimson,https://demo-feed.doofinder.com/images/d841f71ea6845bf6005453e15a18c632.jpg,99.95,,VANS,Shoes,"La precursora de la familia Vans, la Vans Authentic se lanzó en 1966 y, casi cuatro décadas después, sigue tan vigente como siempre, con una popularidad que se ha extendido desde sus primeros fans —skaters y surfistas— hasta todo tipo de públicos. La Vans Authentic está fabricada en lona y cuenta con la característica construcción de suela de goma tipo gofre de Vans.",,,out of stock,woman,SHOVANXXXXXX
37938291671210,VANS | AUTHENTIC | (MULTI EYELETS) | GRADIENT/CRIMSON (9 / rojo),http://doofinder-demo.myshopify.com/products/vans-authentic-multi-eyelets-gradient-crimson?variant=37938291671210,https://demo-feed.doofinder.com/images/d841f71ea6845bf6005453e15a18c632.jpg,99.95,,VANS,Shoes,"La precursora de la familia Vans, la Vans Authentic se lanzó en 1966 y, casi cuatro décadas después, sigue tan vigente como siempre, con una popularidad que se ha extendido desde sus primeros fans —skaters y surfistas— hasta todo tipo de públicos. La Vans Authentic está fabricada en lona y cuenta con la característica construcción de suela de goma tipo gofre de Vans.",red,9,out of stock,woman,SHOVANRED009
37938291638442,VANS | AUTHENTIC | (MULTI EYELETS) | GRADIENT/CRIMSON (8 / rojo),http://doofinder-demo.myshopify.com/products/vans-authentic-multi-eyelets-gradient-crimson?variant=37938291638442,https://demo-feed.doofinder.com/images/d841f71ea6845bf6005453e15a18c632.jpg,99.95,,VANS,Shoes,"La precursora de la familia Vans, la Vans Authentic se lanzó en 1966 y, casi cuatro décadas después, sigue tan vigente como siempre, con una popularidad que se ha extendido desde sus primeros fans —skaters y surfistas— hasta todo tipo de públicos. La Vans Authentic está fabricada en lona y cuenta con la característica construcción de suela de goma tipo gofre de Vans.",red,8,out of stock,woman,SHOVANRED008
37938291605674,VANS | AUTHENTIC | (MULTI EYELETS) | GRADIENT/CRIMSON (7 / rojo),http://doofinder-demo.myshopify.com/products/vans-authentic-multi-eyelets-gradient-crimson?variant=37938291605674,https://demo-feed.doofinder.com/images/d841f71ea6845bf6005453e15a18c632.jpg,99.95,,VANS,Shoes,"La precursora de la familia Vans, la Vans Authentic se lanzó en 1966 y, casi cuatro décadas después, sigue tan vigente como siempre, con una popularidad que se ha extendido desde sus primeros fans —skaters y surfistas— hasta todo tipo de públicos. La Vans Authentic está fabricada en lona y cuenta con la característica construcción de suela de goma tipo gofre de Vans.",red,7,out of stock,woman,SHOVANRED007
37938291572906,VANS | AUTHENTIC | (MULTI EYELETS) | GRADIENT/CRIMSON (6 / rojo),http://doofinder-demo.myshopify.com/products/vans-authentic-multi-eyelets-gradient-crimson?variant=37938291572906,https://demo-feed.doofinder.com/images/d841f71ea6845bf6005453e15a18c632.jpg,99.95,,VANS,Shoes,"La precursora de la familia Vans, la Vans Authentic se lanzó en 1966 y, casi cuatro décadas después, sigue tan vigente como siempre, con una popularidad que se ha extendido desde sus primeros fans —skaters y surfistas— hasta todo tipo de públicos. La Vans Authentic está fabricada en lona y cuenta con la característica construcción de suela de goma tipo gofre de Vans.",red,6,out of stock,woman,SHOVANRED006
37938291540138,VANS | AUTHENTIC | (MULTI EYELETS) | GRADIENT/CRIMSON (5 / rojo),http://doofinder-demo.myshopify.com/products/vans-authentic-multi-eyelets-gradient-crimson?variant=37938291540138,https://demo-feed.doofinder.com/images/d841f71ea6845bf6005453e15a18c632.jpg,99.95,,VANS,Shoes,"La precursora de la familia Vans, la Vans Authentic se lanzó en 1966 y, casi cuatro décadas después, sigue tan vigente como siempre, con una popularidad que se ha extendido desde sus primeros fans —skaters y surfistas— hasta todo tipo de públicos. La Vans Authentic está fabricada en lona y cuenta con la característica construcción de suela de goma tipo gofre de Vans.",red,5,out of stock,woman,SHOVANRED005
6170309329066,VANS | AUTHENTIC (BUTTERFLY) TRUE | WHITE / BLACK,http://doofinder-demo.myshopify.com/products/vans-authentic-butterfly-true-white-black,https://demo-feed.doofinder.com/images/883c6488076367d30ddd8481164ec7e2.jpg,109.95,,VANS,Shoes,"La precursora de la familia Vans, la Vans Authentic se lanzó en 1966 y, casi cuatro décadas después, sigue tan vigente como siempre, con una popularidad que se ha extendido desde sus primeros fans —skaters y surfistas— hasta todo tipo de públicos. La Vans Authentic está fabricada en lona y cuenta con la característica construcción de suela de goma tipo gofre de Vans.",,,in stock,unisex,SHOVANXXXXXX
37938292916394,VANS | AUTHENTIC (BUTTERFLY) TRUE | WHITE / BLACK (9 / blanco),http://doofinder-demo.myshopify.com/products/vans-authentic-butterfly-true-white-black?variant=37938292916394,https://demo-feed.doofinder.com/images/883c6488076367d30ddd8481164ec7e2.jpg,109.95,,VANS,Shoes,"La precursora de la familia Vans, la Vans Authentic se lanzó en 1966 y, casi cuatro décadas después, sigue tan vigente como siempre, con una popularidad que se ha extendido desde sus primeros fans —skaters y surfistas— hasta todo tipo de públicos. La Vans Authentic está fabricada en lona y cuenta con la característica construcción de suela de goma tipo gofre de Vans.",white,9,in stock,unisex,SHOVANWHI009
37938292883626,VANS | AUTHENTIC (BUTTERFLY) TRUE | WHITE / BLACK (8 / blanco),http://doofinder-demo.myshopify.com/products/vans-authentic-butterfly-true-white-black?variant=37938292883626,https://demo-feed.doofinder.com/images/883c6488076367d30ddd8481164ec7e2.jpg,109.95,,VANS,Shoes,"La precursora de la familia Vans, la Vans Authentic se lanzó en 1966 y, casi cuatro décadas después, sigue tan vigente como siempre, con una popularidad que se ha extendido desde sus primeros fans —skaters y surfistas— hasta todo tipo de públicos. La Vans Authentic está fabricada en lona y cuenta con la característica construcción de suela de goma tipo gofre de Vans.",white,8,in stock,unisex,SHOVANWHI008
37938292850858,VANS | AUTHENTIC (BUTTERFLY) TRUE | WHITE / BLACK (7 / blanco),http://doofinder-demo.myshopify.com/products/vans-authentic-butterfly-true-white-black?variant=37938292850858,https://demo-feed.doofinder.com/images/883c6488076367d30ddd8481164ec7e2.jpg,109.95,,VANS,Shoes,"La precursora de la familia Vans, la Vans Authentic se lanzó en 1966 y, casi cuatro décadas después, sigue tan vigente como siempre, con una popularidad que se ha extendido desde sus primeros fans —skaters y surfistas— hasta todo tipo de públicos. La Vans Authentic está fabricada en lona y cuenta con la característica construcción de suela de goma tipo gofre de Vans.",white,7,in stock,unisex,SHOVANWHI007
37938292818090,VANS | AUTHENTIC (BUTTERFLY) TRUE | WHITE / BLACK (6 / blanco),http://doofinder-demo.myshopify.com/products/vans-authentic-butterfly-true-white-black?variant=37938292818090,https://demo-feed.doofinder.com/images/883c6488076367d30ddd8481164ec7e2.jpg,109.95,,VANS,Shoes,"La precursora de la familia Vans, la Vans Authentic se lanzó en 1966 y, casi cuatro décadas después, sigue tan vigente como siempre, con una popularidad que se ha extendido desde sus primeros fans —skaters y surfistas— hasta todo tipo de públicos. La Vans Authentic está fabricada en lona y cuenta con la característica construcción de suela de goma tipo gofre de Vans.",white,6,in stock,unisex,SHOVANWHI006
37938292785322,VANS | AUTHENTIC (BUTTERFLY) TRUE | WHITE / BLACK (5 / blanco),http://doofinder-demo.myshopify.com/products/vans-authentic-butterfly-true-white-black?variant=37938292785322,https://demo-feed.doofinder.com/images/883c6488076367d30ddd8481164ec7e2.jpg,109.95,,VANS,Shoes,"La precursora de la familia Vans, la Vans Authentic se lanzó en 1966 y, casi cuatro décadas después, sigue tan vigente como siempre, con una popularidad que se ha extendido desde sus primeros fans —skaters y surfistas— hasta todo tipo de públicos. La Vans Authentic está fabricada en lona y cuenta con la característica construcción de suela de goma tipo gofre de Vans.",white,5,in stock,unisex,SHOVANWHI005
37938292752554,VANS | AUTHENTIC (BUTTERFLY) TRUE | WHITE / BLACK (4 / blanco),http://doofinder-demo.myshopify.com/products/vans-authentic-butterfly-true-white-black?variant=37938292752554,https://demo-feed.doofinder.com/images/883c6488076367d30ddd8481164ec7e2.jpg,109.95,,VANS,Shoes,"La precursora de la familia Vans, la Vans Authentic se lanzó en 1966 y, casi cuatro décadas después, sigue tan vigente como siempre, con una popularidad que se ha extendido desde sus primeros fans —skaters y surfistas— hasta todo tipo de públicos. La Vans Authentic está fabricada en lona y cuenta con la característica construcción de suela de goma tipo gofre de Vans.",white,4,in stock,unisex,SHOVANWHI004
6170309361834,VANS | ERA 59 MOROCCAN | GEO/DRESS BLUES,http://doofinder-demo.myshopify.com/products/vans-era-59-moroccan-geo-dress-blues,https://demo-feed.doofinder.com/images/7902bf65776d504e75f86c8e8781d802.jpg,119.95,,VANS,Shoes,"Vans es un referente indiscutible de la cultura skate y el street style, y la Vans Era 59 no es una excepción. Esta clásica zapatilla de skate con cordones se centra en ofrecer la máxima comodidad y un aspecto genial. Fabricada en lona con detalles en piel que la distinguen de la Era original, cuenta con una plantilla suave, un empeine con doble costura, una lengüeta y un forro acolchados, además de la característica suela de gofre de Vans.",,,in stock,unisex,SHOVANXXXXXX
