6170310705322,CONVERSE | TODDLER CHUCK TAYLOR ALL STAR AXEL MID,http://doofinder-demo.myshopify.com/products/converse-toddler-chuck-taylor-all-star-axel-mid,https://demo-feed.doofinder.com/images/9e0022e2f92e19ed96c8f908f2cf1b40.jpg,70.00,61.98,CONVERSE,Shoes,"The Converse Chuck Taylor All Star Axel recasts the iconic original in a refreshed silhouette for a premium look and feel. A no-tie design lets kids slip them on and go, while a rubber outsole delivers reliable traction from the classroom to the playground.",,,in stock,kids,SHOCONXXXXXX
37938302124202,CONVERSE | TODDLER CHUCK TAYLOR ALL STAR AXEL MID (9 / black),http://doofinder-demo.myshopify.com/products/converse-toddler-chuck-taylor-all-star-axel-mid?variant=37938302124202,https://demo-feed.doofinder.com/images/9e0022e2f92e19ed96c8f908f2cf1b40.jpg,70.00,,CONVERSE,Shoes,"The Converse Chuck Taylor All Star Axel recasts the iconic original in a refreshed silhouette for a premium look and feel. A no-tie design lets kids slip them on and go, while a rubber outsole delivers reliable traction from the classroom to the playground.",black,9,in stock,kids,SHOCONBLA009
37938302091434,CONVERSE | TODDLER CHUCK TAYLOR ALL STAR AXEL MID (8 / black),http://doofinder-demo.myshopify.com/products/converse-toddler-chuck-taylor-all-star-axel-mid?variant=37938302091434,https://demo-feed.doofinder.com/images/9e0022e2f92e19ed96c8f908f2cf1b40.jpg,70.00,,CONVERSE,Shoes,"The Converse Chuck Taylor All Star Axel recasts the iconic original in a refreshed silhouette for a premium look and feel. A no-tie design lets kids slip them on and go, while a rubber outsole delivers reliable traction from the classroom to the playground.",black,8,in stock,kids,SHOCONBLA008
37938302058666,CONVERSE | TODDLER CHUCK TAYLOR ALL STAR AXEL MID (7 / black),http://doofinder-demo.myshopify.com/products/converse-toddler-chuck-taylor-all-star-axel-mid?variant=37938302058666,https://demo-feed.doofinder.com/images/9e0022e2f92e19ed96c8f908f2cf1b40.jpg,70.00,,CONVERSE,Shoes,"The Converse Chuck Taylor All Star Axel recasts the iconic original in a refreshed silhouette for a premium look and feel. A no-tie design lets kids slip them on and go, while a rubber outsole delivers reliable traction from the classroom to the playground.",black,7,in stock,kids,SHOCONBLA007
37938302025898,CONVERSE | TODDLER CHUCK TAYLOR ALL STAR AXEL MID (6 / black),http://doofinder-demo.myshopify.com/products/converse-toddler-chuck-taylor-all-star-axel-mid?variant=37938302025898,https://demo-feed.doofinder.com/images/9e0022e2f92e19ed96c8f908f2cf1b40.jpg,70.00,,CONVERSE,Shoes,"The Converse Chuck Taylor All Star Axel recasts the iconic original in a refreshed silhouette for a premium look and feel. A no-tie design lets kids slip them on and go, while a rubber outsole delivers reliable traction from the classroom to the playground.",black,6,in stock,kids,SHOCONBLA006
37938301993130,CONVERSE | TODDLER CHUCK TAYLOR ALL STAR AXEL MID (5 / black),http://doofinder-demo.myshopify.com/products/converse-toddler-chuck-taylor-all-star-axel-mid?variant=37938301993130,https://demo-feed.doofinder.com/images/9e0022e2f92e19ed96c8f908f2cf1b40.jpg,70.00,,CONVERSE,Shoes,"The Converse Chuck Taylor All Star Axel recasts the iconic original in a refreshed silhouette for a premium look and feel. A no-tie design lets kids slip them on and go, while a rubber outsole delivers reliable traction from the classroom to the playground.",black,5,in stock,kids,SHOCONBLA005
6170310574250,CONVERSE | CHUCK TAYLOR ALL STAR LO,http://doofinder-demo.myshopify.com/products/converse-chuck-taylor-all-star-lo,https://demo-feed.doofinder.com/images/fae150570c8ce6ddc4f787bf77b02c95.jpg,100.00,,CONVERSE,Shoes,"The Converse Chuck Taylor All Star II Lo sneaker. Retaining the revolutionary silhouette we all rely on, but now made even better. New features include Lunarlon sockliner, adding cushioning and arch support. Micro-suede lining, premium canvas construction and a padded, non-slip tongue deliver superior comfort and durability. Moulded eyelets add a premium touch. The embossed, screen-printed license plate and embroidered, star-centered ankle patch add striking depth and dimension to recognizable, classic details.",,,out of stock,unisex,SHOCONXXXXXX
37938301141162,CONVERSE | CHUCK TAYLOR ALL STAR LO (13 / white),http://doofinder-demo.myshopify.com/products/converse-chuck-taylor-all-star-lo?variant=37938301141162,https://demo-feed.doofinder.com/images/fae150570c8ce6ddc4f787bf77b02c95.jpg,100.00,,CONVERSE,Shoes,"The Converse Chuck Taylor All Star II Lo sneaker. Retaining the revolutionary silhouette we all rely on, but now made even better. New features include Lunarlon sockliner, adding cushioning and arch support. Micro-suede lining, premium canvas construction and a padded, non-slip tongue deliver superior comfort and durability. Moulded eyelets add a premium touch. The embossed, screen-printed license plate and embroidered, star-centered ankle patch add striking depth and dimension to recognizable, classic details.",white,13,in stock,unisex,SHOCONWHI013
37938301108394,CONVERSE | CHUCK TAYLOR ALL STAR LO (12 / white),http://doofinder-demo.myshopify.com/products/converse-chuck-taylor-all-star-lo?variant=37938301108394,https://demo-feed.doofinder.com/images/fae150570c8ce6ddc4f787bf77b02c95.jpg,100.00,,CONVERSE,Shoes,"The Converse Chuck Taylor All Star II Lo sneaker. Retaining the revolutionary silhouette we all rely on, but now made even better. New features include Lunarlon sockliner, adding cushioning and arch support. Micro-suede lining, premium canvas construction and a padded, non-slip tongue deliver superior comfort and durability. Moulded eyelets add a premium touch. The embossed, screen-printed license plate and embroidered, star-centered ankle patch add striking depth and dimension to recognizable, classic details.",white,12,out of stock,unisex,SHOCONWHI012
37938301075626,CONVERSE | CHUCK TAYLOR ALL STAR LO (11 / white),http://doofinder-demo.myshopify.com/products/converse-chuck-taylor-all-star-lo?variant=37938301075626,https://demo-feed.doofinder.com/images/fae150570c8ce6ddc4f787bf77b02c95.jpg,100.00,,CONVERSE,Shoes,"The Converse Chuck Taylor All Star II Lo sneaker. Retaining the revolutionary silhouette we all rely on, but now made even better. New features include Lunarlon sockliner, adding cushioning and arch support. Micro-suede lining, premium canvas construction and a padded, non-slip tongue deliver superior comfort and durability. Moulded eyelets add a premium touch. The embossed, screen-printed license plate and embroidered, star-centered ankle patch add striking depth and dimension to recognizable, classic details.",white,11,out of stock,unisex,SHOCONWHI011
37938301042858,CONVERSE | CHUCK TAYLOR ALL STAR LO (10 / white),http://doofinder-demo.myshopify.com/products/converse-chuck-taylor-all-star-lo?variant=37938301042858,https://demo-feed.doofinder.com/images/fae150570c8ce6ddc4f787bf77b02c95.jpg,100.00,,CONVERSE,Shoes,"The Converse Chuck Taylor All Star II Lo sneaker. Retaining the revolutionary silhouette we all rely on, but now made even better. New features include Lunarlon sockliner, adding cushioning and arch support. Micro-suede lining, premium canvas construction and a padded, non-slip tongue deliver superior comfort and durability. Moulded eyelets add a premium touch. The embossed, screen-printed license plate and embroidered, star-centered ankle patch add striking depth and dimension to recognizable, classic details.",white,10,out of stock,unisex,SHOCONWHI010
37938301010090,CONVERSE | CHUCK TAYLOR ALL STAR LO (9 / white),http://doofinder-demo.myshopify.com/products/converse-chuck-taylor-all-star-lo?variant=37938301010090,https://demo-feed.doofinder.com/images/fae150570c8ce6ddc4f787bf77b02c95.jpg,100.00,,CONVERSE,Shoes,"The Converse Chuck Taylor All Star II Lo sneaker. Retaining the revolutionary silhouette we all rely on, but now made even better. New features include Lunarlon sockliner, adding cushioning and arch support. Micro-suede lining, premium canvas construction and a padded, non-slip tongue deliver superior comfort and durability. Moulded eyelets add a premium touch. The embossed, screen-printed license plate and embroidered, star-centered ankle patch add striking depth and dimension to recognizable, classic details.",white,9,in stock,unisex,SHOCONWHI009
37938300977322,CONVERSE | CHUCK TAYLOR ALL STAR LO (8 / white),http://doofinder-demo.myshopify.com/products/converse-chuck-taylor-all-star-lo?variant=37938300977322,https://demo-feed.doofinder.com/images/fae150570c8ce6ddc4f787bf77b02c95.jpg,100.00,,CONVERSE,Shoes,"The Converse Chuck Taylor All Star II Lo sneaker. Retaining the revolutionary silhouette we all rely on, but now made even better. New features include Lunarlon sockliner, adding cushioning and arch support. Micro-suede lining, premium canvas construction and a padded, non-slip tongue deliver superior comfort and durability. Moulded eyelets add a premium touch. The embossed, screen-printed license plate and embroidered, star-centered ankle patch add striking depth and dimension to recognizable, classic details.",white,8,in stock,unisex,SHOCONWHI008
37938300944554,CONVERSE | CHUCK TAYLOR ALL STAR LO (7 / white),http://doofinder-demo.myshopify.com/products/converse-chuck-taylor-all-star-lo?variant=37938300944554,https://demo-feed.doofinder.com/images/fae150570c8ce6ddc4f787bf77b02c95.jpg,100.00,,CONVERSE,Shoes,"The Converse Chuck Taylor All Star II Lo sneaker. Retaining the revolutionary silhouette we all rely on, but now made even better. New features include Lunarlon sockliner, adding cushioning and arch support. Micro-suede lining, premium canvas construction and a padded, non-slip tongue deliver superior comfort and durability. Moulded eyelets add a premium touch. The embossed, screen-printed license plate and embroidered, star-centered ankle patch add striking depth and dimension to recognizable, classic details.",white,7,out of stock,unisex,SHOCONWHI007
37938300911786,CONVERSE | CHUCK TAYLOR ALL STAR LO (6 / white),http://doofinder-demo.myshopify.com/products/converse-chuck-taylor-all-star-lo?variant=37938300911786,https://demo-feed.doofinder.com/images/fae150570c8ce6ddc4f787bf77b02c95.jpg,100.00,,CONVERSE,Shoes,"The Converse Chuck Taylor All Star II Lo sneaker. Retaining the revolutionary silhouette we all rely on, but now made even better. New features include Lunarlon sockliner, adding cushioning and arch support. Micro-suede lining, premium canvas construction and a padded, non-slip tongue deliver superior comfort and durability. Moulded eyelets add a premium touch. The embossed, screen-printed license plate and embroidered, star-centered ankle patch add striking depth and dimension to recognizable, classic details.",white,6,in stock,unisex,SHOCONWHI006
37938300879018,CONVERSE | CHUCK TAYLOR ALL STAR LO (5 / white),http://doofinder-demo.myshopify.com/products/converse-chuck-taylor-all-star-lo?variant=37938300879018,https://demo-feed.doofinder.com/images/fae150570c8ce6ddc4f787bf77b02c95.jpg,100.00,,CONVERSE,Shoes,"The Converse Chuck Taylor All Star II Lo sneaker. Retaining the revolutionary silhouette we all rely on, but now made even better. New features include Lunarlon sockliner, adding cushioning and arch support. Micro-suede lining, premium canvas construction and a padded, non-slip tongue deliver superior comfort and durability. Moulded eyelets add a premium touch. The embossed, screen-printed license plate and embroidered, star-centered ankle patch add striking depth and dimension to recognizable, classic details.",white,5,out of stock,unisex,SHOCONWHI005
37938300846250,CONVERSE | CHUCK TAYLOR ALL STAR LO (4 / white),http://doofinder-demo.myshopify.com/products/converse-chuck-taylor-all-star-lo?variant=37938300846250,https://demo-feed.doofinder.com/images/fae150570c8ce6ddc4f787bf77b02c95.jpg,100.00,,CONVERSE,Shoes,"The Converse Chuck Taylor All Star II Lo sneaker. Retaining the revolutionary silhouette we all rely on, but now made even better. New features include Lunarlon sockliner, adding cushioning and arch support. Micro-suede lining, premium canvas construction and a padded, non-slip tongue deliver superior comfort and durability. Moulded eyelets add a premium touch. The embossed, screen-printed license plate and embroidered, star-centered ankle patch add striking depth and dimension to recognizable, classic details.",white,4,in stock,unisex,SHOCONWHI004
37938300813482,CONVERSE | CHUCK TAYLOR ALL STAR LO (3 / white),http://doofinder-demo.myshopify.com/products/converse-chuck-taylor-all-star-lo?variant=37938300813482,https://demo-feed.doofinder.com/images/fae150570c8ce6ddc4f787bf77b02c95.jpg,100.00,,CONVERSE,Shoes,"The Converse Chuck Taylor All Star II Lo sneaker. Retaining the revolutionary silhouette we all rely on, but now made even better. New features include Lunarlon sockliner, adding cushioning and arch support. Micro-suede lining, premium canvas construction and a padded, non-slip tongue deliver superior comfort and durability. Moulded eyelets add a premium touch. The embossed, screen-printed license plate and embroidered, star-centered ankle patch add striking depth and dimension to recognizable, classic details.",white,3,in stock,unisex,SHOCONWHI003
6170310672554,CONVERSE | CHUCK TAYLOR ALL STAR II HI,http://doofinder-demo.myshopify.com/products/converse-chuck-taylor-all-star-ii-hi,https://demo-feed.doofinder.com/images/23550440c4ccab05e4fc1ebd85e742cc.jpg,140.00,77.19,CONVERSE,Shoes,"Introducing the Converse Chuck Taylor All Star II Hi sneaker. Retaining the revolutionary silhouette we all rely on, but now made ever better. New features include Lunarlon sockliner adds cushioning and arch support. Micro-suede lining, premium textured shield canvas construction and a padded, non-slip tongue deliver superior comfort and durability. Moulded eyelets add a premium touch. The embossed, screen-printed license plate and embroidered, star-centered ankle patch add striking depth and dimension to recognizable, classic details.",,,in stock,unisex,SHOCONXXXXXX
37938301960362,CONVERSE | CHUCK TAYLOR ALL STAR II HI (13 / black),http://doofinder-demo.myshopify.com/products/converse-chuck-taylor-all-star-ii-hi?variant=37938301960362,https://demo-feed.doofinder.com/images/23550440c4ccab05e4fc1ebd85e742cc.jpg,140.00,,CONVERSE,Shoes,"Introducing the Converse Chuck Taylor All Star II Hi sneaker. Retaining the revolutionary silhouette we all rely on, but now made ever better. New features include Lunarlon sockliner adds cushioning and arch support. Micro-suede lining, premium textured shield canvas construction and a padded, non-slip tongue deliver superior comfort and durability. Moulded eyelets add a premium touch. The embossed, screen-printed license plate and embroidered, star-centered ankle patch add striking depth and dimension to recognizable, classic details.",black,13,out of stock,unisex,SHOCONBLA013
37938301927594,CONVERSE | CHUCK TAYLOR ALL STAR II HI (11 / black),http://doofinder-demo.myshopify.com/products/converse-chuck-taylor-all-star-ii-hi?variant=37938301927594,https://demo-feed.doofinder.com/images/23550440c4ccab05e4fc1ebd85e742cc.jpg,140.00,,CONVERSE,Shoes,"Introducing the Converse Chuck Taylor All Star II Hi sneaker. Retaining the revolutionary silhouette we all rely on, but now made ever better. New features include Lunarlon sockliner adds cushioning and arch support. Micro-suede lining, premium textured shield canvas construction and a padded, non-slip tongue deliver superior comfort and durability. Moulded eyelets add a premium touch. The embossed, screen-printed license plate and embroidered, star-centered ankle patch add striking depth and dimension to recognizable, classic details.",black,11,out of stock,unisex,SHOCONBLA011
37938301894826,CONVERSE | CHUCK TAYLOR ALL STAR II HI (9 / black),http://doofinder-demo.myshopify.com/products/converse-chuck-taylor-all-star-ii-hi?variant=37938301894826,https://demo-feed.doofinder.com/images/23550440c4ccab05e4fc1ebd85e742cc.jpg,140.00,,CONVERSE,Shoes,"Introducing the Converse Chuck Taylor All Star II Hi sneaker. Retaining the revolutionary silhouette we all rely on, but now made ever better. New features include Lunarlon sockliner adds cushioning and arch support. Micro-suede lining, premium textured shield canvas construction and a padded, non-slip tongue deliver superior comfort and durability. Moulded eyelets add a premium touch. The embossed, screen-printed license plate and embroidered, star-centered ankle patch add striking depth and dimension to recognizable, classic details.",black,9,out of stock,unisex,SHOCONBLA009
37938301862058,CONVERSE | CHUCK TAYLOR ALL STAR II HI (7 / black),http://doofinder-demo.myshopify.com/products/converse-chuck-taylor-all-star-ii-hi?variant=37938301862058,https://demo-feed.doofinder.com/images/23550440c4ccab05e4fc1ebd85e742cc.jpg,140.00,,CONVERSE,Shoes,"Introducing the Converse Chuck Taylor All Star II Hi sneaker. Retaining the revolutionary silhouette we all rely on, but now made ever better. New features include Lunarlon sockliner adds cushioning and arch support. Micro-suede lining, premium textured shield canvas construction and a padded, non-slip tongue deliver superior comfort and durability. Moulded eyelets add a premium touch. The embossed, screen-printed license plate and embroidered, star-centered ankle patch add striking depth and dimension to recognizable, classic details.",black,7,in stock,unisex,SHOCONBLA007
37938301829290,CONVERSE | CHUCK TAYLOR ALL STAR II HI (6 / black),http://doofinder-demo.myshopify.com/products/converse-chuck-taylor-all-star-ii-hi?variant=37938301829290,https://demo-feed.doofinder.com/images/23550440c4ccab05e4fc1ebd85e742cc.jpg,140.00,,CONVERSE,Shoes,"Introducing the Converse Chuck Taylor All Star II Hi sneaker. Retaining the revolutionary silhouette we all rely on, but now made ever better. New features include Lunarlon sockliner adds cushioning and arch support. Micro-suede lining, premium textured shield canvas construction and a padded, non-slip tongue deliver superior comfort and durability. Moulded eyelets add a premium touch. The embossed, screen-printed license plate and embroidered, star-centered ankle patch add striking depth and dimension to recognizable, classic details.",black,6,in stock,unisex,SHOCONBLA006
37938301796522,CONVERSE | CHUCK TAYLOR ALL STAR II HI (5 / black),http://doofinder-demo.myshopify.com/products/converse-chuck-taylor-all-star-ii-hi?variant=37938301796522,https://demo-feed.doofinder.com/images/23550440c4ccab05e4fc1ebd85e742cc.jpg,140.00,132.30,CONVERSE,Shoes,"Introducing the Converse Chuck Taylor All Star II Hi sneaker. Retaining the revolutionary silhouette we all rely on, but now made ever better. New features include Lunarlon sockliner adds cushioning and arch support. Micro-suede lining, premium textured shield canvas construction and a padded, non-slip tongue deliver superior comfort and durability. Moulded eyelets add a premium touch. The embossed, screen-printed license plate and embroidered, star-centered ankle patch add striking depth and dimension to recognizable, classic details.",black,5,in stock,unisex,SHOCONBLA005
37938301763754,CONVERSE | CHUCK TAYLOR ALL STAR II HI (4 / black),http://doofinder-demo.myshopify.com/products/converse-chuck-taylor-all-star-ii-hi?variant=37938301763754,https://demo-feed.doofinder.com/images/23550440c4ccab05e4fc1ebd85e742cc.jpg,140.00,,CONVERSE,Shoes,"Introducing the Converse Chuck Taylor All Star II Hi sneaker. Retaining the revolutionary silhouette we all rely on, but now made ever better. New features include Lunarlon sockliner adds cushioning and arch support. Micro-suede lining, premium textured shield canvas construction and a padded, non-slip tongue deliver superior comfort and durability. Moulded eyelets add a premium touch. The embossed, screen-printed license plate and embroidered, star-centered ankle patch add striking depth and dimension to recognizable, classic details.",black,4,in stock,unisex,SHOCONBLA004
6170309525674,ASICS TIGER | GEL-LYTE V '30 YEARS OF GEL' PACK,http://doofinder-demo.myshopify.com/products/asics-tiger-gel-lyte-v-30-years-of-gel-pack,https://demo-feed.doofinder.com/images/343bfbfc1a10a39a528a3d34367669c2.jpg,300.00,,ASICS TIGER,Shoes,"The iconic ASICS Tiger GEL-Lyte III was originally released in 1990. Having over two decades of performance heritage, it offers fine design detailing and a padded split tongue to eliminate tongue movement, built on a sleek silhouette. It comes as no surprise the Gel-Lyte III is a fast growing popular choice for sneaker enthusiasts all over the world.",,,in stock,unisex,SHOASIXXXXXX
37938294358186,ASICS TIGER | GEL-LYTE V '30 YEARS OF GEL' PACK (14 / black),http://doofinder-demo.myshopify.com/products/asics-tiger-gel-lyte-v-30-years-of-gel-pack?variant=37938294358186,https://demo-feed.doofinder.com/images/343bfbfc1a10a39a528a3d34367669c2.jpg,300.00,,ASICS TIGER,Shoes,"The iconic ASICS Tiger GEL-Lyte III was originally released in 1990. Having over two decades of performance heritage, it offers fine design detailing and a padded split tongue to eliminate tongue movement, built on a sleek silhouette. It comes as no surprise the Gel-Lyte III is a fast growing popular choice for sneaker enthusiasts all over the world.",black,14,in stock,unisex,SHOASIBLA014
37938294325418,ASICS TIGER | GEL-LYTE V '30 YEARS OF GEL' PACK (8 / black),http://doofinder-demo.myshopify.com/products/asics-tiger-gel-lyte-v-30-years-of-gel-pack?variant=37938294325418,https://demo-feed.doofinder.com/images/343bfbfc1a10a39a528a3d34367669c2.jpg,300.00,,ASICS TIGER,Shoes,"The iconic ASICS Tiger GEL-Lyte III was originally released in 1990. Having over two decades of performance heritage, it offers fine design detailing and a padded split tongue to eliminate tongue movement, built on a sleek silhouette. It comes as no surprise the Gel-Lyte III is a fast growing popular choice for sneaker enthusiasts all over the world.",black,8,in stock,unisex,SHOASIBLA008
37938294292650,ASICS TIGER | GEL-LYTE V '30 YEARS OF GEL' PACK (4 / black),http://doofinder-demo.myshopify.com/products/asics-tiger-gel-lyte-v-30-years-of-gel-pack?variant=37938294292650,https://demo-feed.doofinder.com/images/343bfbfc1a10a39a528a3d34367669c2.jpg,600.00,489.96,ASICS TIGER,Shoes,"The iconic ASICS Tiger GEL-Lyte III was originally released in 1990. Having over two decades of performance heritage, it offers fine design detailing and a padded split tongue to eliminate tongue movement, built on a sleek silhouette. It comes as no surprise the Gel-Lyte III is a fast growing popular choice for sneaker enthusiasts all over the world.",black,4,in stock,unisex,SHOASIBLA004
6170309755050,ADIDAS | SUPERSTAR 80S,http://doofinder-demo.myshopify.com/products/adidas-superstar-80s,https://demo-feed.doofinder.com/images/44694ee386818f3276566210464cf341.jpg,9.99,,ADIDAS,Shoes,"There's a shell toe for every season, and the adidas Originals Superstar 80s shoes have a full grain leather upper with a shiny badge on the tongue that makes these shoes ready for any time of year.",,,in stock,man,SHOADIXXXXXX
37938295767210,ADIDAS | SUPERSTAR 80S (12 / white),http://doofinder-demo.myshopify.com/products/adidas-superstar-80s?variant=37938295767210,https://demo-feed.doofinder.com/images/44694ee386818f3276566210464cf341.jpg,180.00,,ADIDAS,Shoes,"There's a shell toe for every season, and the adidas Originals Superstar 80s shoes have a full grain leather upper with a shiny badge on the tongue that makes these shoes ready for any time of year.",white,12,out of stock,man,SHOADIWHI012
37938295734442,ADIDAS | SUPERSTAR 80S (11 / white),http://doofinder-demo.myshopify.com/products/adidas-superstar-80s?variant=37938295734442,https://demo-feed.doofinder.com/images/44694ee386818f3276566210464cf341.jpg,180.00,,ADIDAS,Shoes,"There's a shell toe for every season, and the adidas Originals Superstar 80s shoes have a full grain leather upper with a shiny badge on the tongue that makes these shoes ready for any time of year.",white,11,in stock,man,SHOADIWHI011
37938295701674,ADIDAS | SUPERSTAR 80S (10 / white),http://doofinder-demo.myshopify.com/products/adidas-superstar-80s?variant=37938295701674,https://demo-feed.doofinder.com/images/44694ee386818f3276566210464cf341.jpg,9.99,,ADIDAS,Shoes,"There's a shell toe for every season, and the adidas Originals Superstar 80s shoes have a full grain leather upper with a shiny badge on the tongue that makes these shoes ready for any time of year.",white,10,in stock,man,SHOADIWHI010
37938295668906,ADIDAS | SUPERSTAR 80S (9 / white),http://doofinder-demo.myshopify.com/products/adidas-superstar-80s?variant=37938295668906,https://demo-feed.doofinder.com/images/44694ee386818f3276566210464cf341.jpg,9.99,8.12,ADIDAS,Shoes,"There's a shell toe for every season, and the adidas Originals Superstar 80s shoes have a full grain leather upper with a shiny badge on the tongue that makes these shoes ready for any time of year.",white,9,out of stock,man,SHOADIWHI009
37938295636138,ADIDAS | SUPERSTAR 80S (7 / white),http://doofinder-demo.myshopify.com/products/adidas-superstar-80s?variant=37938295636138,https://demo-feed.doofinder.com/images/44694ee386818f3276566210464cf341.jpg,9.99,,ADIDAS,Shoes,"There's a shell toe for every season, and the adidas Originals Superstar 80s shoes have a full grain leather upper with a shiny badge on the tongue that makes these shoes ready for any time of year.",white,7,in stock,man,SHOADIWHI007
37938295603370,ADIDAS | SUPERSTAR 80S (6 / white),http://doofinder-demo.myshopify.com/products/adidas-superstar-80s?variant=37938295603370,https://demo-feed.doofinder.com/images/44694ee386818f3276566210464cf341.jpg,9.99,,ADIDAS,Shoes,"There's a shell toe for every season, and the adidas Originals Superstar 80s shoes have a full grain leather upper with a shiny badge on the tongue that makes these shoes ready for any time of year.",white,6,in stock,man,SHOADIWHI006
37938295570602,ADIDAS | SUPERSTAR 80S (5 / white),http://doofinder-demo.myshopify.com/products/adidas-superstar-80s?variant=37938295570602,https://demo-feed.doofinder.com/images/44694ee386818f3276566210464cf341.jpg,9.99,,ADIDAS,Shoes,"There's a shell toe for every season, and the adidas Originals Superstar 80s shoes have a full grain leather upper with a shiny badge on the tongue that makes these shoes ready for any time of year.",white,5,out of stock,man,SHOADIWHI005
6170310836394,ADIDAS | KID'S STAN SMITH,http://doofinder-demo.myshopify.com/products/adidas-kids-stan-smith,https://demo-feed.doofinder.com/images/7883dc186e15bf29dad696e1e989e914.jpg,9.99,,ADIDAS,Shoes,"The Stan Smith owned the tennis court in the '70s. Today it runs the streets with the same clean, classic style. These kids' shoes preserve the iconic look of the original, made in leather with punched 3-Stripes, heel and tongue logos and lightweight step-in cushioning.",,,in stock,kids,SHOADIXXXXXX
37938302681258,ADIDAS | KID'S STAN SMITH (2 / white),http://doofinder-demo.myshopify.com/products/adidas-kids-stan-smith?variant=37938302681258,https://demo-feed.doofinder.com/images/7883dc186e15bf29dad696e1e989e914.jpg,9.99,,ADIDAS,Shoes,"The Stan Smith owned the tennis court in the '70s. Today it runs the streets with the same clean, classic style. These kids' shoes preserve the iconic look of the original, made in leather with punched 3-Stripes, heel and tongue logos and lightweight step-in cushioning.",white,2,in stock,kids,SHOADIWHI002
37938302648490,ADIDAS | KID'S STAN SMITH (1 / white),http://doofinder-demo.myshopify.com/products/adidas-kids-stan-smith?variant=37938302648490,https://demo-feed.doofinder.com/images/7883dc186e15bf29dad696e1e989e914.jpg,9.99,,ADIDAS,Shoes,"The Stan Smith owned the tennis court in the '70s. Today it runs the streets with the same clean, classic style. These kids' shoes preserve the iconic look of the original, made in leather with punched 3-Stripes, heel and tongue logos and lightweight step-in cushioning.",white,1,in stock,kids,SHOADIWHI001
6170311196842,ADIDAS | CLASSIC BACKPACK | LEGEND INK MULTICOLOUR,http://doofinder-demo.myshopify.com/products/adidas-classic-backpack-legend-ink-multicolour,https://demo-feed.doofinder.com/images/8072c8b5718306d4be25aac21836ce16.jpg,9.99,,ADIDAS,Accessories,"The adidas BP Classic Cap features a pre-curved brim to keep your face shaded, while a hook-and-loop adjustable closure provides a comfortable fit. With a 3-Stripes design and reflective accents. The perfect piece to top off any outfit.",,,out of stock,man,ACCADIXXXXXX
37938304712874,ADIDAS | CLASSIC BACKPACK | LEGEND INK MULTICOLOUR (OS / blue),http://doofinder-demo.myshopify.com/products/adidas-classic-backpack-legend-ink-multicolour?variant=37938304712874,https://demo-feed.doofinder.com/images/8072c8b5718306d4be25aac21836ce16.jpg,9.99,,ADIDAS,Accessories,"The adidas BP Classic Cap features a pre-curved brim to keep your face shaded, while a hook-and-loop adjustable closure provides a comfortable fit. With a 3-Stripes design and reflective accents. The perfect piece to top off any outfit.",blue,OS,in stock,man,ACCADIBLUXXX
6170311098538,ADIDAS | CLASSIC BACKPACK,http://doofinder-demo.myshopify.com/products/adidas-classic-backpack,https://demo-feed.doofinder.com/images/85cc58608bf138a50036bcfe86a3a362.jpg,9.99,7.25,ADIDAS,Accessories,"This women's backpack has a glam look, thanks to a faux-leather build with an allover fur print. The front zip pocket keeps small things within reach, while an interior divider reins in potential chaos.",,,in stock,man,ACCADIXXXXXX
37938304286890,ADIDAS | CLASSIC BACKPACK (OS / black),http://doofinder-demo.myshopify.com/products/adidas-classic-backpack?variant=37938304286890,https://demo-feed.doofinder.com/images/85cc58608bf138a50036bcfe86a3a362.jpg,9.99,,ADIDAS,Accessories,"This women's backpack has a glam look, thanks to a faux-leather build with an allover fur print. The front zip pocket keeps small things within reach, while an interior divider reins in potential chaos.",black,OS,in stock,man,ACCADIBLAXXX
6170311000234,FLEX FIT | MINI OTTOMAN BLACK,http://doofinder-demo.myshopify.com/products/flex-fit-mini-ottoman-black,https://demo-feed.doofinder.com/images/6170fd62b8ebee856d0cbdeac874abfd.jpg,29.99,,FLEX FIT,Accessories,Flexfit Mini Ottoman Cap,,,in stock,unisex,ACCFLEXXXXXX
37938303303850,FLEX FIT | MINI OTTOMAN BLACK (xl / black),http://doofinder-demo.myshopify.com/products/flex-fit-mini-ottoman-black?variant=37938303303850,https://demo-feed.doofinder.com/images/6170fd62b8ebee856d0cbdeac874abfd.jpg,29.99,,FLEX FIT,Accessories,Flexfit Mini Ottoman Cap,black,xl,in stock,unisex,ACCFLEBLAXXX
37938303271082,FLEX FIT | MINI OTTOMAN BLACK (l / black),http://doofinder-demo.myshopify.com/products/flex-fit-mini-ottoman-black?variant=37938303271082,https://demo-feed.doofinder.com/images/6170fd62b8ebee856d0cbdeac874abfd.jpg,29.99,,FLEX FIT,Accessories,Flexfit Mini Ottoman Cap,black,l,in stock,unisex,ACCFLEBLAXXX
37938303238314,FLEX FIT | MINI OTTOMAN BLACK (m / black),http://doofinder-demo.myshopify.com/products/flex-fit-mini-ottoman-black?variant=37938303238314,https://demo-feed.doofinder.com/images/6170fd62b8ebee856d0cbdeac874abfd.jpg,29.99,,FLEX FIT,Accessories,Flexfit Mini Ottoman Cap,black,m,in stock,unisex,ACCFLEBLAXXX
37938303205546,FLEX FIT | MINI OTTOMAN BLACK (s / black),http://doofinder-demo.myshopify.com/products/flex-fit-mini-ottoman-black?variant=37938303205546,https://demo-feed.doofinder.com/images/6170fd62b8ebee856d0cbdeac874abfd.jpg,29.99,,FLEX FIT,Accessories,Flexfit Mini Ottoman Cap,black,s,in stock,unisex,ACCFLEBLAXXX
6170310475946,DR MARTENS | CAVENDISH 3-EYE SHOE BLACK,http://doofinder-demo.myshopify.com/products/dr-martens-cavendish-3-eye-shoe-black,https://demo-feed.doofinder.com/images/8d7a6c39d295441c940cb2bacfd34794.jpg,229.00,,DR MARTENS,Shoes,"Make a statement with the Dr Marten's Cavendish 3-Eye shoe. Stamped with Docs trademade look, this lace-up shoe is crafted with high-quality, durable smooth leather, and has been made to last. This unique shoe features an air-cushioned sole offering good abrasion and slip resistance, and is made with Goodyear welt - the sole and upper are heat-sealed and sewn together.",,,in stock,man,SHODRMXXXXXX
37938300190890,DR MARTENS | CAVENDISH 3-EYE SHOE BLACK (9 / black),http://doofinder-demo.myshopify.com/products/dr-martens-cavendish-3-eye-shoe-black?variant=37938300190890,https://demo-feed.doofinder.com/images/8d7a6c39d295441c940cb2bacfd34794.jpg,229.00,,DR MARTENS,Shoes,"Make a statement with the Dr Marten's Cavendish 3-Eye shoe. Stamped with Docs trademade look, this lace-up shoe is crafted with high-quality, durable smooth leather, and has been made to last. This unique shoe features an air-cushioned sole offering good abrasion and slip resistance, and is made with Goodyear welt - the sole and upper are heat-sealed and sewn together.",black,9,out of stock,man,SHODRMBLA009
37938300158122,DR MARTENS | CAVENDISH 3-EYE SHOE BLACK (8 / black),http://doofinder-demo.myshopify.com/products/dr-martens-cavendish-3-eye-shoe-black?variant=37938300158122,https://demo-feed.doofinder.com/images/8d7a6c39d295441c940cb2bacfd34794.jpg,229.00,,DR MARTENS,Shoes,"Make a statement with the Dr Marten's Cavendish 3-Eye shoe. Stamped with Docs trademade look, this lace-up shoe is crafted with high-quality, durable smooth leather, and has been made to last. This unique shoe features an air-cushioned sole offering good abrasion and slip resistance, and is made with Goodyear welt - the sole and upper are heat-sealed and sewn together.",black,8,out of stock,man,SHODRMBLA008
37938300125354,DR MARTENS | CAVENDISH 3-EYE SHOE BLACK (7 / black),http://doofinder-demo.myshopify.com/products/dr-martens-cavendish-3-eye-shoe-black?variant=37938300125354,https://demo-feed.doofinder.com/images/8d7a6c39d295441c940cb2bacfd34794.jpg,229.00,,DR MARTENS,Shoes,"Make a statement with the Dr Marten's Cavendish 3-Eye shoe. Stamped with Docs trademade look, this lace-up shoe is crafted with high-quality, durable smooth leather, and has been made to last. This unique shoe features an air-cushioned sole offering good abrasion and slip resistance, and is made with Goodyear welt - the sole and upper are heat-sealed and sewn together.",black,7,out of stock,man,SHODRMBLA007
37938300092586,DR MARTENS | CAVENDISH 3-EYE SHOE BLACK (6 / black),http://doofinder-demo.myshopify.com/products/dr-martens-cavendish-3-eye-shoe-black?variant=37938300092586,https://demo-feed.doofinder.com/images/8d7a6c39d295441c940cb2bacfd34794.jpg,229.00,,DR MARTENS,Shoes,"Make a statement with the Dr Marten's Cavendish 3-Eye shoe. Stamped with Docs trademade look, this lace-up shoe is crafted with high-quality, durable smooth leather, and has been made to last. This unique shoe features an air-cushioned sole offering good abrasion and slip resistance, and is made with Goodyear welt - the sole and upper are heat-sealed and sewn together.",black,6,out of stock,man,SHODRMBLA006
37938300059818,DR MARTENS | CAVENDISH 3-EYE SHOE BLACK (5 / black),http://doofinder-demo.myshopify.com/products/dr-martens-cavendish-3-eye-shoe-black?variant=37938300059818,https://demo-feed.doofinder.com/images/8d7a6c39d295441c940cb2bacfd34794.jpg,229.00,,DR MARTENS,Shoes,"Make a statement with the Dr Marten's Cavendish 3-Eye shoe. Stamped with Docs trademade look, this lace-up shoe is crafted with high-quality, durable smooth leather, and has been made to last. This unique shoe features an air-cushioned sole offering good abrasion and slip resistance, and is made with Goodyear welt - the sole and upper are heat-sealed and sewn together.",black,5,in stock,man,SHODRMBLA005
37938300027050,DR MARTENS | CAVENDISH 3-EYE SHOE BLACK (4 / black),http://doofinder-demo.myshopify.com/products/dr-martens-cavendish-3-eye-shoe-black?variant=37938300027050,https://demo-feed.doofinder.com/images/8d7a6c39d295441c940cb2bacfd34794.jpg,229.00,,DR MARTENS,Shoes,"Make a statement with the Dr Marten's Cavendish 3-Eye shoe. Stamped with Docs trademade look, this lace-up shoe is crafted with high-quality, durable smooth leather, and has been made to last. This unique shoe features an air-cushioned sole offering good abrasion and slip resistance, and is made with Goodyear welt - the sole and upper are heat-sealed and sewn together.",black,4,out of stock,man,SHODRMBLA004
6170310410410,DR MARTENS | 1461 DMC 3-EYE SHOE | BLACK SMOOTH,http://doofinder-demo.myshopify.com/products/dr-martens-1461-dmc-3-eye-shoe-black-smooth,https://demo-feed.doofinder.com/images/141e61b24821f6212219a381ed19ac8a.jpg,229.00,,DR MARTENS,Shoes,"Make a statement with the iconic Dr Marten's 1461Z DMC 3-Eye shoe. Stamped with Docs trademade look, this lace-up shoe is crafted with high-quality, durable smooth leather, and has been made to last. This unique shoe features an air-cushioned sole offering good abrasion and slip resistance, and is made with Goodyear welt - the sole and upper are heat-sealed and sewn together.",,,out of stock,man,SHODRMXXXXXX
37938299666602,DR MARTENS | 1461 DMC 3-EYE SHOE | BLACK SMOOTH (12 / black),http://doofinder-demo.myshopify.com/products/dr-martens-1461-dmc-3-eye-shoe-black-smooth?variant=37938299666602,https://demo-feed.doofinder.com/images/141e61b24821f6212219a381ed19ac8a.jpg,229.00,,DR MARTENS,Shoes,"Make a statement with the iconic Dr Marten's 1461Z DMC 3-Eye shoe. Stamped with Docs trademade look, this lace-up shoe is crafted with high-quality, durable smooth leather, and has been made to last. This unique shoe features an air-cushioned sole offering good abrasion and slip resistance, and is made with Goodyear welt - the sole and upper are heat-sealed and sewn together.",black,12,in stock,man,SHODRMBLA012
37938299633834,DR MARTENS | 1461 DMC 3-EYE SHOE | BLACK SMOOTH (11 / black),http://doofinder-demo.myshopify.com/products/dr-martens-1461-dmc-3-eye-shoe-black-smooth?variant=37938299633834,https://demo-feed.doofinder.com/images/141e61b24821f6212219a381ed19ac8a.jpg,229.00,,DR MARTENS,Shoes,"Make a statement with the iconic Dr Marten's 1461Z DMC 3-Eye shoe. Stamped with Docs trademade look, this lace-up shoe is crafted with high-quality, durable smooth leather, and has been made to last. This unique shoe features an air-cushioned sole offering good abrasion and slip resistance, and is made with Goodyear welt - the sole and upper are heat-sealed and sewn together.",black,11,in stock,man,SHODRMBLA011
37938299601066,DR MARTENS | 1461 DMC 3-EYE SHOE | BLACK SMOOTH (10 / black),http://doofinder-demo.myshopify.com/products/dr-martens-1461-dmc-3-eye-shoe-black-smooth?variant=37938299601066,https://demo-feed.doofinder.com/images/141e61b24821f6212219a381ed19ac8a.jpg,229.00,,DR MARTENS,Shoes,"Make a statement with the iconic Dr Marten's 1461Z DMC 3-Eye shoe. Stamped with Docs trademade look, this lace-up shoe is crafted with high-quality, durable smooth leather, and has been made to last. This unique shoe features an air-cushioned sole offering good abrasion and slip resistance, and is made with Goodyear welt - the sole and upper are heat-sealed and sewn together.",black,10,in stock,man,SHODRMBLA010
37938299568298,DR MARTENS | 1461 DMC 3-EYE SHOE | BLACK SMOOTH (9 / black),http://doofinder-demo.myshopify.com/products/dr-martens-1461-dmc-3-eye-shoe-black-smooth?variant=37938299568298,https://demo-feed.doofinder.com/images/141e61b24821f6212219a381ed19ac8a.jpg,229.00,,DR MARTENS,Shoes,"Make a statement with the iconic Dr Marten's 1461Z DMC 3-Eye shoe. Stamped with Docs trademade look, this lace-up shoe is crafted with high-quality, durable smooth leather, and has been made to last. This unique shoe features an air-cushioned sole offering good abrasion and slip resistance, and is made with Goodyear welt - the sole and upper are heat-sealed and sewn together.",black,9,in stock,man,SHODRMBLA009
37938299535530,DR MARTENS | 1461 DMC 3-EYE SHOE | BLACK SMOOTH (8 / black),http://doofinder-demo.myshopify.com/products/dr-martens-1461-dmc-3-eye-shoe-black-smooth?variant=37938299535530,https://demo-feed.doofinder.com/images/141e61b24821f6212219a381ed19ac8a.jpg,229.00,,DR MARTENS,Shoes,"Make a statement with the iconic Dr Marten's 1461Z DMC 3-Eye shoe. Stamped with Docs trademade look, this lace-up shoe is crafted with high-quality, durable smooth leather, and has been made to last. This unique shoe features an air-cushioned sole offering good abrasion and slip resistance, and is made with Goodyear welt - the sole and upper are heat-sealed and sewn together.",black,8,out of stock,man,SHODRMBLA008
37938299502762,DR MARTENS | 1461 DMC 3-EYE SHOE | BLACK SMOOTH (7 / black),http://doofinder-demo.myshopify.com/products/dr-martens-1461-dmc-3-eye-shoe-black-smooth?variant=37938299502762,https://demo-feed.doofinder.com/images/141e61b24821f6212219a381ed19ac8a.jpg,229.00,,DR MARTENS,Shoes,"Make a statement with the iconic Dr Marten's 1461Z DMC 3-Eye shoe. Stamped with Docs trademade look, this lace-up shoe is crafted with high-quality, durable smooth leather, and has been made to last. This unique shoe features an air-cushioned sole offering good abrasion and slip resistance, and is made with Goodyear welt - the sole and upper are heat-sealed and sewn together.",black,7,in stock,man,SHODRMBLA007
37938299469994,DR MARTENS | 1461 DMC 3-EYE SHOE | BLACK SMOOTH (6 / black),http://doofinder-demo.myshopify.com/products/dr-martens-1461-dmc-3-eye-shoe-black-smooth?variant=37938299469994,https://demo-feed.doofinder.com/images/141e61b24821f6212219a381ed19ac8a.jpg,229.00,,DR MARTENS,Shoes,"Make a statement with the iconic Dr Marten's 1461Z DMC 3-Eye shoe. Stamped with Docs trademade look, this lace-up shoe is crafted with high-quality, durable smooth leather, and has been made to last. This unique shoe features an air-cushioned sole offering good abrasion and slip resistance, and is made with Goodyear welt - the sole and upper are heat-sealed and sewn together.",black,6,in stock,man,SHODRMBLA006
37938299437226,DR MARTENS | 1461 DMC 3-EYE SHOE | BLACK SMOOTH (5 / black),http://doofinder-demo.myshopify.com/products/dr-martens-1461-dmc-3-eye-shoe-black-smooth?variant=37938299437226,https://demo-feed.doofinder.com/images/141e61b24821f6212219a381ed19ac8a.jpg,229.00,,DR MARTENS,Shoes,"Make a statement with the iconic Dr Marten's 1461Z DMC 3-Eye shoe. Stamped with Docs trademade look, this lace-up shoe is crafted with high-quality, durable smooth leather, and has been made to last. This unique shoe features an air-cushioned sole offering good abrasion and slip resistance, and is made with Goodyear welt - the sole and upper are heat-sealed and sewn together.",black,5,in stock,man,SHODRMBLA005
6170310541482,DR MARTENS | 1460Z DMC 8-EYE BOOT | CHERRY SMOOTH,http://doofinder-demo.myshopify.com/products/dr-martens-1460z-dmc-8-eye-boot-cherry-smooth,https://demo-feed.doofinder.com/images/633e8800dbc6dc5704b35fd027e4eeaa.jpg,249.00,,DR MARTENS,Shoes,"Make a statement with these iconic Dr Marten boots. This classic style has stood the test of time thanks to the combination of reinvented styling and the rugged yet urban look. Crafted with high-quality, durable leathers, the 1460OZ DMC 8-Eye Boot Cherry Smooth is made to last and will only get better with time. This lace-up boot features the iconic Dr Martens air-cushioned sole offering good abrasion and slip resistance, and is made with Goodyear welt - the sole and upper are heat-sealed and sewn together.",,,out of stock,man,SHODRMXXXXXX
37938300780714,DR MARTENS | 1460Z DMC 8-EYE BOOT | CHERRY SMOOTH (15 / red),http://doofinder-demo.myshopify.com/products/dr-martens-1460z-dmc-8-eye-boot-cherry-smooth?variant=37938300780714,https://demo-feed.doofinder.com/images/633e8800dbc6dc5704b35fd027e4eeaa.jpg,249.00,,DR MARTENS,Shoes,"Make a statement with these iconic Dr Marten boots. This classic style has stood the test of time thanks to the combination of reinvented styling and the rugged yet urban look. Crafted with high-quality, durable leathers, the 1460OZ DMC 8-Eye Boot Cherry Smooth is made to last and will only get better with time. This lace-up boot features the iconic Dr Martens air-cushioned sole offering good abrasion and slip resistance, and is made with Goodyear welt - the sole and upper are heat-sealed and sewn together.",red,15,in stock,man,SHODRMRED015
37938300747946,DR MARTENS | 1460Z DMC 8-EYE BOOT | CHERRY SMOOTH (13 / red),http://doofinder-demo.myshopify.com/products/dr-martens-1460z-dmc-8-eye-boot-cherry-smooth?variant=37938300747946,https://demo-feed.doofinder.com/images/633e8800dbc6dc5704b35fd027e4eeaa.jpg,249.00,,DR MARTENS,Shoes,"Make a statement with these iconic Dr Marten boots. This classic style has stood the test of time thanks to the combination of reinvented styling and the rugged yet urban look. Crafted with high-quality, durable leathers, the 1460OZ DMC 8-Eye Boot Cherry Smooth is made to last and will only get better with time. This lace-up boot features the iconic Dr Martens air-cushioned sole offering good abrasion and slip resistance, and is made with Goodyear welt - the sole and upper are heat-sealed and sewn together.",red,13,out of stock,man,SHODRMRED013
37938300715178,DR MARTENS | 1460Z DMC 8-EYE BOOT | CHERRY SMOOTH (12 / red),http://doofinder-demo.myshopify.com/products/dr-martens-1460z-dmc-8-eye-boot-cherry-smooth?variant=37938300715178,https://demo-feed.doofinder.com/images/633e8800dbc6dc5704b35fd027e4eeaa.jpg,249.00,,DR MARTENS,Shoes,"Make a statement with these iconic Dr Marten boots. This classic style has stood the test of time thanks to the combination of reinvented styling and the rugged yet urban look. Crafted with high-quality, durable leathers, the 1460OZ DMC 8-Eye Boot Cherry Smooth is made to last and will only get better with time. This lace-up boot features the iconic Dr Martens air-cushioned sole offering good abrasion and slip resistance, and is made with Goodyear welt - the sole and upper are heat-sealed and sewn together.",red,12,in stock,man,SHODRMRED012
37938300682410,DR MARTENS | 1460Z DMC 8-EYE BOOT | CHERRY SMOOTH (11 / red),http://doofinder-demo.myshopify.com/products/dr-martens-1460z-dmc-8-eye-boot-cherry-smooth?variant=37938300682410,https://demo-feed.doofinder.com/images/633e8800dbc6dc5704b35fd027e4eeaa.jpg,249.00,,DR MARTENS,Shoes,"Make a statement with these iconic Dr Marten boots. This classic style has stood the test of time thanks to the combination of reinvented styling and the rugged yet urban look. Crafted with high-quality, durable leathers, the 1460OZ DMC 8-Eye Boot Cherry Smooth is made to last and will only get better with time. This lace-up boot features the iconic Dr Martens air-cushioned sole offering good abrasion and slip resistance, and is made with Goodyear welt - the sole and upper are heat-sealed and sewn together.",red,11,in stock,man,SHODRMRED011
37938300649642,DR MARTENS | 1460Z DMC 8-EYE BOOT | CHERRY SMOOTH (10 / red),http://doofinder-demo.myshopify.com/products/dr-martens-1460z-dmc-8-eye-boot-cherry-smooth?variant=37938300649642,https://demo-feed.doofinder.com/images/633e8800dbc6dc5704b35fd027e4eeaa.jpg,249.00,,DR MARTENS,Shoes,"Make a statement with these iconic Dr Marten boots. This classic style has stood the test of time thanks to the combination of reinvented styling and the rugged yet urban look. Crafted with high-quality, durable leathers, the 1460OZ DMC 8-Eye Boot Cherry Smooth is made to last and will only get better with time. This lace-up boot features the iconic Dr Martens air-cushioned sole offering good abrasion and slip resistance, and is made with Goodyear welt - the sole and upper are heat-sealed and sewn together.",red,10,out of stock,man,SHODRMRED010
37938300616874,DR MARTENS | 1460Z DMC 8-EYE BOOT | CHERRY SMOOTH (8 / red),http://doofinder-demo.myshopify.com/products/dr-martens-1460z-dmc-8-eye-boot-cherry-smooth?variant=37938300616874,https://demo-feed.doofinder.com/images/633e8800dbc6dc5704b35fd027e4eeaa.jpg,249.00,,DR MARTENS,Shoes,"Make a statement with these iconic Dr Marten boots. This classic style has stood the test of time thanks to the combination of reinvented styling and the rugged yet urban look. Crafted with high-quality, durable leathers, the 1460OZ DMC 8-Eye Boot Cherry Smooth is made to last and will only get better with time. This lace-up boot features the iconic Dr Martens air-cushioned sole offering good abrasion and slip resistance, and is made with Goodyear welt - the sole and upper are heat-sealed and sewn together.",red,8,in stock,man,SHODRMRED008
37938300584106,DR MARTENS | 1460Z DMC 8-EYE BOOT | CHERRY SMOOTH (7 / red),http://doofinder-demo.myshopify.com/products/dr-martens-1460z-dmc-8-eye-boot-cherry-smooth?variant=37938300584106,https://demo-feed.doofinder.com/images/633e8800dbc6dc5704b35fd027e4eeaa.jpg,249.00,,DR MARTENS,Shoes,"Make a statement with these iconic Dr Marten boots. This classic style has stood the test of time thanks to the combination of reinvented styling and the rugged yet urban look. Crafted with high-quality, durable leathers, the 1460OZ DMC 8-Eye Boot Cherry Smooth is made to last and will only get better with time. This lace-up boot features the iconic Dr Martens air-cushioned sole offering good abrasion and slip resistance, and is made with Goodyear welt - the sole and upper are heat-sealed and sewn together.",red,7,in stock,man,SHODRMRED007
37938300551338,DR MARTENS | 1460Z DMC 8-EYE BOOT | CHERRY SMOOTH (6 / red),http://doofinder-demo.myshopify.com/products/dr-martens-1460z-dmc-8-eye-boot-cherry-smooth?variant=37938300551338,https://demo-feed.doofinder.com/images/633e8800dbc6dc5704b35fd027e4eeaa.jpg,249.00,,DR MARTENS,Shoes,"Make a statement with these iconic Dr Marten boots. This classic style has stood the test of time thanks to the combination of reinvented styling and the rugged yet urban look. Crafted with high-quality, durable leathers, the 1460OZ DMC 8-Eye Boot Cherry Smooth is made to last and will only get better with time. This lace-up boot features the iconic Dr Martens air-cushioned sole offering good abrasion and slip resistance, and is made with Goodyear welt - the sole and upper are heat-sealed and sewn together.",red,6,in stock,man,SHODRMRED006
37938300518570,DR MARTENS | 1460Z DMC 8-EYE BOOT | CHERRY SMOOTH (5 / red),http://doofinder-demo.myshopify.com/products/dr-martens-1460z-dmc-8-eye-boot-cherry-smooth?variant=37938300518570,https://demo-feed.doofinder.com/images/633e8800dbc6dc5704b35fd027e4eeaa.jpg,249.00,,DR MARTENS,Shoes,"Make a statement with these iconic Dr Marten boots. This classic style has stood the test of time thanks to the combination of reinvented styling and the rugged yet urban look. Crafted with high-quality, durable leathers, the 1460OZ DMC 8-Eye Boot Cherry Smooth is made to last and will only get better with time. This lace-up boot features the iconic Dr Martens air-cushioned sole offering good abrasion and slip resistance, and is made with Goodyear welt - the sole and upper are heat-sealed and sewn together.",red,5,in stock,man,SHODRMRED005
37938300485802,DR MARTENS | 1460Z DMC 8-EYE BOOT | CHERRY SMOOTH (4 / red),http://doofinder-demo.myshopify.com/products/dr-martens-1460z-dmc-8-eye-boot-cherry-smooth?variant=37938300485802,https://demo-feed.doofinder.com/images/633e8800dbc6dc5704b35fd027e4eeaa.jpg,249.00,175.31,DR MARTENS,Shoes,"Make a statement with these iconic Dr Marten boots. This classic style has stood the test of time thanks to the combination of reinvented styling and the rugged yet urban look. Crafted with high-quality, durable leathers, the 1460OZ DMC 8-Eye Boot Cherry Smooth is made to last and will only get better with time. This lace-up boot features the iconic Dr Martens air-cushioned sole offering good abrasion and slip resistance, and is made with Goodyear welt - the sole and upper are heat-sealed and sewn together.",red,4,in stock,man,SHODRMRED004
37938300453034,DR MARTENS | 1460Z DMC 8-EYE BOOT | CHERRY SMOOTH (3 / red),http://doofinder-demo.myshopify.com/products/dr-martens-1460z-dmc-8-eye-boot-cherry-smooth?variant=37938300453034,https://demo-feed.doofinder.com/images/633e8800dbc6dc5704b35fd027e4eeaa.jpg,249.00,,DR MARTENS,Shoes,"Make a statement with these iconic Dr Marten boots. This classic style has stood the test of time thanks to the combination of reinvented styling and the rugged yet urban look. Crafted with high-quality, durable leathers, the 1460OZ DMC 8-Eye Boot Cherry Smooth is made to last and will only get better with time. This lace-up boot features the iconic Dr Martens air-cushioned sole offering good abrasion and slip resistance, and is made with Goodyear welt - the sole and upper are heat-sealed and sewn together.",red,3,in stock,man,SHODRMRED003
6170310967466,HERSCHEL | IONA,http://doofinder-demo.myshopify.com/products/herschel-iona,https://demo-feed.doofinder.com/images/995988006b97471478db3371d573bfaf.jpg,119.95,,HERSCHEL,Accessories,"Featuring a cinch closure concealed by a slender top flap, the Iona backpack unites everyday practicality with clean design.",,,in stock,unisex,ACCHERXXXXXX
37938303172778,HERSCHEL | IONA (OS / black),http://doofinder-demo.myshopify.com/products/herschel-iona?variant=37938303172778,https://demo-feed.doofinder.com/images/995988006b97471478db3371d573bfaf.jpg,119.95,,HERSCHEL,Accessories,"Featuring a cinch closure concealed by a slender top flap, the Iona backpack unites everyday practicality with clean design.",black,OS,in stock,unisex,ACCHERBLAXXX
37938294194346,PALLADIUM | PALLATECH HI TX | CHEVRON (9 / red),http://doofinder-demo.myshopify.com/products/palladium-pallatech-hi-tx-chevron?variant=37938294194346,https://demo-feed.doofinder.com/images/09ba62adafa6de79108792f1e5467f6e.jpg,159.95,,PALLADIUM,Shoes,"The Palladium iconic classic receives a subtle, yet stylish update. The Pallatech Hi TX features a full grain leather upper with cotton canvas and soft cuff around the collar, providing even more comfort. The boot is finished with a single-unit molded rubber outsole, offering excellent traction while exploring your city. The EVA-cushioned footbed and hugging heel cup cradle the foot for lasting support.",red,9,in stock,man,SHOPALRED009
6170310803626,NIKE | TODDLER ROSHE ONE,http://doofinder-demo.myshopify.com/products/nike-toddler-roshe-one,https://demo-feed.doofinder.com/images/0ea90fb43c087d165cbf985098cc951e.jpg,70.00,52.21,NIKE,Shoes,"The Nike Roshe One Infant Shoe offers breathable comfort and soft yet durable cushioning with a mesh upper and Phylon midsole that doubles as an outsole. The shoe is intended to be versatile, worn with or without socks, dressed up or down, for walking or just taking it easy.",,,out of stock,kids,SHONIKXXXXXX
37938302550186,NIKE | TODDLER ROSHE ONE (7 / black),http://doofinder-demo.myshopify.com/products/nike-toddler-roshe-one?variant=37938302550186,https://demo-feed.doofinder.com/images/0ea90fb43c087d165cbf985098cc951e.jpg,70.00,,NIKE,Shoes,"The Nike Roshe One Infant Shoe offers breathable comfort and soft yet durable cushioning with a mesh upper and Phylon midsole that doubles as an outsole. The shoe is intended to be versatile, worn with or without socks, dressed up or down, for walking or just taking it easy.",black,7,out of stock,kids,SHONIKBLA007
37938302517418,NIKE | TODDLER ROSHE ONE (4 / black),http://doofinder-demo.myshopify.com/products/nike-toddler-roshe-one?variant=37938302517418,https://demo-feed.doofinder.com/images/0ea90fb43c087d165cbf985098cc951e.jpg,70.00,,NIKE,Shoes,"The Nike Roshe One Infant Shoe offers breathable comfort and soft yet durable cushioning with a mesh upper and Phylon midsole that doubles as an outsole. The shoe is intended to be versatile, worn with or without socks, dressed up or down, for walking or just taking it easy.",black,4,in stock,kids,SHONIKBLA004
6170311065770,NIKE | SWOOSH PRO FLAT PEAK CAP,http://doofinder-demo.myshopify.com/products/nike-swoosh-pro-flat-peak-cap,https://demo-feed.doofinder.com/images/58262e66c5e9731050280eb16880d5a4.jpg,30.00,27.45,NIKE,Accessories,The Nike Swoosh Pro Flat Snapback features an embroidered logo for style and wool construction with an adjustable closure for a comfortable fit.,,,out of stock,woman,ACCNIKXXXXXX
37938304254122,NIKE | SWOOSH PRO FLAT PEAK CAP (OS / white),http://doofinder-demo.myshopify.com/products/nike-swoosh-pro-flat-peak-cap?variant=37938304254122,https://demo-feed.doofinder.com/images/58262e66c5e9731050280eb16880d5a4.jpg,30.00,17.50,NIKE,Accessories,The Nike Swoosh Pro Flat Snapback features an embroidered logo for style and wool construction with an adjustable closure for a comfortable fit.,white,OS,in stock,woman,ACCNIKWHIXXX
6170310377642,NIKE | CRACKLE PRINT TB TEE,http://doofinder-demo.myshopify.com/products/nike-crackle-print-tb-tee,https://demo-feed.doofinder.com/images/62a3dd0421fc5ccf4df6815b3694d734.jpg,40.00,,NIKE,T-Shirts,"Meet your new favorite tee, the Nike Crackle Print T-Shirt. Bringing its A-game in soft, premium fabric, it features a ribbed crew neck and a woven Nike label on the hem.",,,in stock,unisex,TSHNIKXXXXXX
37938299338922,NIKE | CRACKLE PRINT TB TEE (xl / blue),http://doofinder-demo.myshopify.com/products/nike-crackle-print-tb-tee?variant=37938299338922,https://demo-feed.doofinder.com/images/62a3dd0421fc5ccf4df6815b3694d734.jpg,40.00,,NIKE,T-Shirts,"Meet your new favorite tee, the Nike Crackle Print T-Shirt. Bringing its A-game in soft, premium fabric, it features a ribbed crew neck and a woven Nike label on the hem.",blue,xl,in stock,unisex,TSHNIKBLUXXX
37938299306154,NIKE | CRACKLE PRINT TB TEE (l / blue),http://doofinder-demo.myshopify.com/products/nike-crackle-print-tb-tee?variant=37938299306154,https://demo-feed.doofinder.com/images/62a3dd0421fc5ccf4df6815b3694d734.jpg,40.00,,NIKE,T-Shirts,"Meet your new favorite tee, the Nike Crackle Print T-Shirt. Bringing its A-game in soft, premium fabric, it features a ribbed crew neck and a woven Nike label on the hem.",blue,l,in stock,unisex,TSHNIKBLUXXX
37938299273386,NIKE | CRACKLE PRINT TB TEE (m / blue),http://doofinder-demo.myshopify.com/products/nike-crackle-print-tb-tee?variant=37938299273386,https://demo-feed.doofinder.com/images/62a3dd0421fc5ccf4df6815b3694d734.jpg,40.00,,NIKE,T-Shirts,"Meet your new favorite tee, the Nike Crackle Print T-Shirt. Bringing its A-game in soft, premium fabric, it features a ribbed crew neck and a woven Nike label on the hem.",blue,m,in stock,unisex,TSHNIKBLUXXX
37938299240618,NIKE | CRACKLE PRINT TB TEE (s / blue),http://doofinder-demo.myshopify.com/products/nike-crackle-print-tb-tee?variant=37938299240618,https://demo-feed.doofinder.com/images/62a3dd0421fc5ccf4df6815b3694d734.jpg,40.00,,NIKE,T-Shirts,"Meet your new favorite tee, the Nike Crackle Print T-Shirt. Bringing its A-game in soft, premium fabric, it features a ribbed crew neck and a woven Nike label on the hem.",blue,s,out of stock,unisex,TSHNIKBLUXXX
37938293113002,VANS | ERA 59 MOROCCAN | GEO/DRESS BLUES (13 / blue),http://doofinder-demo.myshopify.com/products/vans-era-59-moroccan-geo-dress-blues?variant=37938293113002,https://demo-feed.doofinder.com/images/7902bf65776d504e75f86c8e8781d802.jpg,119.95,94.16,VANS,Shoes,"Vans are a staple in skate culture and street style, and the Vans Era 59 is no exception. This classic lace-up skate shoe is focused on ultimate comfort and cool. Constructed from canvas with leather accents which sets it apart from the original Era, it features a soft footbed, double stitched vamp, a padded tongue and lining, as well as Vans' signature waffle sole.",blue,13,out of stock,unisex,SHOVANBLU013
37938293080234,VANS | ERA 59 MOROCCAN | GEO/DRESS BLUES (10 / blue),http://doofinder-demo.myshopify.com/products/vans-era-59-moroccan-geo-dress-blues?variant=37938293080234,https://demo-feed.doofinder.com/images/7902bf65776d504e75f86c8e8781d802.jpg,119.95,,VANS,Shoes,"Vans are a staple in skate culture and street style, and the Vans Era 59 is no exception. This classic lace-up skate shoe is focused on ultimate comfort and cool. Constructed from canvas with leather accents which sets it apart from the original Era, it features a soft footbed, double stitched vamp, a padded tongue and lining, as well as Vans' signature waffle sole.",blue,10,in stock,unisex,SHOVANBLU010
37938293047466,VANS | ERA 59 MOROCCAN | GEO/DRESS BLUES (9 / blue),http://doofinder-demo.myshopify.com/products/vans-era-59-moroccan-geo-dress-blues?variant=37938293047466,https://demo-feed.doofinder.com/images/7902bf65776d504e75f86c8e8781d802.jpg,119.95,,VANS,Shoes,"Vans are a staple in skate culture and street style, and the Vans Era 59 is no exception. This classic lace-up skate shoe is focused on ultimate comfort and cool. Constructed from canvas with leather accents which sets it apart from the original Era, it features a soft footbed, double stitched vamp, a padded tongue and lining, as well as Vans' signature waffle sole.",blue,9,in stock,unisex,SHOVANBLU009
37938293014698,VANS | ERA 59 MOROCCAN | GEO/DRESS BLUES (8 / blue),http://doofinder-demo.myshopify.com/products/vans-era-59-moroccan-geo-dress-blues?variant=37938293014698,https://demo-feed.doofinder.com/images/7902bf65776d504e75f86c8e8781d802.jpg,119.95,,VANS,Shoes,"Vans are a staple in skate culture and street style, and the Vans Era 59 is no exception. This classic lace-up skate shoe is focused on ultimate comfort and cool. Constructed from canvas with leather accents which sets it apart from the original Era, it features a soft footbed, double stitched vamp, a padded tongue and lining, as well as Vans' signature waffle sole.",blue,8,in stock,unisex,SHOVANBLU008
6170310901930,VANS APPAREL AND ACCESSORIES | CLASSIC SUPER NO SHOW SOCKS 3 PACK WHITE,http://doofinder-demo.myshopify.com/products/vans-apparel-and-accessories-classic-super-no-show-socks-3-pack-white,https://demo-feed.doofinder.com/images/ccba62c19289e4b5f14b180c05836614.jpg,19.95,,VANS,Accessories,The classic super no show socks are for all your low top shoes like Classic Slip-Ons. These socks are designed to stay hidden under your shoes for an athletic look with either jeans or shorts. Thin walled breathable cotton/nylon blend.,,,in stock,unisex,ACCVANXXXXXX
37938302779562,VANS APPAREL AND ACCESSORIES | CLASSIC SUPER NO SHOW SOCKS 3 PACK WHITE (9.5-13 / white),http://doofinder-demo.myshopify.com/products/vans-apparel-and-accessories-classic-super-no-show-socks-3-pack-white?variant=37938302779562,https://demo-feed.doofinder.com/images/ccba62c19289e4b5f14b180c05836614.jpg,19.95,,VANS,Accessories,The classic super no show socks are for all your low top shoes like Classic Slip-Ons. These socks are designed to stay hidden under your shoes for an athletic look with either jeans or shorts. Thin walled breathable cotton/nylon blend.,white,9.5-13,out of stock,unisex,ACCVANWHIXXX
6170310312106,TIMBERLAND | MENS 6 INCH PREMIUM BOOT,http://doofinder-demo.myshopify.com/products/timberland-mens-6-inch-premium-boot,https://demo-feed.doofinder.com/images/d610851e0277cdfbe3402e03be2effd2.jpg,299.95,226.37,TIMBERLAND,Shoes,"Timberland has been refining their craft of producing hard-wearing boots for decades. The 6-Inch Premium Waterproof Boot (or Wheat Boot) is the original men's Timberland boot and was first designed nearly 40 years ago. Continuous improvements to the design and construction, such as the addition of Timberland's exclusive anti-fatigue technology for all day comfort, has cemented these boots as a sturdy and dependable staple in anyone's shoe collection. The premium waterproof leather, seam-sealed construction and rugged lug outsoles provides long-lasting durability and comfort to help you get through any environmental conditions and adventure. An absolute must-have.",,,out of stock,woman,SHOTIMXXXXXX
37938298945706,TIMBERLAND | MENS 6 INCH PREMIUM BOOT (15 / yellow),http://doofinder-demo.myshopify.com/products/timberland-mens-6-inch-premium-boot?variant=37938298945706,https://demo-feed.doofinder.com/images/d610851e0277cdfbe3402e03be2effd2.jpg,299.95,,TIMBERLAND,Shoes,"Timberland has been refining their craft of producing hard-wearing boots for decades. The 6-Inch Premium Waterproof Boot (or Wheat Boot) is the original men's Timberland boot and was first designed nearly 40 years ago. Continuous improvements to the design and construction, such as the addition of Timberland's exclusive anti-fatigue technology for all day comfort, has cemented these boots as a sturdy and dependable staple in anyone's shoe collection. The premium waterproof leather, seam-sealed construction and rugged lug outsoles provides long-lasting durability and comfort to help you get through any environmental conditions and adventure. An absolute must-have.",yellow,15,in stock,woman,SHOTIMYEL015
37938298912938,TIMBERLAND | MENS 6 INCH PREMIUM BOOT (14 / yellow),http://doofinder-demo.myshopify.com/products/timberland-mens-6-inch-premium-boot?variant=37938298912938,https://demo-feed.doofinder.com/images/d610851e0277cdfbe3402e03be2effd2.jpg,299.95,,TIMBERLAND,Shoes,"Timberland has been refining their craft of producing hard-wearing boots for decades. The 6-Inch Premium Waterproof Boot (or Wheat Boot) is the original men's Timberland boot and was first designed nearly 40 years ago. Continuous improvements to the design and construction, such as the addition of Timberland's exclusive anti-fatigue technology for all day comfort, has cemented these boots as a sturdy and dependable staple in anyone's shoe collection. The premium waterproof leather, seam-sealed construction and rugged lug outsoles provides long-lasting durability and comfort to help you get through any environmental conditions and adventure. An absolute must-have.",yellow,14,in stock,woman,SHOTIMYEL014
37938298847402,TIMBERLAND | MENS 6 INCH PREMIUM BOOT (13 / yellow),http://doofinder-demo.myshopify.com/products/timberland-mens-6-inch-premium-boot?variant=37938298847402,https://demo-feed.doofinder.com/images/d610851e0277cdfbe3402e03be2effd2.jpg,299.95,274.81,TIMBERLAND,Shoes,"Timberland has been refining their craft of producing hard-wearing boots for decades. The 6-Inch Premium Waterproof Boot (or Wheat Boot) is the original men's Timberland boot and was first designed nearly 40 years ago. Continuous improvements to the design and construction, such as the addition of Timberland's exclusive anti-fatigue technology for all day comfort, has cemented these boots as a sturdy and dependable staple in anyone's shoe collection. The premium waterproof leather, seam-sealed construction and rugged lug outsoles provides long-lasting durability and comfort to help you get through any environmental conditions and adventure. An absolute must-have.",yellow,13,in stock,woman,SHOTIMYEL013
37938298781866,TIMBERLAND | MENS 6 INCH PREMIUM BOOT (12 / yellow),http://doofinder-demo.myshopify.com/products/timberland-mens-6-inch-premium-boot?variant=37938298781866,https://demo-feed.doofinder.com/images/d610851e0277cdfbe3402e03be2effd2.jpg,299.95,,TIMBERLAND,Shoes,"Timberland has been refining their craft of producing hard-wearing boots for decades. The 6-Inch Premium Waterproof Boot (or Wheat Boot) is the original men's Timberland boot and was first designed nearly 40 years ago. Continuous improvements to the design and construction, such as the addition of Timberland's exclusive anti-fatigue technology for all day comfort, has cemented these boots as a sturdy and dependable staple in anyone's shoe collection. The premium waterproof leather, seam-sealed construction and rugged lug outsoles provides long-lasting durability and comfort to help you get through any environmental conditions and adventure. An absolute must-have.",yellow,12,in stock,woman,SHOTIMYEL012
37938298716330,TIMBERLAND | MENS 6 INCH PREMIUM BOOT (11 / yellow),http://doofinder-demo.myshopify.com/products/timberland-mens-6-inch-premium-boot?variant=37938298716330,https://demo-feed.doofinder.com/images/d610851e0277cdfbe3402e03be2effd2.jpg,299.95,,TIMBERLAND,Shoes,"Timberland has been refining their craft of producing hard-wearing boots for decades. The 6-Inch Premium Waterproof Boot (or Wheat Boot) is the original men's Timberland boot and was first designed nearly 40 years ago. Continuous improvements to the design and construction, such as the addition of Timberland's exclusive anti-fatigue technology for all day comfort, has cemented these boots as a sturdy and dependable staple in anyone's shoe collection. The premium waterproof leather, seam-sealed construction and rugged lug outsoles provides long-lasting durability and comfort to help you get through any environmental conditions and adventure. An absolute must-have.",yellow,11,out of stock,woman,SHOTIMYEL011
37938298683562,TIMBERLAND | MENS 6 INCH PREMIUM BOOT (10 / yellow),http://doofinder-demo.myshopify.com/products/timberland-mens-6-inch-premium-boot?variant=37938298683562,https://demo-feed.doofinder.com/images/d610851e0277cdfbe3402e03be2effd2.jpg,299.95,,TIMBERLAND,Shoes,"Timberland has been refining their craft of producing hard-wearing boots for decades. The 6-Inch Premium Waterproof Boot (or Wheat Boot) is the original men's Timberland boot and was first designed nearly 40 years ago. Continuous improvements to the design and construction, such as the addition of Timberland's exclusive anti-fatigue technology for all day comfort, has cemented these boots as a sturdy and dependable staple in anyone's shoe collection. The premium waterproof leather, seam-sealed construction and rugged lug outsoles provides long-lasting durability and comfort to help you get through any environmental conditions and adventure. An absolute must-have.",yellow,10,in stock,woman,SHOTIMYEL010
37938298618026,TIMBERLAND | MENS 6 INCH PREMIUM BOOT (9 / yellow),http://doofinder-demo.myshopify.com/products/timberland-mens-6-inch-premium-boot?variant=37938298618026,https://demo-feed.doofinder.com/images/d610851e0277cdfbe3402e03be2effd2.jpg,299.95,,TIMBERLAND,Shoes,"Timberland has been refining their craft of producing hard-wearing boots for decades. The 6-Inch Premium Waterproof Boot (or Wheat Boot) is the original men's Timberland boot and was first designed nearly 40 years ago. Continuous improvements to the design and construction, such as the addition of Timberland's exclusive anti-fatigue technology for all day comfort, has cemented these boots as a sturdy and dependable staple in anyone's shoe collection. The premium waterproof leather, seam-sealed construction and rugged lug outsoles provides long-lasting durability and comfort to help you get through any environmental conditions and adventure. An absolute must-have.",yellow,9,in stock,woman,SHOTIMYEL009
37938298585258,TIMBERLAND | MENS 6 INCH PREMIUM BOOT (8 / yellow),http://doofinder-demo.myshopify.com/products/timberland-mens-6-inch-premium-boot?variant=37938298585258,https://demo-feed.doofinder.com/images/d610851e0277cdfbe3402e03be2effd2.jpg,299.95,,TIMBERLAND,Shoes,"Timberland has been refining their craft of producing hard-wearing boots for decades. The 6-Inch Premium Waterproof Boot (or Wheat Boot) is the original men's Timberland boot and was first designed nearly 40 years ago. Continuous improvements to the design and construction, such as the addition of Timberland's exclusive anti-fatigue technology for all day comfort, has cemented these boots as a sturdy and dependable staple in anyone's shoe collection. The premium waterproof leather, seam-sealed construction and rugged lug outsoles provides long-lasting durability and comfort to help you get through any environmental conditions and adventure. An absolute must-have.",yellow,8,out of stock,woman,SHOTIMYEL008
37938298486954,TIMBERLAND | MENS 6 INCH PREMIUM BOOT (7 / yellow),http://doofinder-demo.myshopify.com/products/timberland-mens-6-inch-premium-boot?variant=37938298486954,https://demo-feed.doofinder.com/images/d610851e0277cdfbe3402e03be2effd2.jpg,299.95,,TIMBERLAND,Shoes,"Timberland has been refining their craft of producing hard-wearing boots for decades. The 6-Inch Premium Waterproof Boot (or Wheat Boot) is the original men's Timberland boot and was first designed nearly 40 years ago. Continuous improvements to the design and construction, such as the addition of Timberland's exclusive anti-fatigue technology for all day comfort, has cemented these boots as a sturdy and dependable staple in anyone's shoe collection. The premium waterproof leather, seam-sealed construction and rugged lug outsoles provides long-lasting durability and comfort to help you get through any environmental conditions and adventure. An absolute must-have.",yellow,7,out of stock,woman,SHOTIMYEL007
6170309689514,SUPRA | MENS VAIDER,http://doofinder-demo.myshopify.com/products/supra-mens-vaider,https://demo-feed.doofinder.com/images/401f6d6c355012d9eb8749feda025256.jpg,169.95,117.90,SUPRA,Shoes,Supra introduces the Vaider. A stylishly designed high top upper on a vulcanized sole that supplies excellent traction and board feel. A padded collar and tongue lining provide superior comfort,,,in stock,man,SHOSUPXXXXXX
37938295079082,SUPRA | MENS VAIDER (12 / gray),http://doofinder-demo.myshopify.com/products/supra-mens-vaider?variant=37938295079082,https://demo-feed.doofinder.com/images/401f6d6c355012d9eb8749feda025256.jpg,169.95,,SUPRA,Shoes,Supra introduces the Vaider. A stylishly designed high top upper on a vulcanized sole that supplies excellent traction and board feel. A padded collar and tongue lining provide superior comfort,gray,12,in stock,man,SHOSUPGRA012
37938295046314,SUPRA | MENS VAIDER (11 / gray),http://doofinder-demo.myshopify.com/products/supra-mens-vaider?variant=37938295046314,https://demo-feed.doofinder.com/images/401f6d6c355012d9eb8749feda025256.jpg,169.95,,SUPRA,Shoes,Supra introduces the Vaider. A stylishly designed high top upper on a vulcanized sole that supplies excellent traction and board feel. A padded collar and tongue lining provide superior comfort,gray,11,in stock,man,SHOSUPGRA011
37938295013546,SUPRA | MENS VAIDER (10 / gray),http://doofinder-demo.myshopify.com/products/supra-mens-vaider?variant=37938295013546,https://demo-feed.doofinder.com/images/401f6d6c355012d9eb8749feda025256.jpg,169.95,,SUPRA,Shoes,Supra introduces the Vaider. A stylishly designed high top upper on a vulcanized sole that supplies excellent traction and board feel. A padded collar and tongue lining provide superior comfort,gray,10,out of stock,man,SHOSUPGRA010
37938294980778,SUPRA | MENS VAIDER (9 / gray),http://doofinder-demo.myshopify.com/products/supra-mens-vaider?variant=37938294980778,https://demo-feed.doofinder.com/images/401f6d6c355012d9eb8749feda025256.jpg,169.95,,SUPRA,Shoes,Supra introduces the Vaider. A stylishly designed high top upper on a vulcanized sole that supplies excellent traction and board feel. A padded collar and tongue lining provide superior comfort,gray,9,in stock,man,SHOSUPGRA009
6170309558442,PUMA | SUEDE CLASSIC REGAL,http://doofinder-demo.myshopify.com/products/puma-suede-classic-regal,https://demo-feed.doofinder.com/images/e7a2b189514d134630552681e4c8bc07.jpg,110.00,,PUMA,Shoes,"First introduced in 1968, the Puma Suede Classic is Puma's most epic sneaker with its athletic inspired design and smooth suede. The Puma Suede Classic Regal Red/White is constructed with a suede upper and contrasting low profile rubber sole, and fat laces, the classic continues to make its mark on the streets today.",,,in stock,woman,SHOPUMXXXXXX
37938294489258,PUMA | SUEDE CLASSIC REGAL (8 / red),http://doofinder-demo.myshopify.com/products/puma-suede-classic-regal?variant=37938294489258,https://demo-feed.doofinder.com/images/e7a2b189514d134630552681e4c8bc07.jpg,110.00,,PUMA,Shoes,"First introduced in 1968, the Puma Suede Classic is Puma's most epic sneaker with its athletic inspired design and smooth suede. The Puma Suede Classic Regal Red/White is constructed with a suede upper and contrasting low profile rubber sole, and fat laces, the classic continues to make its mark on the streets today.",red,8,in stock,woman,SHOPUMRED008
37938294456490,PUMA | SUEDE CLASSIC REGAL (7 / red),http://doofinder-demo.myshopify.com/products/puma-suede-classic-regal?variant=37938294456490,https://demo-feed.doofinder.com/images/e7a2b189514d134630552681e4c8bc07.jpg,110.00,,PUMA,Shoes,"First introduced in 1968, the Puma Suede Classic is Puma's most epic sneaker with its athletic inspired design and smooth suede. The Puma Suede Classic Regal Red/White is constructed with a suede upper and contrasting low profile rubber sole, and fat laces, the classic continues to make its mark on the streets today.",red,7,in stock,woman,SHOPUMRED007
37938294423722,PUMA | SUEDE CLASSIC REGAL (6 / red),http://doofinder-demo.myshopify.com/products/puma-suede-classic-regal?variant=37938294423722,https://demo-feed.doofinder.com/images/e7a2b189514d134630552681e4c8bc07.jpg,110.00,,PUMA,Shoes,"First introduced in 1968, the Puma Suede Classic is Puma's most epic sneaker with its athletic inspired design and smooth suede. The Puma Suede Classic Regal Red/White is constructed with a suede upper and contrasting low profile rubber sole, and fat laces, the classic continues to make its mark on the streets today.",red,6,in stock,woman,SHOPUMRED006
37938294390954,PUMA | SUEDE CLASSIC REGAL (5 / red),http://doofinder-demo.myshopify.com/products/puma-suede-classic-regal?variant=37938294390954,https://demo-feed.doofinder.com/images/e7a2b189514d134630552681e4c8bc07.jpg,110.00,,PUMA,Shoes,"First introduced in 1968, the Puma Suede Classic is Puma's most epic sneaker with its athletic inspired design and smooth suede. The Puma Suede Classic Regal Red/White is constructed with a suede upper and contrasting low profile rubber sole, and fat laces, the classic continues to make its mark on the streets today.",red,5,in stock,woman,SHOPUMRED005
6170309492906,PALLADIUM | PALLATECH HI TX | CHEVRON,http://doofinder-demo.myshopify.com/products/palladium-pallatech-hi-tx-chevron,https://demo-feed.doofinder.com/images/09ba62adafa6de79108792f1e5467f6e.jpg,159.95,136.37,PALLADIUM,Shoes,"The Palladium iconic classic receives a subtle, yet stylish update. The Pallatech Hi TX features a full grain leather upper with cotton canvas and soft cuff around the collar, providing even more comfort. The boot is finished with a single-unit molded rubber outsole, offering excellent traction while exploring your city. The EVA-cushioned footbed and hugging heel cup cradle the foot for lasting support.",,,out of stock,man,SHOPALXXXXXX
37938294259882,PALLADIUM | PALLATECH HI TX | CHEVRON (12 / red),http://doofinder-demo.myshopify.com/products/palladium-pallatech-hi-tx-chevron?variant=37938294259882,https://demo-feed.doofinder.com/images/09ba62adafa6de79108792f1e5467f6e.jpg,159.95,,PALLADIUM,Shoes,"The Palladium iconic classic receives a subtle, yet stylish update. The Pallatech Hi TX features a full grain leather upper with cotton canvas and soft cuff around the collar, providing even more comfort. The boot is finished with a single-unit molded rubber outsole, offering excellent traction while exploring your city. The EVA-cushioned footbed and hugging heel cup cradle the foot for lasting support.",red,12,in stock,man,SHOPALRED012
37938294227114,PALLADIUM | PALLATECH HI TX | CHEVRON (10 / red),http://doofinder-demo.myshopify.com/products/palladium-pallatech-hi-tx-chevron?variant=37938294227114,https://demo-feed.doofinder.com/images/09ba62adafa6de79108792f1e5467f6e.jpg,159.95,,PALLADIUM,Shoes,"The Palladium iconic classic receives a subtle, yet stylish update. The Pallatech Hi TX features a full grain leather upper with cotton canvas and soft cuff around the collar, providing even more comfort. The boot is finished with a single-unit molded rubber outsole, offering excellent traction while exploring your city. The EVA-cushioned footbed and hugging heel cup cradle the foot for lasting support.",red,10,in stock,man,SHOPALRED010
6170309230762,VANS |AUTHENTIC | LO PRO | BURGANDY/WHITE,http://doofinder-demo.myshopify.com/products/vans-authentic-lo-pro-burgandy-white,https://demo-feed.doofinder.com/images/9f190cba7218c819c81566bca6298c6a.jpg,99.95,72.73,VANS,Shoes,"The forefather of the Vans family, the original Vans Authentic was introduced in 1966 and nearly 4 decades later is still going strong, its popularity extending from the original fans - skaters and surfers to all sorts. Now remodeled into a low top lace-up with a slim silhouette, the Vans Authentic Lo Pro features sturdy canvas uppers with lower sidewalls, metal eyelets, and low profile mini waffle outsoles for a lightweight feel.",,,in stock,woman,SHOVANXXXXXX
37938291474602,VANS |AUTHENTIC | LO PRO | BURGANDY/WHITE (10 / burgandy),http://doofinder-demo.myshopify.com/products/vans-authentic-lo-pro-burgandy-white?variant=37938291474602,https://demo-feed.doofinder.com/images/9f190cba7218c819c81566bca6298c6a.jpg,99.95,58.03,VANS,Shoes,"The forefather of the Vans family, the original Vans Authentic was introduced in 1966 and nearly 4 decades later is still going strong, its popularity extending from the original fans - skaters and surfers to all sorts. Now remodeled into a low top lace-up with a slim silhouette, the Vans Authentic Lo Pro features sturdy canvas uppers with lower sidewalls, metal eyelets, and low profile mini waffle outsoles for a lightweight feel.",burgandy,10,in stock,woman,SHOVANBUR010
37938291441834,VANS |AUTHENTIC | LO PRO | BURGANDY/WHITE (5 / burgandy),http://doofinder-demo.myshopify.com/products/vans-authentic-lo-pro-burgandy-white?variant=37938291441834,https://demo-feed.doofinder.com/images/9f190cba7218c819c81566bca6298c6a.jpg,99.95,,VANS,Shoes,"The forefather of the Vans family, the original Vans Authentic was introduced in 1966 and nearly 4 decades later is still going strong, its popularity extending from the original fans - skaters and surfers to all sorts. Now remodeled into a low top lace-up with a slim silhouette, the Vans Authentic Lo Pro features sturdy canvas uppers with lower sidewalls, metal eyelets, and low profile mini waffle outsoles for a lightweight feel.",burgandy,5,in stock,woman,SHOVANBUR005
37938291409066,VANS |AUTHENTIC | LO PRO | BURGANDY/WHITE (4 / burgandy),http://doofinder-demo.myshopify.com/products/vans-authentic-lo-pro-burgandy-white?variant=37938291409066,https://demo-feed.doofinder.com/images/9f190cba7218c819c81566bca6298c6a.jpg,99.95,,VANS,Shoes,"The forefather of the Vans family, the original Vans Authentic was introduced in 1966 and nearly 4 decades later is still going strong, its popularity extending from the original fans - skaters and surfers to all sorts. Now remodeled into a low top lace-up with a slim silhouette, the Vans Authentic Lo Pro features sturdy canvas uppers with lower sidewalls, metal eyelets, and low profile mini waffle outsoles for a lightweight feel.",burgandy,4,in stock,woman,SHOVANBUR004
6170309394602,VANS | SK8-HI DECON (CUTOUT)| LEAVES/WHITE,http://doofinder-demo.myshopify.com/products/vans-sk8-hi-decon-cutout-leaves-white,https://demo-feed.doofinder.com/images/327cd936d9a9c409cd8b36987158013f.jpg,179.95,152.91,VANS,Shoes,The Vans Cut Out Sk8-Hi Decon brings a twist to the iconic Vans Sk8-Hi silhouette: a new deconstructed leather high-top upper with a custom die cut design that lets the material shape on its own accord without much structural constriction. It also features signature rubber waffle outsoles.,,,in stock,unisex,SHOVANXXXXXX
37938293342378,VANS | SK8-HI DECON (CUTOUT)| LEAVES/WHITE (10 / white),http://doofinder-demo.myshopify.com/products/vans-sk8-hi-decon-cutout-leaves-white?variant=37938293342378,https://demo-feed.doofinder.com/images/327cd936d9a9c409cd8b36987158013f.jpg,179.95,,VANS,Shoes,The Vans Cut Out Sk8-Hi Decon brings a twist to the iconic Vans Sk8-Hi silhouette: a new deconstructed leather high-top upper with a custom die cut design that lets the material shape on its own accord without much structural constriction. It also features signature rubber waffle outsoles.,white,10,in stock,unisex,SHOVANWHI010
37938293309610,VANS | SK8-HI DECON (CUTOUT)| LEAVES/WHITE (9 / white),http://doofinder-demo.myshopify.com/products/vans-sk8-hi-decon-cutout-leaves-white?variant=37938293309610,https://demo-feed.doofinder.com/images/327cd936d9a9c409cd8b36987158013f.jpg,179.95,,VANS,Shoes,The Vans Cut Out Sk8-Hi Decon brings a twist to the iconic Vans Sk8-Hi silhouette: a new deconstructed leather high-top upper with a custom die cut design that lets the material shape on its own accord without much structural constriction. It also features signature rubber waffle outsoles.,white,9,in stock,unisex,SHOVANWHI009
37938293276842,VANS | SK8-HI DECON (CUTOUT)| LEAVES/WHITE (8 / white),http://doofinder-demo.myshopify.com/products/vans-sk8-hi-decon-cutout-leaves-white?variant=37938293276842,https://demo-feed.doofinder.com/images/327cd936d9a9c409cd8b36987158013f.jpg,179.95,,VANS,Shoes,The Vans Cut Out Sk8-Hi Decon brings a twist to the iconic Vans Sk8-Hi silhouette: a new deconstructed leather high-top upper with a custom die cut design that lets the material shape on its own accord without much structural constriction. It also features signature rubber waffle outsoles.,white,8,in stock,unisex,SHOVANWHI008
37938293244074,VANS | SK8-HI DECON (CUTOUT)| LEAVES/WHITE (7 / white),http://doofinder-demo.myshopify.com/products/vans-sk8-hi-decon-cutout-leaves-white?variant=37938293244074,https://demo-feed.doofinder.com/images/327cd936d9a9c409cd8b36987158013f.jpg,179.95,,VANS,Shoes,The Vans Cut Out Sk8-Hi Decon brings a twist to the iconic Vans Sk8-Hi silhouette: a new deconstructed leather high-top upper with a custom die cut design that lets the material shape on its own accord without much structural constriction. It also features signature rubber waffle outsoles.,white,7,in stock,unisex,SHOVANWHI007
37938293211306,VANS | SK8-HI DECON (CUTOUT)| LEAVES/WHITE (6 / white),http://doofinder-demo.myshopify.com/products/vans-sk8-hi-decon-cutout-leaves-white?variant=37938293211306,https://demo-feed.doofinder.com/images/327cd936d9a9c409cd8b36987158013f.jpg,179.95,,VANS,Shoes,The Vans Cut Out Sk8-Hi Decon brings a twist to the iconic Vans Sk8-Hi silhouette: a new deconstructed leather high-top upper with a custom die cut design that lets the material shape on its own accord without much structural constriction. It also features signature rubber waffle outsoles.,white,6,in stock,unisex,SHOVANWHI006
37938293178538,VANS | SK8-HI DECON (CUTOUT)| LEAVES/WHITE (5 / white),http://doofinder-demo.myshopify.com/products/vans-sk8-hi-decon-cutout-leaves-white?variant=37938293178538,https://demo-feed.doofinder.com/images/327cd936d9a9c409cd8b36987158013f.jpg,179.95,,VANS,Shoes,The Vans Cut Out Sk8-Hi Decon brings a twist to the iconic Vans Sk8-Hi silhouette: a new deconstructed leather high-top upper with a custom die cut design that lets the material shape on its own accord without much structural constriction. It also features signature rubber waffle outsoles.,white,5,in stock,unisex,SHOVANWHI005
37938293145770,VANS | SK8-HI DECON (CUTOUT)| LEAVES/WHITE (4 / white),http://doofinder-demo.myshopify.com/products/vans-sk8-hi-decon-cutout-leaves-white?variant=37938293145770,https://demo-feed.doofinder.com/images/327cd936d9a9c409cd8b36987158013f.jpg,179.95,,VANS,Shoes,The Vans Cut Out Sk8-Hi Decon brings a twist to the iconic Vans Sk8-Hi silhouette: a new deconstructed leather high-top upper with a custom die cut design that lets the material shape on its own accord without much structural constriction. It also features signature rubber waffle outsoles.,white,4,in stock,unisex,SHOVANWHI004
6170309853354,VANS | SH-8 HI,http://doofinder-demo.myshopify.com/products/vans-sh-8-hi,https://demo-feed.doofinder.com/images/4e151d7b538e5aba66295f3a5d67b1f4.jpg,129.95,106.47,VANS,Shoes,"Vans are a staple in skate culture and street style, and this skate sneaker is no exception. Introduced in the early 70's, the Vans SK8 Hi was responsible for the reduced number of ankle injuries in the skating scene with the extra padded ankle support, but its popularity has grown across different cultural scenes. The Vans SK8 Hi True White is constructed from a combination of canvas and suede and features the signature side stripe detail and vulcanized waffle sole. Available in a range of colours.",,,in stock,unisex,SHOVANXXXXXX
37938296586410,VANS | SH-8 HI (14 / black),http://doofinder-demo.myshopify.com/products/vans-sh-8-hi?variant=37938296586410,https://demo-feed.doofinder.com/images/4e151d7b538e5aba66295f3a5d67b1f4.jpg,129.95,,VANS,Shoes,"Vans are a staple in skate culture and street style, and this skate sneaker is no exception. Introduced in the early 70's, the Vans SK8 Hi was responsible for the reduced number of ankle injuries in the skating scene with the extra padded ankle support, but its popularity has grown across different cultural scenes. The Vans SK8 Hi True White is constructed from a combination of canvas and suede and features the signature side stripe detail and vulcanized waffle sole. Available in a range of colours.",black,14,in stock,unisex,SHOVANBLA014
37938296553642,VANS | SH-8 HI (12 / black),http://doofinder-demo.myshopify.com/products/vans-sh-8-hi?variant=37938296553642,https://demo-feed.doofinder.com/images/4e151d7b538e5aba66295f3a5d67b1f4.jpg,129.95,,VANS,Shoes,"Vans are a staple in skate culture and street style, and this skate sneaker is no exception. Introduced in the early 70's, the Vans SK8 Hi was responsible for the reduced number of ankle injuries in the skating scene with the extra padded ankle support, but its popularity has grown across different cultural scenes. The Vans SK8 Hi True White is constructed from a combination of canvas and suede and features the signature side stripe detail and vulcanized waffle sole. Available in a range of colours.",black,12,out of stock,unisex,SHOVANBLA012
37938296520874,VANS | SH-8 HI (11 / black),http://doofinder-demo.myshopify.com/products/vans-sh-8-hi?variant=37938296520874,https://demo-feed.doofinder.com/images/4e151d7b538e5aba66295f3a5d67b1f4.jpg,129.95,83.19,VANS,Shoes,"Vans are a staple in skate culture and street style, and this skate sneaker is no exception. Introduced in the early 70's, the Vans SK8 Hi was responsible for the reduced number of ankle injuries in the skating scene with the extra padded ankle support, but its popularity has grown across different cultural scenes. The Vans SK8 Hi True White is constructed from a combination of canvas and suede and features the signature side stripe detail and vulcanized waffle sole. Available in a range of colours.",black,11,in stock,unisex,SHOVANBLA011
37938296488106,VANS | SH-8 HI (10 / black),http://doofinder-demo.myshopify.com/products/vans-sh-8-hi?variant=37938296488106,https://demo-feed.doofinder.com/images/4e151d7b538e5aba66295f3a5d67b1f4.jpg,129.95,118.85,VANS,Shoes,"Vans are a staple in skate culture and street style, and this skate sneaker is no exception. Introduced in the early 70's, the Vans SK8 Hi was responsible for the reduced number of ankle injuries in the skating scene with the extra padded ankle support, but its popularity has grown across different cultural scenes. The Vans SK8 Hi True White is constructed from a combination of canvas and suede and features the signature side stripe detail and vulcanized waffle sole. Available in a range of colours.",black,10,in stock,unisex,SHOVANBLA010
37938296455338,VANS | SH-8 HI (9 / black),http://doofinder-demo.myshopify.com/products/vans-sh-8-hi?variant=37938296455338,https://demo-feed.doofinder.com/images/4e151d7b538e5aba66295f3a5d67b1f4.jpg,129.95,,VANS,Shoes,"Vans are a staple in skate culture and street style, and this skate sneaker is no exception. Introduced in the early 70's, the Vans SK8 Hi was responsible for the reduced number of ankle injuries in the skating scene with the extra padded ankle support, but its popularity has grown across different cultural scenes. The Vans SK8 Hi True White is constructed from a combination of canvas and suede and features the signature side stripe detail and vulcanized waffle sole. Available in a range of colours.",black,9,in stock,unisex,SHOVANBLA009
37938296422570,VANS | SH-8 HI (8 / black),http://doofinder-demo.myshopify.com/products/vans-sh-8-hi?variant=37938296422570,https://demo-feed.doofinder.com/images/4e151d7b538e5aba66295f3a5d67b1f4.jpg,129.95,,VANS,Shoes,"Vans are a staple in skate culture and street style, and this skate sneaker is no exception. Introduced in the early 70's, the Vans SK8 Hi was responsible for the reduced number of ankle injuries in the skating scene with the extra padded ankle support, but its popularity has grown across different cultural scenes. The Vans SK8 Hi True White is constructed from a combination of canvas and suede and features the signature side stripe detail and vulcanized waffle sole. Available in a range of colours.",black,8,in stock,unisex,SHOVANBLA008
37938296389802,VANS | SH-8 HI (7 / black),http://doofinder-demo.myshopify.com/products/vans-sh-8-hi?variant=37938296389802,https://demo-feed.doofinder.com/images/4e151d7b538e5aba66295f3a5d67b1f4.jpg,129.95,,VANS,Shoes,"Vans are a staple in skate culture and street style, and this skate sneaker is no exception. Introduced in the early 70's, the Vans SK8 Hi was responsible for the reduced number of ankle injuries in the skating scene with the extra padded ankle support, but its popularity has grown across different cultural scenes. The Vans SK8 Hi True White is constructed from a combination of canvas and suede and features the signature side stripe detail and vulcanized waffle sole. Available in a range of colours.",black,7,in stock,unisex,SHOVANBLA007
37938296357034,VANS | SH-8 HI (6 / black),http://doofinder-demo.myshopify.com/products/vans-sh-8-hi?variant=37938296357034,https://demo-feed.doofinder.com/images/4e151d7b538e5aba66295f3a5d67b1f4.jpg,129.95,,VANS,Shoes,"Vans are a staple in skate culture and street style, and this skate sneaker is no exception. Introduced in the early 70's, the Vans SK8 Hi was responsible for the reduced number of ankle injuries in the skating scene with the extra padded ankle support, but its popularity has grown across different cultural scenes. The Vans SK8 Hi True White is constructed from a combination of canvas and suede and features the signature side stripe detail and vulcanized waffle sole. Available in a range of colours.",black,6,in stock,unisex,SHOVANBLA006
37938296324266,VANS | SH-8 HI (5 / black),http://doofinder-demo.myshopify.com/products/vans-sh-8-hi?variant=37938296324266,https://demo-feed.doofinder.com/images/4e151d7b538e5aba66295f3a5d67b1f4.jpg,129.95,113.55,VANS,Shoes,"Vans are a staple in skate culture and street style, and this skate sneaker is no exception. Introduced in the early 70's, the Vans SK8 Hi was responsible for the reduced number of ankle injuries in the skating scene with the extra padded ankle support, but its popularity has grown across different cultural scenes. The Vans SK8 Hi True White is constructed from a combination of canvas and suede and features the signature side stripe detail and vulcanized waffle sole. Available in a range of colours.",black,5,in stock,unisex,SHOVANBLA005
37938296258730,VANS | SH-8 HI (4 / black),http://doofinder-demo.myshopify.com/products/vans-sh-8-hi?variant=37938296258730,https://demo-feed.doofinder.com/images/4e151d7b538e5aba66295f3a5d67b1f4.jpg,129.95,,VANS,Shoes,"Vans are a staple in skate culture and street style, and this skate sneaker is no exception. Introduced in the early 70's, the Vans SK8 Hi was responsible for the reduced number of ankle injuries in the skating scene with the extra padded ankle support, but its popularity has grown across different cultural scenes. The Vans SK8 Hi True White is constructed from a combination of canvas and suede and features the signature side stripe detail and vulcanized waffle sole. Available in a range of colours.",black,4,out of stock,unisex,SHOVANBLA004
6170309984426,VANS | OLD SKOOL (BUTTERFLY) TRUE WHITE | BLACK,http://doofinder-demo.myshopify.com/products/vans-old-skool-butterfly-true-white-black,https://demo-feed.doofinder.com/images/cd759395d74526f72c3b0c43c91b4220.jpg,129.95,,VANS,Shoes,"Vans are a staple in skate culture and street style, and this skate sneaker is no exception. Introduced in 1977, the Vans Old Skool sneaker is a classic in the Vans collection. Full of attitude, the Old Skool is durable and lightweight, and can give the other boys in the collection a run for its money. Constructed from canvas, The Vans Old Skool features contrasting suede panels along the toe and heel, plus the iconic stripe along the side of the shoe, and sits over a chunky midsole.",,,in stock,unisex,SHOVANXXXXXX
37938296815786,VANS | OLD SKOOL (BUTTERFLY) TRUE WHITE | BLACK (9 / white),http://doofinder-demo.myshopify.com/products/vans-old-skool-butterfly-true-white-black?variant=37938296815786,https://demo-feed.doofinder.com/images/cd759395d74526f72c3b0c43c91b4220.jpg,129.95,,VANS,Shoes,"Vans are a staple in skate culture and street style, and this skate sneaker is no exception. Introduced in 1977, the Vans Old Skool sneaker is a classic in the Vans collection. Full of attitude, the Old Skool is durable and lightweight, and can give the other boys in the collection a run for its money. Constructed from canvas, The Vans Old Skool features contrasting suede panels along the toe and heel, plus the iconic stripe along the side of the shoe, and sits over a chunky midsole.",white,9,in stock,unisex,SHOVANWHI009
37938296783018,VANS | OLD SKOOL (BUTTERFLY) TRUE WHITE | BLACK (8 / white),http://doofinder-demo.myshopify.com/products/vans-old-skool-butterfly-true-white-black?variant=37938296783018,https://demo-feed.doofinder.com/images/cd759395d74526f72c3b0c43c91b4220.jpg,129.95,,VANS,Shoes,"Vans are a staple in skate culture and street style, and this skate sneaker is no exception. Introduced in 1977, the Vans Old Skool sneaker is a classic in the Vans collection. Full of attitude, the Old Skool is durable and lightweight, and can give the other boys in the collection a run for its money. Constructed from canvas, The Vans Old Skool features contrasting suede panels along the toe and heel, plus the iconic stripe along the side of the shoe, and sits over a chunky midsole.",white,8,in stock,unisex,SHOVANWHI008
37938296750250,VANS | OLD SKOOL (BUTTERFLY) TRUE WHITE | BLACK (7 / white),http://doofinder-demo.myshopify.com/products/vans-old-skool-butterfly-true-white-black?variant=37938296750250,https://demo-feed.doofinder.com/images/cd759395d74526f72c3b0c43c91b4220.jpg,129.95,,VANS,Shoes,"Vans are a staple in skate culture and street style, and this skate sneaker is no exception. Introduced in 1977, the Vans Old Skool sneaker is a classic in the Vans collection. Full of attitude, the Old Skool is durable and lightweight, and can give the other boys in the collection a run for its money. Constructed from canvas, The Vans Old Skool features contrasting suede panels along the toe and heel, plus the iconic stripe along the side of the shoe, and sits over a chunky midsole.",white,7,out of stock,unisex,SHOVANWHI007
37938296717482,VANS | OLD SKOOL (BUTTERFLY) TRUE WHITE | BLACK (6 / white),http://doofinder-demo.myshopify.com/products/vans-old-skool-butterfly-true-white-black?variant=37938296717482,https://demo-feed.doofinder.com/images/cd759395d74526f72c3b0c43c91b4220.jpg,129.95,,VANS,Shoes,"Vans are a staple in skate culture and street style, and this skate sneaker is no exception. Introduced in 1977, the Vans Old Skool sneaker is a classic in the Vans collection. Full of attitude, the Old Skool is durable and lightweight, and can give the other boys in the collection a run for its money. Constructed from canvas, The Vans Old Skool features contrasting suede panels along the toe and heel, plus the iconic stripe along the side of the shoe, and sits over a chunky midsole.",white,6,in stock,unisex,SHOVANWHI006
37938296684714,VANS | OLD SKOOL (BUTTERFLY) TRUE WHITE | BLACK (5 / white),http://doofinder-demo.myshopify.com/products/vans-old-skool-butterfly-true-white-black?variant=37938296684714,https://demo-feed.doofinder.com/images/cd759395d74526f72c3b0c43c91b4220.jpg,129.95,,VANS,Shoes,"Vans are a staple in skate culture and street style, and this skate sneaker is no exception. Introduced in 1977, the Vans Old Skool sneaker is a classic in the Vans collection. Full of attitude, the Old Skool is durable and lightweight, and can give the other boys in the collection a run for its money. Constructed from canvas, The Vans Old Skool features contrasting suede panels along the toe and heel, plus the iconic stripe along the side of the shoe, and sits over a chunky midsole.",white,5,in stock,unisex,SHOVANWHI005
37938296651946,VANS | OLD SKOOL (BUTTERFLY) TRUE WHITE | BLACK (4 / white),http://doofinder-demo.myshopify.com/products/vans-old-skool-butterfly-true-white-black?variant=37938296651946,https://demo-feed.doofinder.com/images/cd759395d74526f72c3b0c43c91b4220.jpg,129.95,,VANS,Shoes,"Vans are a staple in skate culture and street style, and this skate sneaker is no exception. Introduced in 1977, the Vans Old Skool sneaker is a classic in the Vans collection. Full of attitude, the Old Skool is durable and lightweight, and can give the other boys in the collection a run for its money. Constructed from canvas, The Vans Old Skool features contrasting suede panels along the toe and heel, plus the iconic stripe along the side of the shoe, and sits over a chunky midsole.",white,4,in stock,unisex,SHOVANWHI004
6170309820586,VANS | ERA 59 (DESERT COWBOY),http://doofinder-demo.myshopify.com/products/vans-era-59-desert-cowboy,https://demo-feed.doofinder.com/images/b6257e8a4b6a5805da251cb090a82b09.jpg,109.95,60.70,VANS,Shoes,"Vans are a staple in skate culture and street style, and the Vans Era 59 is no exception. This classic lace-up skate shoe is focused on ultimate comfort and cool. Constructed from canvas with leather accents which sets it apart from the original Era, it features a soft footbed, double stitched vamp, a padded tongue and lining, as well as Vans' signature waffle sole.",,,in stock,man,SHOVANXXXXXX
37938295996586,VANS | ERA 59 (DESERT COWBOY) (13 / light_brown),http://doofinder-demo.myshopify.com/products/vans-era-59-desert-cowboy?variant=37938295996586,https://demo-feed.doofinder.com/images/b6257e8a4b6a5805da251cb090a82b09.jpg,109.95,,VANS,Shoes,"Vans are a staple in skate culture and street style, and the Vans Era 59 is no exception. This classic lace-up skate shoe is focused on ultimate comfort and cool. Constructed from canvas with leather accents which sets it apart from the original Era, it features a soft footbed, double stitched vamp, a padded tongue and lining, as well as Vans' signature waffle sole.",light_brown,13,in stock,unisex,SHOVANLBR013
37938295963818,VANS | ERA 59 (DESERT COWBOY) (12 / light_brown),http://doofinder-demo.myshopify.com/products/vans-era-59-desert-cowboy?variant=37938295963818,https://demo-feed.doofinder.com/images/b6257e8a4b6a5805da251cb090a82b09.jpg,109.95,,VANS,Shoes,"Vans are a staple in skate culture and street style, and the Vans Era 59 is no exception. This classic lace-up skate shoe is focused on ultimate comfort and cool. Constructed from canvas with leather accents which sets it apart from the original Era, it features a soft footbed, double stitched vamp, a padded tongue and lining, as well as Vans' signature waffle sole.",light_brown,12,in stock,unisex,SHOVANLBR012
37938295931050,VANS | ERA 59 (DESERT COWBOY) (11 / light_brown),http://doofinder-demo.myshopify.com/products/vans-era-59-desert-cowboy?variant=37938295931050,https://demo-feed.doofinder.com/images/b6257e8a4b6a5805da251cb090a82b09.jpg,109.95,,VANS,Shoes,"Vans are a staple in skate culture and street style, and the Vans Era 59 is no exception. This classic lace-up skate shoe is focused on ultimate comfort and cool. Constructed from canvas with leather accents which sets it apart from the original Era, it features a soft footbed, double stitched vamp, a padded tongue and lining, as well as Vans' signature waffle sole.",light_brown,11,out of stock,unisex,SHOVANLBR011
37938295898282,VANS | ERA 59 (DESERT COWBOY) (10 / light_brown),http://doofinder-demo.myshopify.com/products/vans-era-59-desert-cowboy?variant=37938295898282,https://demo-feed.doofinder.com/images/b6257e8a4b6a5805da251cb090a82b09.jpg,109.95,91.74,VANS,Shoes,"Vans are a staple in skate culture and street style, and the Vans Era 59 is no exception. This classic lace-up skate shoe is focused on ultimate comfort and cool. Constructed from canvas with leather accents which sets it apart from the original Era, it features a soft footbed, double stitched vamp, a padded tongue and lining, as well as Vans' signature waffle sole.",light_brown,10,in stock,unisex,SHOVANLBR010
37938295865514,VANS | ERA 59 (DESERT COWBOY) (9 / light_brown),http://doofinder-demo.myshopify.com/products/vans-era-59-desert-cowboy?variant=37938295865514,https://demo-feed.doofinder.com/images/b6257e8a4b6a5805da251cb090a82b09.jpg,109.95,87.41,VANS,Shoes,"Vans are a staple in skate culture and street style, and the Vans Era 59 is no exception. This classic lace-up skate shoe is focused on ultimate comfort and cool. Constructed from canvas with leather accents which sets it apart from the original Era, it features a soft footbed, double stitched vamp, a padded tongue and lining, as well as Vans' signature waffle sole.",light_brown,9,in stock,unisex,SHOVANLBR009
6170310115498,VANS | CLASSIC SLIP-ON (PERFORATED SUEDE),http://doofinder-demo.myshopify.com/products/vans-classic-slip-on-perforated-suede,https://demo-feed.doofinder.com/images/d0fb461a3a28439eb5a45b2e2fb232bb.jpg,119.95,69.55,VANS,Shoes,"The Perforated Suede Classic Slip-On features low profile slip-on perforated suede uppers,, padded collars, elastic side accents, and signature rubber waffle outsoles.",,,in stock,woman,SHOVANXXXXXX
37938297864362,VANS | CLASSIC SLIP-ON (PERFORATED SUEDE) (9 / beige),http://doofinder-demo.myshopify.com/products/vans-classic-slip-on-perforated-suede?variant=37938297864362,https://demo-feed.doofinder.com/images/d0fb461a3a28439eb5a45b2e2fb232bb.jpg,119.95,,VANS,Shoes,"The Perforated Suede Classic Slip-On features low profile slip-on perforated suede uppers,, padded collars, elastic side accents, and signature rubber waffle outsoles.",beige,9,in stock,woman,SHOVANBEI009
37938297831594,VANS | CLASSIC SLIP-ON (PERFORATED SUEDE) (8 / beige),http://doofinder-demo.myshopify.com/products/vans-classic-slip-on-perforated-suede?variant=37938297831594,https://demo-feed.doofinder.com/images/d0fb461a3a28439eb5a45b2e2fb232bb.jpg,119.95,,VANS,Shoes,"The Perforated Suede Classic Slip-On features low profile slip-on perforated suede uppers,, padded collars, elastic side accents, and signature rubber waffle outsoles.",beige,8,in stock,woman,SHOVANBEI008
37938297798826,VANS | CLASSIC SLIP-ON (PERFORATED SUEDE) (7 / beige),http://doofinder-demo.myshopify.com/products/vans-classic-slip-on-perforated-suede?variant=37938297798826,https://demo-feed.doofinder.com/images/d0fb461a3a28439eb5a45b2e2fb232bb.jpg,119.95,109.83,VANS,Shoes,"The Perforated Suede Classic Slip-On features low profile slip-on perforated suede uppers,, padded collars, elastic side accents, and signature rubber waffle outsoles.",beige,7,in stock,woman,SHOVANBEI007
37938297766058,VANS | CLASSIC SLIP-ON (PERFORATED SUEDE) (6 / beige),http://doofinder-demo.myshopify.com/products/vans-classic-slip-on-perforated-suede?variant=37938297766058,https://demo-feed.doofinder.com/images/d0fb461a3a28439eb5a45b2e2fb232bb.jpg,119.95,,VANS,Shoes,"The Perforated Suede Classic Slip-On features low profile slip-on perforated suede uppers,, padded collars, elastic side accents, and signature rubber waffle outsoles.",beige,6,out of stock,woman,SHOVANBEI006
37938297733290,VANS | CLASSIC SLIP-ON (PERFORATED SUEDE) (5 / beige),http://doofinder-demo.myshopify.com/products/vans-classic-slip-on-perforated-suede?variant=37938297733290,https://demo-feed.doofinder.com/images/d0fb461a3a28439eb5a45b2e2fb232bb.jpg,119.95,,VANS,Shoes,"The Perforated Suede Classic Slip-On features low profile slip-on perforated suede uppers,, padded collars, elastic side accents, and signature rubber waffle outsoles.",beige,5,in stock,woman,SHOVANBEI005
37938297700522,VANS | CLASSIC SLIP-ON (PERFORATED SUEDE) (4 / beige),http://doofinder-demo.myshopify.com/products/vans-classic-slip-on-perforated-suede?variant=37938297700522,https://demo-feed.doofinder.com/images/d0fb461a3a28439eb5a45b2e2fb232bb.jpg,119.95,,VANS,Shoes,"The Perforated Suede Classic Slip-On features low profile slip-on perforated suede uppers,, padded collars, elastic side accents, and signature rubber waffle outsoles.",beige,4,in stock,woman,SHOVANBEI004
6170309263530,VANS | AUTHENTIC | (MULTI EYELETS) | GRADIENT/CRIMSON,http://doofinder-demo.myshopify.com/products/vans-authentic-multi-eyelets-gradient-crimson,https://demo-feed.doofinder.com/images/d841f71ea6845bf6005453e15a18c632.jpg,99.95,64.59,VANS,Shoes,"The forefather of the Vans family, the Vans Authentic was introduced in 1966 and nearly 4 decades later is still going strong, its popularity extending from the original fans - skaters and surfers to all sorts. The Vans Authentic is constructed from canvas and Vans' signature waffle outsole construction.",,,out of stock,woman,SHOVANXXXXXX
37938291671210,VANS | AUTHENTIC | (MULTI EYELETS) | GRADIENT/CRIMSON (9 / red),http://doofinder-demo.myshopify.com/products/vans-authentic-multi-eyelets-gradient-crimson?variant=37938291671210,https://demo-feed.doofinder.com/images/d841f71ea6845bf6005453e15a18c632.jpg,99.95,,VANS,Shoes,"The forefather of the Vans family, the Vans Authentic was introduced in 1966 and nearly 4 decades later is still going strong, its popularity extending from the original fans - skaters and surfers to all sorts. The Vans Authentic is constructed from canvas and Vans' signature waffle outsole construction.",red,9,in stock,woman,SHOVANRED009
37938291638442,VANS | AUTHENTIC | (MULTI EYELETS) | GRADIENT/CRIMSON (8 / red),http://doofinder-demo.myshopify.com/products/vans-authentic-multi-eyelets-gradient-crimson?variant=37938291638442,https://demo-feed.doofinder.com/images/d841f71ea6845bf6005453e15a18c632.jpg,99.95,,VANS,Shoes,"The forefather of the Vans family, the Vans Authentic was introduced in 1966 and nearly 4 decades later is still going strong, its popularity extending from the original fans - skaters and surfers to all sorts. The Vans Authentic is constructed from canvas and Vans' signature waffle outsole construction.",red,8,out of stock,woman,SHOVANRED008
37938291605674,VANS | AUTHENTIC | (MULTI EYELETS) | GRADIENT/CRIMSON (7 / red),http://doofinder-demo.myshopify.com/products/vans-authentic-multi-eyelets-gradient-crimson?variant=37938291605674,https://demo-feed.doofinder.com/images/d841f71ea6845bf6005453e15a18c632.jpg,99.95,,VANS,Shoes,"The forefather of the Vans family, the Vans Authentic was introduced in 1966 and nearly 4 decades later is still going strong, its popularity extending from the original fans - skaters and surfers to all sorts. The Vans Authentic is constructed from canvas and Vans' signature waffle outsole construction.",red,7,out of stock,woman,SHOVANRED007
37938291572906,VANS | AUTHENTIC | (MULTI EYELETS) | GRADIENT/CRIMSON (6 / red),http://doofinder-demo.myshopify.com/products/vans-authentic-multi-eyelets-gradient-crimson?variant=37938291572906,https://demo-feed.doofinder.com/images/d841f71ea6845bf6005453e15a18c632.jpg,99.95,,VANS,Shoes,"The forefather of the Vans family, the Vans Authentic was introduced in 1966 and nearly 4 decades later is still going strong, its popularity extending from the original fans - skaters and surfers to all sorts. The Vans Authentic is constructed from canvas and Vans' signature waffle outsole construction.",red,6,in stock,woman,SHOVANRED006
37938291540138,VANS | AUTHENTIC | (MULTI EYELETS) | GRADIENT/CRIMSON (5 / red),http://doofinder-demo.myshopify.com/products/vans-authentic-multi-eyelets-gradient-crimson?variant=37938291540138,https://demo-feed.doofinder.com/images/d841f71ea6845bf6005453e15a18c632.jpg,99.95,,VANS,Shoes,"The forefather of the Vans family, the Vans Authentic was introduced in 1966 and nearly 4 decades later is still going strong, its popularity extending from the original fans - skaters and surfers to all sorts. The Vans Authentic is constructed from canvas and Vans' signature waffle outsole construction.",red,5,out of stock,woman,SHOVANRED005
6170309329066,VANS | AUTHENTIC (BUTTERFLY) TRUE | WHITE / BLACK,http://doofinder-demo.myshopify.com/products/vans-authentic-butterfly-true-white-black,https://demo-feed.doofinder.com/images/883c6488076367d30ddd8481164ec7e2.jpg,109.95,,VANS,Shoes,"The forefather of the Vans family, the Vans Authentic was introduced in 1966 and nearly 4 decades later is still going strong, its popularity extending from the original fans - skaters and surfers to all sorts. The Vans Authentic is constructed from canvas and Vans' signature waffle outsole construction.",,,out of stock,unisex,SHOVANXXXXXX
37938292916394,VANS | AUTHENTIC (BUTTERFLY) TRUE | WHITE / BLACK (9 / white),http://doofinder-demo.myshopify.com/products/vans-authentic-butterfly-true-white-black?variant=37938292916394,https://demo-feed.doofinder.com/images/883c6488076367d30ddd8481164ec7e2.jpg,109.95,,VANS,Shoes,"The forefather of the Vans family, the Vans Authentic was introduced in 1966 and nearly 4 decades later is still going strong, its popularity extending from the original fans - skaters and surfers to all sorts. The Vans Authentic is constructed from canvas and Vans' signature waffle outsole construction.",white,9,out of stock,unisex,SHOVANWHI009
37938292883626,VANS | AUTHENTIC (BUTTERFLY) TRUE | WHITE / BLACK (8 / white),http://doofinder-demo.myshopify.com/products/vans-authentic-butterfly-true-white-black?variant=37938292883626,https://demo-feed.doofinder.com/images/883c6488076367d30ddd8481164ec7e2.jpg,109.95,,VANS,Shoes,"The forefather of the Vans family, the Vans Authentic was introduced in 1966 and nearly 4 decades later is still going strong, its popularity extending from the original fans - skaters and surfers to all sorts. The Vans Authentic is constructed from canvas and Vans' signature waffle outsole construction.",white,8,in stock,unisex,SHOVANWHI008
37938292850858,VANS | AUTHENTIC (BUTTERFLY) TRUE | WHITE / BLACK (7 / white),http://doofinder-demo.myshopify.com/products/vans-authentic-butterfly-true-white-black?variant=37938292850858,https://demo-feed.doofinder.com/images/883c6488076367d30ddd8481164ec7e2.jpg,109.95,,VANS,Shoes,"The forefather of the Vans family, the Vans Authentic was introduced in 1966 and nearly 4 decades later is still going strong, its popularity extending from the original fans - skaters and surfers to all sorts. The Vans Authentic is constructed from canvas and Vans' signature waffle outsole construction.",white,7,in stock,unisex,SHOVANWHI007
37938292818090,VANS | AUTHENTIC (BUTTERFLY) TRUE | WHITE / BLACK (6 / white),http://doofinder-demo.myshopify.com/products/vans-authentic-butterfly-true-white-black?variant=37938292818090,https://demo-feed.doofinder.com/images/883c6488076367d30ddd8481164ec7e2.jpg,109.95,,VANS,Shoes,"The forefather of the Vans family, the Vans Authentic was introduced in 1966 and nearly 4 decades later is still going strong, its popularity extending from the original fans - skaters and surfers to all sorts. The Vans Authentic is constructed from canvas and Vans' signature waffle outsole construction.",white,6,in stock,unisex,SHOVANWHI006
37938292785322,VANS | AUTHENTIC (BUTTERFLY) TRUE | WHITE / BLACK (5 / white),http://doofinder-demo.myshopify.com/products/vans-authentic-butterfly-true-white-black?variant=37938292785322,https://demo-feed.doofinder.com/images/883c6488076367d30ddd8481164ec7e2.jpg,109.95,72.74,VANS,Shoes,"The forefather of the Vans family, the Vans Authentic was introduced in 1966 and nearly 4 decades later is still going strong, its popularity extending from the original fans - skaters and surfers to all sorts. The Vans Authentic is constructed from canvas and Vans' signature waffle outsole construction.",white,5,in stock,unisex,SHOVANWHI005
37938292752554,VANS | AUTHENTIC (BUTTERFLY) TRUE | WHITE / BLACK (4 / white),http://doofinder-demo.myshopify.com/products/vans-authentic-butterfly-true-white-black?variant=37938292752554,https://demo-feed.doofinder.com/images/883c6488076367d30ddd8481164ec7e2.jpg,109.95,,VANS,Shoes,"The forefather of the Vans family, the Vans Authentic was introduced in 1966 and nearly 4 decades later is still going strong, its popularity extending from the original fans - skaters and surfers to all sorts. The Vans Authentic is constructed from canvas and Vans' signature waffle outsole construction.",white,4,in stock,unisex,SHOVANWHI004
6170309361834,VANS | ERA 59 MOROCCAN | GEO/DRESS BLUES,http://doofinder-demo.myshopify.com/products/vans-era-59-moroccan-geo-dress-blues,https://demo-feed.doofinder.com/images/7902bf65776d504e75f86c8e8781d802.jpg,119.95,101.01,VANS,Shoes,"Vans are a staple in skate culture and street style, and the Vans Era 59 is no exception. This classic lace-up skate shoe is focused on ultimate comfort and cool. Constructed from canvas with leather accents which sets it apart from the original Era, it features a soft footbed, double stitched vamp, a padded tongue and lining, as well as Vans' signature waffle sole.",,,in stock,unisex,SHOVANXXXXXX
